ID,Matrícula,Usuário,CPF,Celular,Cargo,PIS,Código de barras,Telefone,E-mail,E-mail de logs,Endereço,Bairro,Cidade,CEP,Ramal,Pai,Mâe,Sexo,Admissão,Nascimento,Estado Civil,Nacionalidade,Naturalidade,Início da Liberação,Data de Expiração,Observação
1000002,B-081,Carmem Célia Ferreira Custódio,129.211.491-68,62 3271 4672 / 62 99699 6335,,0,,,,,,,,,,,,,,,,,,,,
1000003,O-010,Edson Gondim Oliveira Neves,253.639.211-20,,,0,,,,,,,,,,,,,,,,,,,,
1000004,B-108,Elisandra Beteti Borges Brasil,198.760.928-38,011 95913 2757,,0,,,,,,,,,,,,,,,,,,,,
1000005,B-104,Gerulino Severino Alves,168.718.041-53,63 3224 2786 / 63 9283 6634,,0,,,,,,,,,,,,,,,,,,,,
1000006,A-079,Henrique De Oliveira Fernandes,634.281.561-53,62 3541 4515 / 62 98401 5368,,0,,,,,,,,,,,,,,,,,,,,
1000009,O-031,Leila Maria De Sá,268.313.331-68,62 3549 5505 / 62 99171 3373,,0,,,,,,,,,,,,,,,,,,,,
1000010,A-052,Maria Cristina Cintra,205.751.576-15,62 3996 6455 / 62 98169-8157,,0,,,,,,,,,,,,,,,,,,,,
1000013,G-055,Osmar Da Rocha Campos,023.155.991-72,69 99981 2764 / 69 99959 5455,,0,,,,,,,,,,,,,,,,,,,,
1000015,J-050,Vanessa Tavares Stefani,859.012.371-53,62 99990-9427,,0,,,,,,,,,,,,,,,,,,,,A entrada de qualquer pessoa só será liberada mediante minha expressa autorização ou do meu marido.
1000018,B-069,Marlene Pereira Da Silva Carvalho,394.605.761-68,62 3579 5873 / 62 99652-2943,,0,,,,,,,,,,,,,,,,,,,,
1000020,G-064,Cecílio Aparecido Gomes  De Assis,553.838.151-04,61 99193 9795,,0,,,,,,,,,,,,,,,,,,,,
1000023,P-083,Lourival Pereira Dos Santos,004.445.371-04,64 3942 2113 / 64 98141 9495,,0,,,,,,,,,,,,,,,,,,,,
1000024,A-041,Jair Teixeira,002.691.231-72,64 99945 2249,,0,,,,,,,,,,,,,,,,,,,,
1000032,A-042,Marcílio Fernandes gomes,083.244.761-72,,,0,,,,,,,,,,,,,,,,,,,,
1000033,A-043,Eloisa Marques Do Couto,116.446.301-25,61 3044-6481/ 61 98231-4037,,0,,,,,,,,,,,,,,,,,,,,
1000034,A-097,Elizangela Cristina Teixeira,997.248.471-87,62 3283 1172 / 62 9972 7303,,0,,,,,,,,,,,,,,,,,,,,
1000037,O-023,José  Maria Das Graças Costa,106.468.257-04,61 3487 1979 / 61 99151 1243,,0,,,,,,,,,,,,,,,,,,,,
1000038,B-067,Leonedes Camelo Lima,153.774.071-72,61 3522 4492 / 61 99139 8249,,0,,,,,,,,,,,,,,,,,,,,
1000039,B-062,Jonas Manoel Dos Santos,,61 3547 9645 / 61 9114 9645,,0,,,,,,,,,,,,,,,,,,,,
1000040,B-039,Divino Rebouças De Souza,086.080.321-04,62 3087 8673 / 62 99644 1606,,0,,,,,,,,,,,,,,,,,,,,
1000044,P-083,Marlene Gomes Dos Santos,22763414168,62 39422113,,0,,,,,,,,,,,,,,,,,,,,
1000045,P-083,Juliana Gomes Dos Santos,56687427172,62 982498335,,0,,,,,,,,,,,,,,,,,,,,
1000047,P-083,Emiliana Gomes Dos Santos,,,,0,,,,,,,,,,,,,,,,,,,,
1000048,P-083,Lorena Gomes Dos Santos,,,,0,,,,,,,,,,,,,,,,,,,,
1000049,P-083,Neide Maria Vieira Dos Santos,,,,0,,,,,,,,,,,,,,,,,,,,
1000050,A-041,Marina R. C. Teixeira,,,,0,,,,,,,,,,,,,,,,,,,,
1000051,A-041,Alexandre R. C. Teixeira,,,,0,,,,,,,,,,,,,,,,,,,,
1000052,A-041,Viviane R. C. Teixeira,,,,0,,,,,,,,,,,,,,,,,,,,
1000053,A-041,Laura Dos Anjos Teixeira,,,,0,,,,,,,,,,,,,,,,,,,,
1000054,A-041,Luca Dos Anjos Teixeira,,,,0,,,,,,,,,,,,,,,,,,,,
1000059,P-044,Bruno Cesar S. Maiuni,,,,0,,,,,,,,,,,,,,,,,,,,
1000060,G-061,Joaquim Morivaldo Dos Reis,100.564.241-91,63 3553 1029 / 63 98479 1192,,0,,,Joaquimorivaldo2010@hotmail.ccom,,,,,,,,,,,,,,,,,
1000061,J-050,Carlos Antônio Alves Figueiredo,031.390.281-05,62 99678-9529,,0,,,,,,,,,,,,,,,,,,,,
1000065,G-061,Miguel Barbosa Martins Dos Reis,,,,0,,,,,,,,,,,,,,,,,,,,
1000066,G-061,Laura Barbosa Martins Dos Reis,,,,0,,,,,,,,,,,,,,,,,,,,
1000067,G-061,Mariana Barbosa Martins Dos Reis,,,,0,,,,,,,,,,,,,,,,,,,,
1000070,G-061,Juliana Martins Dos Reis Ribeiro,846.664.201-34,62 98120-6111,,0,,,,,,,,,,,,,,,,,,,,
1000075,G-061,Elias Dos Reis Rodrigues,,,,0,,,,,,,,,,,,,,,,,,,,
1000077,G-042,Daniel Barbosa Antunes,,,,0,,,,,,,,,,,,,,,,,,,,
1000081,J-005,Ines Soares,,,,0,,,,,,,,,,,,,,,,,,,,
1000082,J-005,José Euchides de B. Marques,381.378.601-34,61-984453385,,0,,,,,,,,,,,,,,,,,,,,
1000083,J-005,Gertrudes De B. Marques,,,,0,,,,,,,,,,,,,,,,,,,,
1000084,J-005,Beatriz De B. Marques Garcez,,,,0,,,,,,,,,,,,,,,,,,,,
1000088,G-019,Galdina Maria Ferreira De Oliveira,410.213.631-20,64 9247 3799 / 61 9552 0164,,0,,,,,,,,,,,,,,,,,,,,
1000091,G-019,Viviane Alves De Oliveira,,,,0,,,,,,,,,,,,,,,,,,,,
1000094,O-067 E B-035,Irene Aparecida Tornin Almeida,,,,0,,,,,,,,,,,,,,,,,,,,
1000095,O-067 E B-035,Rodrigo Tornin Almeida,705.274.231-49,62 98117-2380,,0,,,,,,,,,,,,,,,,,,,,
1000097,O-067 E B-035,Thalita Tornin Almeida,,,,0,,,,,,,,,,,,,,,,,,,,
1000104,A-091,José Antonio Fernandes De Oliveira,334.312.641-15,64 992215100,,0,,,stjafo@gmail.com,,,,,,,,,,,,,,,,,
1000105,A-091,Amábia Lacerda Da Silva,97131571172,64 993057760,,0,,,,,,,,,,,,,,,,,,,,
1000106,A-091,Isaac Carneiro,,,,0,,,,,,,,,,,,,,,,,,,,
1000107,P-001,Hilarino Ferreira Borges,067.812.331-49,61 3562 4835 / 61 8404 4835,,0,,,,,,,,,,,,,,,,,,,,
1000110,P-001,Fabíola Alves Borges,,,,0,,,,,,,,,,,,,,,,,,,,
1000111,P-001,Jânerson Alves Borges,,,,0,,,,,,,,,,,,,,,,,,,,
1000112,P-001,Andere Alves Borges,,,,0,,,,,,,,,,,,,,,,,,,,
1000113,O-099,Marco V. Gomes,,,,0,,,,,,,,,,,,,,,,,,,,
1000114,O-099,Jane M. G. Gonçalves,57374961120,,,0,,,,,,,,,,,,,,,,,,,,
1000115,O-099,Jair V. G. Júnior,,,,0,,,,,,,,,,,,,,,,,,,,
1000116,G-055,Lucelina P. Da Silva Campos,87380226134,69 999595455,,0,,,,,,,,,,,,,,,,,,,,
1000117,G-055,Wanessa O. Da Silva Fernandes,027.782.631-44,62 98147-4167,,0,,,,,,,,,,,,,,,,,,,,
1000118,B-048,Lilian Aline De S. Santos,,,,0,,,,,,,,,,,,,,,,,,,,
1000120,B-048,Naiara De S. Santos,,,,0,,,,,,,,,,,,,,,,,,,,
1000121,B-048,Daiara De S. Santos,001.438.751-40,61 99299-9612,,0,,,,,,,,,,,,,,,,,,,,
1000123,B-048,Laisa Medeiros de Lima,,,,0,,,,,,,,,,,,,,,,,,,,
1000125,B-015,Diego Norberto Teixeira,,,,0,,,,,,,,,,,,,,,,,,,,
1000126,B-015,Ricardo R. Teixeira,,,,0,,,,,,,,,,,,,,,,,,,,
1000127,A-052,Luiz Rubens Da costa,,,,0,,,,,,,,,,,,,,,,,,,,
1000128,O-031,Marcela De Sá Ferreira,964.154.101-30,62-985542000,,0,,,,,,,,,,,,,,,,,,,,
1000129,O-031,Rodrigo De Sena Ferreira,009.183.951-35,62 98213-6744,,0,,,,,,,,,,,,,,,,,,,,
1000135,B-015,Victor Diego Gonçalves Teixeira,,,,0,,,,,,,,,,,,,,,,,,,,
1000137,B-015,Diego G. Teixeira,,,,0,,,,,,,,,,,,,,,,,,,,
1000138,B-015,Joaquim Ricardo,,,,0,,,,,,,,,,,,,,,,,,,,
1000139,B-015,Gabriella C. Lopes Teixeira,,,,0,,,,,,,,,,,,,,,,,,,,
1000140,B-015,Maria Fernanda Lopes Teixeira,,,,0,,,,,,,,,,,,,,,,,,,,
1000151,A-079,Edneusa De Paula Ferreira,694.163.031-00,62-99254 1100,,0,,,,,,,,,,,,,,,,,,,,
1000152,A-079,Nuelita Luiza Da Oliveira,323.374.341-68,62 99973-2907,,0,,,,,,,,,,,,,,,,,,,,
1000153,A-079,Charles Augusto Fernandes,,,,0,,,,,,,,,,,,,,,,,,,,
1000156,B-108,Renato Carvalho Brasil,,,,0,,,,,,,,,,,,,,,,,,,,
1000157,B-108,Julia Borges Brasil,,,,0,,,,,,,,,,,,,,,,,,,,
1000159,B-108,Helena Beteti  Borges,,,,0,,,,,,,,,,,,,,,,,,,,
1000160,O-010,ítalo Cauli Gondim,"04048740105",62 991127741,,0,,,,,,,,,,,,,,,,,,,,
1000163,B-081,Frederico A. F. Custódio,,,,0,,,,,,,,,,,,,,,,,,,,
1000164,B-081,Cláudia Ferreira Custódio,,,,0,,,,,,,,,,,,,,,,,,,,
1000166,B-081,Elieber de Jesus Silva,,,,0,,,,,,,,,,,,,,,,,,,,
1000167,B-081,Nickole Custódio E Silva,,,,0,,,,,,,,,,,,,,,,,,,,
1000168,B-081,Camila Custódio E Silva,,,,0,,,,,,,,,,,,,,,,,,,,
1000169,B-054,Célia Maria de Oliveira,,,,0,,,,,,,,,,,,,,,,,,,,
1000171,B-054,Nahianny M. Cavalcante,,,,0,,,,,,,,,,,,,,,,,,,,
1000172,B-054,Cezar A. Miranda,,,,0,,,,,,,,,,,,,,,,,,,,
1000173,B-054,Victor C. Miranda,,,,0,,,,,,,,,,,,,,,,,,,,
1000178,A-005,Alex Sandro F. Mendes,,,,0,,,,,,,,,,,,,,,,,,,,
1000218,A-042,Maria Iranete P. Coimbra,,,,0,,,,,,,,,,,,,,,,,,,,
1000219,A-042,Núbia Fernandes,,,,0,,,,,,,,,,,,,,,,,,,,
1000221,A-042,Aurélio Pinto Coimbra,967.462.971-87,62-981420058,,0,,,lecorevolution@gmail.com.br,,,,,,,,,,,,,,,,,
1000222,A-042,Kenia,,,,0,,,,,,,,,,,,,,,,,,,,
1000223,A-042,Arthur Pinto Fernandes,005.033.641-00,62 99969-5898,,0,,,,,,,,,,,,,,,,,,,,
1000227,A-042,Caio Machado M. Coimbra,,,,0,,,,,,,,,,,,,,,,,,,,
1000228,A-042,Benicîo Fernandes De Melo,,,,0,,,,,,,,,,,,,,,,,,,,
1000229,A-042,Benjamin Fernandes De Melo,,,,0,,,,,,,,,,,,,,,,,,,,
1000230,A-043,Sideria Marques Do Couto Neiva,698.035.601-15,61 99968-7440,,0,,,,,,,,,,,,,,,,,,,,
1000233,A-097,Leonardo,,,,0,,,,,,,,,,,,,,,,,,,,
1000234,A-097,Marlene Maria Dias Teixeira,,,,0,,,,,,,,,,,,,,,,,,,,
1000235,A-097,Roberto José Teixeira,,,,0,,,,,,,,,,,,,,,,,,,,
1000236,A-097,Lis Regina,,,,0,,,,,,,,,,,,,,,,,,,,
1000237,A-097,Hugo N. Teixeira,,,,0,,,,,,,,,,,,,,,,,,,,
1000238,A-097,Letícia R. Da Luz,,,,0,,,,,,,,,,,,,,,,,,,,
1000242,A-096,Kamila V. De M. campos,,,,0,,,,,,,,,,,,,,,,,,,,
1000243,A-096,Marcio Campos Rosa,,,,0,,,,,,,,,,,,,,,,,,,,
1000244,A-096,João Vitor V. Campos,,,,0,,,,,,,,,,,,,,,,,,,,
1000245,A-096,Cezio Vitorino,,,,0,,,,,,,,,,,,,,,,,,,,
1000246,A-082,Neuza Martins Veloso De Assis,"00698817150",62 32041095,,0,,,,,,,,,,,,,,,,,,,,
1000248,A-082,Jeffersson Gomes De Souza,,,,0,,,,,,,,,,,,,,,,,,,,
1000249,A-082,Ana Paula Veloso De Assis Souza,,,,0,,,,,,,,,,,,,,,,,,,,
1000250,A-082,Ana Cristina Veloso de Assis Silva,,,,0,,,,,,,,,,,,,,,,,,,,
1000254,A-082,Pedro Paulo De Assis Souza,049.924.771-00,62 99959-5205,,0,,,,,,,,,,,,,,,,,,,,
1000255,A-082,Luiz Henrique De Assis Souza,,,,0,,,,,,,,,,,,,,,,,,,,
1000256,P-040,Adriana Silva Gonçalves,99432919153,629944414343,,0,,,,,,,,,,,,,,,,,,,,
1000258,P-040,Rosana S. Gonçalves,,,,0,,,,,,,,,,,,,,,,,,,,
1000259,P-040,Augusto,,,,0,,,,,,,,,,,,,,,,,,,,
1000260,P-040,Mateus Zololi,,,,0,,,,,,,,,,,,,,,,,,,,
1000263,O-023,Elvira Das Graças Vitral Costa,,,,0,,,,,,,,,,,,,,,,,,,,
1000265,O-023,Renata Vitral Costa,,,,0,,,,,,,,,,,,,,,,,,,,
1000266,O-023,Luis Otávio Vitral Costa,,,,0,,,,,,,,,,,,,,,,,,,,
1000268,B-067,Hederson Camelo lima,71990542115,61 30346911,,0,,,,,,,,,,,,,,,,,,,,
1000269,B-067,Mariana Camelo,"02321810122",61 981095653,,0,,,,,,,,,,,,,,,,,,,,
1000275,B-067,Heitor Pereira Lima,,,,0,,,,,,,,,,,,,,,,,,,,
1000277,B-067,Victor Hugo Lopes Lima,,,,0,,,,,,,,,,,,,,,,,,,,
1000279,B-067,Carlos Eduardo Lopes Lima,,,,0,,,,,,,,,,,,,,,,,,,,
1000280,B-067,Dilermando Alvarenga Junior,"02502405130",61 981020513,,0,,,,,,,,,,,,,,,,,,,,
1000281,B-067,Bento Camelo Alvarenga,,,,0,,,,,,,,,,,,,,,,,,,,
1000282,B-062,Iars Barbosa Dos Santos,,,,0,,,,,,,,,,,,,,,,,,,,
1000283,B-062,Mayara Barbosa,,,,0,,,,,,,,,,,,,,,,,,,,
1000284,B-062,Juan Pablo Barbosa,,,,0,,,,,,,,,,,,,,,,,,,,
1000285,B-062,Rhennann Rhyann,,,,0,,,,,,,,,,,,,,,,,,,,
1000286,B-062,Ana Oliveira,,,,0,,,,,,,,,,,,,,,,,,,,
1000295,B-039,Anderson Rebouças E Cruz,,,,0,,,,,,,,,,,,,,,,,,,,
1000297,B-039,João estevam Rebouças E Cruz,013.095.131-55,62 99280-4316,,0,,,,,,,,,,,,,,,,,,,,
1000298,B-039,Estevão Rebouças De Souza,133.744.001-91,62 3225 1924 / 62 99634 4245,,0,,,,,,,,,,,,,,,,,,,,
1000299,B-039,Cleusa Ferreira Rebouças,,,,0,,,,,,,,,,,,,,,,,,,,
1000300,B-039,Ricardo F. Rebouças De Souza,"00868724190",62 985840807,,0,,,,,,,,,,,,,,,,,,,,
1000305,B-025,Eduarda Souza Resende,,,,0,,,,,,,,,,,,,,,,,,,,
1000307,B-025,Antônio Teodoro Ribeiro,,,,0,,,,,,,,,,,,,,,,,,,,
1000308,B-025,Gulliver Rezende Teodoro Ribeiro,,,,0,,,,,,,,,,,,,,,,,,,,
1000309,B-025,Sarila Rezende Ribeiro,,,,0,,,,,,,,,,,,,,,,,,,,
1000310,B-023,Helena Júlia Bezerra Da Silva,123.346.931-20,62 99118-2847,,0,,,,,,,,,,,,,,,,,,,,
1000311,B-023,Letícia Da Silva Bezerra Da Silva,000.079.241-19,62 99131-7773,,0,,,,,,,,,,,,,,,,,,,,
1000313,B-023,Leandro Reinaldo Monteiro,946.344.591-91,62 98490-6800,,0,,,,,,,,,,,,,,,,,,,,
1000314,B-023,Elielson Eustaquio Dos Santos,948.626.131-87,77 99915-1303,,0,,,,,,,,,,,,,,,,,,,,
1000315,B-015,Maria Laura,,,,0,,,,,,,,,,,,,,,,,,,,
1000320,B-069,Wandercy Carvalho Perreira,,,,0,,,,,,,,,,,,,,,,,,,,
1000321,B-069,Alfredo Luis Da Silva Carvalho,699.321.581-00,62 99613 1813,,0,,,,,,,,,,,,,,,,,,,,
1000322,B-069,Álvaro Luiz Da Silva Carvalho,,,,0,,,,,,,,,,,,,,,,,,,,
1000328,O-030,Ribamar Barbosa De Araujo,058.016.131-53,62 3774 3717 / 62 99611 8176,,0,,,,,,,,,,,,,,,,,,,,
1000331,O-030,Amanda M. Barbosa,,,,0,,,,,,,,,,,,,,,,,,,,
1000332,O-030,Edna M. De A. Barbosa,,,,0,,,,,,,,,,,,,,,,,,,,
1000333,J-013,Valéria G. Viegas Sewmizu,529.282.416-04,61 99116 7046 / 61 3345 2143,,0,,,,,,,,,,,,,,,,,,,,
1000334,J-013,Jiro Sewmizu,,,,0,,,,,,,,,,,,,,,,,,,,
1000335,J-013,Diego Viegas,,,,0,,,,,,,,,,,,,,,,,,,,
1000336,J-013,Lunna V. Sewmizu,,,,0,,,,,,,,,,,,,,,,,,,,
1000337,J-013,Amelia Pascoel,,,,0,,,,,,,,,,,,,,,,,,,,
1000338,J-013,Ana Rita,,,,0,,,,,,,,,,,,,,,,,,,,
1000339,J-013,Natália Pascoel Viegas,,,,0,,,,,,,,,,,,,,,,,,,,
1000340,J-013,Juliana P. Viegas,,,,0,,,,,,,,,,,,,,,,,,,,
1000341,J-013,Anderson Veloso,,,,0,,,,,,,,,,,,,,,,,,,,
1000342,J-013,Marcio Silva,,,,0,,,,,,,,,,,,,,,,,,,,
1000343,J-013,Edilene,,,,0,,,,,,,,,,,,,,,,,,,,
1000344,J-013,Vornei Pascoel,,,,0,,,,,,,,,,,,,,,,,,,,
1000349,O-013,Luísa M. B. Nazareth,,,,0,,,,,,,,,,,,,,,,,,,,
1000355,P-001,Walisson Do Nascimento Perônico,,,,0,,,,,,,,,,,,,,,,,,,,
1000356,P-001,Samuel Fonsenca De Castro,,,,0,,,,,,,,,,,,,,,,,,,,
1000357,P-001,Guilherme Borges,,,,0,,,,,,,,,,,,,,,,,,,,
1000358,P-001,Felipe Borges,,,,0,,,,,,,,,,,,,,,,,,,,
1000359,P-001,Gabriel Borges De Castro,,,,0,,,,,,,,,,,,,,,,,,,,
1000362,O-082,Raimundo de Lima Barros,067.036.311-15,62 3434 8523 / 62 98494 2328,,0,,,,,,,,,,,,,,,,,,,,
1000363,O-082,Iranilda Maria Menezes Barros,,,,0,,,,,,,,,,,,,,,,,,,,
1000364,O-082,Silvia Meneses Barros,,,,0,,,,,,,,,,,,,,,,,,,,
1000365,O-082,Rosângela Menezes Barros,,,,0,,,,,,,,,,,,,,,,,,,,
1000367,O-082,Marina Portela Barros,,,,0,,,,,,,,,,,,,,,,,,,,
1000368,O-082,Camila Souza Barros,,,,0,,,,,,,,,,,,,,,,,,,,
1000369,O-082,Miguel Portela Barros,,,,0,,,,,,,,,,,,,,,,,,,,
1000370,O-082,Maria Aparecida De Souza Barbosa Meneses,89002547153,62 984341807,,0,,,,,,,,,,,,,,,,,,,,
1000371,O-079,Aloísio Ferreira Dos Santos,057.995.381-53,64 99982 8303 / 62 99280 4459,,0,,,,,,,,,,,,,,,,,,,,
1000372,O-079,Maria Lúcia Ferreira Pantoja,,,,0,,,,,,,,,,,,,,,,,,,,
1000373,O-079,Anna Carolina Ferreira Pantoja Oliveira,002.342.011-18,62 98163-4540,,0,,,,,,,,,,,,,,,,,,,,
1000378,O-079,Leopoldo Oliveira,974.128.481-00,62 98127-8750,,0,,,,,,,,,,,,,,,,,,,,
1000379,O-079,Ana Karolina,,,,0,,,,,,,,,,,,,,,,,,,,
1000382,O-079,Luis Gustavo Ferreira Pantoja,,,,0,,,,,,,,,,,,,,,,,,,,
1000383,G-024,Emerson Toth,129.609.438-30,64 99330 1982 / 64 99306 0770,,0,,,scbtoth@gmail.com,,,,,,,,,,,,,,,,,
1000384,G-024,Simone C. B. Toth,,,,0,,,,,,,,,,,,,,,,,,,,
1000385,G-024,Tayná B. Toth,,,,0,,,,,,,,,,,,,,,,,,,,
1000386,G-024,Diva A. Bussi,,,,0,,,,,,,,,,,,,,,,,,,,
1000387,A-001,Maria Micheline Costa Vieira Gonssalves,,64 99608-9807,,0,,,,,,,,,,,,,,,,,,,,lote
1000390,A-004,Sulamita Oliveira Da Cunha Barros,456.123.821-20,62 3224 0712,,0,,,sulamita_cunhabarros@yahoo.com,,,,,,,,,,,,,,,,,
1000391,A-006,Irailton Gomes Modesto,153.472.731-00,61 3591 5018 / 61 99231 9555,,0,,,i.gmodesto@ig.com.br,,,,,,,,,,,,,,,,,
1000392,A-007,Jonas Gomes Rodrigues,054.909.011-87,61 3395 3063 / 61 98538 3333,,0,,,will_rodrigue@hotmail.com,,,,,,,,,,,,,,,,,
1000393,A-008, A-009, A-023 e A-039,Maria Do Socorro Braga Ramalho,059.604.601-49,61 3215 2642 / 61 3345 1005,,0,,,,,,,,,,,,,,,,,,,,
1000397,A-011,Agropecuária Terras Santas LTDA,17.920.333/0001-31,,,0,,,,,,,,,,,,,,,,,,,,
1000399,A-014,Lucélio De Melo Meireles,10261095153,62 99271 3977,,0,,,lucelio.meireles@gmail.com,,,,,,,,,,,,,,,,,
1000402,A-017,Aluízio Pereira De Sousa,732.336.258-04,13 3384 1830 / 13 99136 1490,,0,,,juniordu@uol.com.br,,,,,,,,,,,,,,,,,
1000403,A-018,Afonso Ladislau Satas,,61 3203 6580 / 61 99982 6607,,0,,,malvessatas@yahoo.com.br,,,,,,,,,,,,,,,,,
1000405,G-013 e G-018,Jose Alves Pacheco Neto,049.746.461-68,64 98143 4141,,0,,,pachecao1950@hotmail.com,,,,,,,,,,,,,,,,,
1000407,A-021,Wellington Rabelo Tolentino,,3222 0643 / 99989 2368,,0,,,tolentinot@ig.com.br,,,,,,,,,,,,,,,,,
1000411,A-028,Maria Lucia Fraga Ferreira,423.581.751-53,62 3238 2665 / 62 3241 1473,,0,,,carlosdaciano@hotmail.com,,,,,,,,,,,,,,,,,
1000412,A-030,Aparecido De Macedo Rodrigues,64 99248 8781,,,0,,,aparecidoseguros@gmail.com,,,,,,,,,,,,,,,,,
1000414,A-032,Maria Claudia Araujo De Castro,,,,0,,,claudinhalins0307@hotmail.com,,,,,,,,,,,,,,,,,
1000415,A-034,Eduardo Batista De Pacheco,014.386.486-69,34 99263 0551,,0,,,eduardopacheco_@hotmail.com,,,,,,,,,,,,,,,,,
1000419,A-038,Maria Carmem De Bessa Paiva,073.061.211-20,,,0,,,,,,,,,,,,,,,,,,,,
1000420,B-009,Mituiti Chozen,791.935.288-68,61 99667 5917,,0,,,,,,,,,,,,,,,,,,,,
1000421,B-009,Maria De Fátima Bezerra Da Trindade Mituiti,240.149.901-68,,,0,,,,,,,,,,,,,,,,,,,,
1000422,B-009,Viviane de Fátima Mituiti,,,,0,,,,,,,,,,,,,,,,,,,,
1000423,B-009,Liliane De Fátima Mituiti,"03352508151",61 982722025,,0,,,,,,,,,,,,,,,,,,,,
1000424,B-009,Luiz Eduardo Trindade Mituiti,,,,0,,,,,,,,,,,,,,,,,,,,
1000425,B-009,Daniele De Mattos Mituiti,,,,0,,,,,,,,,,,,,,,,,,,,
1000427,A-041,Melicia Castilho Da Silveira,585.381.001-49,62 3253 9642 /  61 99951 0240,,0,,,axos@uol.com.br,,,,,,,,,,,,,,,,,
1000428,G-068,Declieux Soares Ribeiro,524.756.111-20,61 3344 7736 / 61 99216 7736,,0,,,sucessocertificados@gmail.com,,,,,,,,,,,,,,,,,
1000433,O-042,Silvia Maria Coletto,130.159.778-30,11 5549 0340 / 11 99951 3752,,0,,,silvia@liberdade-contabil.com.br,,,,,,,,,,,,,,,,,
1000434,O-042,Thiago Colletto Garrido Giadans,,,,0,,,,,,,,,,,,,,,,,,,,
1000435,O-042,Natalie Coletto Garrido Giadans,,,,0,,,,,,,,,,,,,,,,,,,,
1000436,O-042,Helio Coletto,,,,0,,,,,,,,,,,,,,,,,,,,
1000437,O-042,Rosa Maria Coletto,,,,0,,,,,,,,,,,,,,,,,,,,
1000442,J-021,Maria Da Anunciação C. Mendonça,,,,0,,,,,,,,,,,,,,,,,,,,
1000443,J-021,Lidia Cristina C. Mendonça,,,,0,,,,,,,,,,,,,,,,,,,,
1000444,J-021,Julia Cristina,,,,0,,,,,,,,,,,,,,,,,,,,
1000446,A-045,Rui Borges Sena,5083200159,62 3215 8180 / 62 991081288,,0,,,,,,,,,,,,,,,,,,,,
1000450,A-049,Russell Tomecko,061.138.117-60,,,0,,,ribeiro.auri@yahoo.com.br,,,,,,,,,,,,,,,,,
1000460,A-055,Gilene Teles Da Costa Pereira,789.306.691-15,62 3242 2195,,0,,,gileneteles@gmail.com,,,,,,,,,,,,,,,,,
1000462,A-057,Nilzo Alves Da Silva,034.381.301-73,61 98306-2703,,0,,,nilzo.alves@hotmail.com,,,,,,,,,,,,,,,,,
1000465,A-060 e B-024,Clarice Souza Bastos Lima,035.432.691-00,,,0,,,moisesmafilho@gmail.com,,,,,,,,,,,,,,,,,
1000469,A-064,Maria Felix Da Silva,,61 3245 2827 /  61 98123 3662,,0,,,felix_farma@hotmail.com,,,,,,,,,,,,,,,,,
1000473,O-096,Graziela Curcino,,,,0,,,,,,,,,,,,,,,,,,,,
1000480,O-096,Marlene Pedreira Lobo,,,,0,,,,,,,,,,,,,,,,,,,,
1000481,A-006,Jane Mary Moreira Modesto,18638414153,61 992997883,,0,,,,,,,,,,,,,,,,,,,,
1000482,A-006,Alessandra Moreira Modesto,,,,0,,,,,,,,,,,,,,,,,,,,
1000484,J-047,Bruno Ricardo De Oliveira Silva,000.068.891-66,61 3404 5235 / 61 99204 3602,,0,,,,,,,,,,,,,,,,,,,,
1000485,J-047,Clorival Florindo Da Silva,"05706041172",61 993333107,,0,,,,,,,,,,,,,,,,,,,,
1000486,J-047,Ane Elizabeth De Oliveira,14610574187,61 995568834,,0,,,,,,,,,,,,,,,,,,,,
1000487,J-047,Marcio De Oliveira Silva,805.885.491-34,61-98406 4998,,0,,,,,,,,,,,,,,,,,,,,
1000489,J-047,Ana Priscilla Oliveira Silva,029.288.391-94,61 99118-6673,,0,,,,,,,,,,,,,,,,,,,,
1000490,J-047,Adonis Borges Peixoto Chein,023.095.091-40,61 98282-8432,,0,,,,,,,,,,,,,,,,,,,,
1000491,J-058,Maria Do Rosário Pereira Dias,269.012.851-91,62 99972 0294,,0,,,,,,,,,,,,,,,,,,,,
1000492,J-058,Luiz Eduardo Da Silva Abreu,134499580187,62 999451070,,0,,,,,,,,,,,,,,,,,,,,
1000497,J-058,Maria Luiza Machado Pereira,,,,0,,,,,,,,,,,,,,,,,,,,
1000504,G-013,Rebeca Vilela Pacheco,,,,0,,,,,,,,,,,,,,,,,,,,
1000506,G-013,Débora Vilela Pacheco,,,,0,,,,,,,,,,,,,,,,,,,,
1000507,G-013,Josué Vilela Pacheco,,,,0,,,,,,,,,,,,,,,,,,,,
1000509,G-013,Joe Edsar,,,,0,,,,,,,,,,,,,,,,,,,,
1000512,G-013,Amthomy Pacheco Lima,,,,0,,,,,,,,,,,,,,,,,,,,
1000513,G-013,Anna Beatriz Pacheco Lima,,,,0,,,,,,,,,,,,,,,,,,,,
1000514,G-013,Yasmin Frevry Pacheco,,,,0,,,,,,,,,,,,,,,,,,,,
1000516,O-055,Fausto Coelho Da Silva,040.073.521-00,62 98503 4736 / 62 98591 8171,,0,,,,,,,,,,,,,,,,,,,,
1000519,O-055,Adriana Coelho De Assis,,,,0,,,,,,,,,,,,,,,,,,,,
1000520,A-012,Nayane Martins c. Mendes,838.227.041-72,62 99178 0193,,0,,,,,,,,,,,,,,,,,,,,
1000522,A-012,Victorya Gabriella M. Mendes,,,,0,,,,,,,,,,,,,,,,,,,,
1000523,A-068,Niraldo De Oliveira,086.881.841-00,61 9970 3438,,0,,,nirdoliveira54@gmail.com,,,,,,,,,,,,,,,,,
1000528,A-074,Giovani Gomes De Souza,443.892.646-72,61 99986-7520,,0,,,,,,,,,,,,,,,,,,,,
1000531,A-077,Wanessa Cristina Alves Arito,565.499.891-91,61 3663 9700,,0,,,,,,,,,,,,,,,,,,,,
1000537,A-083,Marcus Luciano Guimarães Rezende,131.530.801-00,62 99131 2159,,0,,,,,,,,,,,,,,,,,,,,
1000538,A-084,Lila Maria Candido,233.143.621-53,62 3287 8421,,0,,,,,,,,,,,,,,,,,,,,
1000539,A-085,Josue Carlos Dos Santos,204.402.511-68,62 3207 4837 / 62 8156 8776,,0,,,jsantoscta@yahoo.com.br,,,,,,,,,,,,,,,,,
1000541,A-088,Gaspar Candido Resende,070.859.661-49,62 3941 7940 / 62 98444 3161,,0,,,,,,,,,,,,,,,,,,,,
1000543,A-090,Leny Denise Rodrigues,663.720.546-04,64 99652 2200,,0,,,leny.lintz@uol.com.br,,,,,,,,,,,,,,,,,Não deixar ninguém entrar sem minha autorização.
1000544,A-092,Jessé Pires Do Nascimento,099.858.218-23,62 4358 2609 / 11 96720 6818,,0,,,jessepires1@gmail.com,,,,,,,,,,,,,,,,,
1000545,A-093 e- P-057,José Maria Frazão,529.911.211-49,64 3455 3877,,0,,,jmf-universal@hotmail.com,,,,,,,,,,,,,,,,,
1000546,,Jandui Pinto Junior,,61 3351 1001 / 61 99618 5404,,0,,,,,,,,,,,,,,,,,,,,
1000548,A-096,Vandson Carvalho Mendes,242.992.781-00,62 3281 4858 / 62 8147 9646,,0,,,,,,,,,,,,,,,,,,,,
1000549,A-098,Osvaldo Antonio De Faria,,,,0,,,,,,,,,,,,,,,,,,,,
1000551,A-099,Rui Jose Da Silva,291.130.241-91,62 3233 5252 / 62 3286 8070 / 62 98450-5546,,0,,,,,,,,,,,,,,,,,,,,
1000553,A-070,Valdeina Alencar Rezende,,,,0,,,,,,,,,,,,,,,,,,,,
1000554,A-070,Jessica A. Rezende,,,,0,,,,,,,,,,,,,,,,,,,,
1000556,A-070,Cecilia A. R. Ferreira,,,,0,,,,,,,,,,,,,,,,,,,,
1000557,A-070,Letícia A. R. Ferreira,,,,0,,,,,,,,,,,,,,,,,,,,
1000558,A-070,Argus P. A. Rezende,,,,0,,,,,,,,,,,,,,,,,,,,
1000559,A-070,Maria M. A. Rezende,,,,0,,,,,,,,,,,,,,,,,,,,
1000560,A-070,Felipe P. A. Rezende,,,,0,,,,,,,,,,,,,,,,,,,,
1000561,A-070,Guilherme P. A. Rezende,,,,0,,,,,,,,,,,,,,,,,,,,
1000563,A-070,Rosilene D. Santos,,,,0,,,,,,,,,,,,,,,,,,,,
1000564,A-070,Pedro P. S. A. Rezende,,,,0,,,,,,,,,,,,,,,,,,,,
1000565,A-070,Arthur P. S. A. Rezende,,,,0,,,,,,,,,,,,,,,,,,,,
1000567,A-070,Bruno A. A. Rezende Soares,,,,0,,,,,,,,,,,,,,,,,,,,
1000568,A-070,Karem P. M. A. Oliveira,,,,0,,,,,,,,,,,,,,,,,,,,
1000570,O-044,Elaine Peçanha Fonseca Da Costa,32337930149,62 981155332,,0,,,,,,,,,,,,,,,,,,,,
1000579,O-044,Tiago Peçanha Fonseca Da Costa,038.720.231-52,62 98184-1552,,0,,,,,,,,,,,,,,,,,,,,
1000582,B-022,Nadia Parez Canhamero,946.502.508-97,,,0,,,nadiamaduleta@yahoo.com.br,,,,,,,,,,,,,,,,,
1000583,B-094,Purcina Marçal Rodrigues,125.078.064-00,64 99252-9180,,0,,,,,,,,,,,,,,,,,,,,
1000586,B-098,Neuza Bezerra C. De Oliveira,120.846.893-68,61 3403 9058,,0,,,dp@grupop7.com.br,,,,,,,,,,,,,,,,,
1000587,B-011,Sebastião Antonio do Nascimento,124.903.501-53,62 98141 6595,,0,,,tiaozinho.go@gmail.com,,,,,,,,,,,,,,,,,
1000589,G-010,Paulo Rodrigues De Lacerda,100.209.773-87,,,0,,,,,,,,,,,,,,,,,,,,
1000590,G-014,Sonia Esadir Resio Silva,467.722.601-63,62 3455 2260 / 62 98138 4209,,0,,,,,,,,,,,,,,,,,,,,
1000591,G-017,Aluisio Pereira,,62 3216 2690 / 62 99658 0057,,0,,,,,,,,,,,,,,,,,,,,
1000593,G-037,Silas Henrique De Menezes,306.709.421-20,64 99643 2899,,0,,,silashmenezes@hotmail.com,,,,,,,,,,,,,,,,,
1000594,G-048,Hebe Cunha Neves De Oliveira,307.787.601-97,64 99277-4522,,0,,,,,,,,,,,,,,,,,,,,
1000595,G-016,Luiz Carlos Martinez,20806191791,64 99916 7952,,0,,,trsmartinez49@gmail.com,,,,,,,,,,,,,,,,,
1000596,G-040,Keliane Santos Arantes,879.082.391-53,64 99231 9131,,0,,,thedemedeiros@hotmail.com,,,,,,,,,,,,,,,,,
1000598,J-001,Stella Jardim Portella,,62 3215 2999 / 62 99664 4853,,0,,,,,,,,,,,,,,,,,,,,
1000601,J-023,Valdir Esteves,512.467.328-15,64 3455-6139,,0,,,cristinacaldasnovas@gmail.com,,,,,,,,,,,,,,,,,
1000602,J-045,Vilma Maria De Oliveira Sena,157.549.362-49,62 3095 1779 / 62 98230 7209,,0,,,vilma.sena2505@gmail.com,,,,,,,,,,,,,,,,,
1000603,J-037,Carlos Alberto De Almeida,038.299.951-72,61 3591 4601 / 61 99986 6182,,0,,,flacarlito@gmail.com,,,,,,,,,,,,,,,,,
1000605,J-020,Antonio Coelho,114.440.291-34,61 98282 4730,,0,,,,,,,,,,,,,,,,,,,,
1000607,O-009,João Batista De Lima Neto,027.126.521-34,64 981389844 / 64 992577724,,0,,,,,,,,,,,,,,,,,,,,
1000609,O-086,Zuleide Brito Lobo,282.205.951-91,64 99291-5340,,0,,,,,,,,,,,,,,,,,,,,
1000610,G-028,Luiz Carlos Donato de Sousa,094.000.871-87,,,0,,,,,,,,,,,,,,,,,,,,
1000615,P-015,Dairon Nogueira Duarte,021.176.651-87,,,0,,,,,,,,,,,,,,,,,,,,
1000617,P-036,Carmem Marizia Ungarelli,243.118.121-91,62 581 1969 / 62 9105 1397,,0,,,,,,,,,,,,,,,,,,,,
1000618,P-048,Cassio Resende Nardon,11695840801,64 981150825,,0,,,,,,,,,,,,,,,,,,,,
1000619,P-053,Arlinda De Castro Cerqueira,065.318.278-31,,,0,,,arlindacerqueira@gmail.com,,,,,,,,,,,,,,,,,
1000620,P-074,Jesus Moreira Da Silva,074.946.291-49,64 99640 8376 / 64 99945 1516,,0,,,,,,,,,,,,,,,,,,,,
1000621,P-084,Jurandir Meireles,020.838.331-04,61 999787872,,0,,,,,,,,,,,,,,,,,,,,
1000623,P-054,Cicero Dos Santos Teixeira,950.133.188-15,11 2143 4913 / 11 99868 8912/ 64 3453-6862,,0,,,cs_teixeira@yahoo.com.br,,,,,,,,,,,,,,,,,
1000625,B-002,Maria Eunice Segurado Coelho,182.322.721-04,,,0,,,jcsegurado@yahoo.com.br,,,,,,,,,,,,,,,,,
1000627,B-004,Pedro Amorim Filho,259.243.031-87,61 3591 2704 / 61 3591 5810,,0,,,,,,,,,,,,,,,,,,,,
1000628,B-007,Jeová Pereira De Oliveira,219.462.991-20,61 3358 2922 / 61 99377 4949,,0,,,jeovap@gmail.com,,,,,,,,,,,,,,,,,
1000629,B-008,Paulo Ribeiro Guimarães,195.377.601-97,62 3291 6084 / 62 98195 1050,,0,,,pgcurioso@gmail.com,,,,,,,,,,,,,,,,,
1000630,B-010,Ossimar Fernandes Duarte,282.317.241-68,,,0,,,,,,,,,,,,,,,,,,,,
1000632,B-013,Maria Izabel Sá Freire De Castro,221.911.271-34,61 3435 4114,,0,,,virtualbel@gmail.com,,,,,,,,,,,,,,,,,
1000637,B-026,Ocenyr Dos Santos Teixeira,805.119.371-72,62 999537625,,0,,,ocenyrsantos@gmail.com,,,,,,,,,,,,,,,,,
1000638,B-028,Jose Fernandes Da Silva,095.552.001-06,62 3928 3511 / 62 98123 1614,,0,,,,,,,,,,,,,,,,,,,,
1000640,B-033 E O-085,Antônia Vera Lucia Guimarães,375.113.271-68,62 999782030,,0,,,crisstinacssggn@ig.com.br,,,,,,,,,,,,,,,,,
1000642,B-036,Thales Lopes Cardoso,066.939.461-00,62 98458-4459/62 98418-3065,,0,,,r.a.cardoso@hotmail.com,,,,,,,,,,,,,,,,,
1000651,B-047,Ricardo Alves Cardoso,370.554.021-15,62 984183065,,0,,,r.a.cardoso@hotmail.com,,,,,,,,,,,,,,,,,
1000652,B-049,Edmaria Afonso De Oliveira,479.150.481-04,,,0,,,edmaria1@hotmail.com,,,,,,,,,,,,,,,,,
1000655,B-053,Francisca Alves Torquato,,61 3399 6025 / 61 3585 3273,,0,,,fcatorquato@hotmail.com,,,,,,,,,,,,,,,,,
1000657,B-057,Terezinha De Lima Rodrigues Inacio,,62 3241 7453,,0,,,r246rodrigues@hotmail.com,,,,,,,,,,,,,,,,,
1000658,B-058,Jose Carlos Dos Santos filho,285.774.408-00,16 99205-1180,,0,,,si_monevida@hotmail.com,,,,,,,,,,,,,,,,,
1000659,B-059,Maria Gorett De Couto Gomes,,,,0,,,gorettcouto@gmail.com,,,,,,,,,,,,,,,,,
1000660,B-060,Jose Luiz Ferreira Esteves,,,,0,,,,,,,,,,,,,,,,,,,,
1000661,B-061,Adriano Tyrka,358.846.651-72,61 3522 3488 / 61 9218 9777,,0,,,adrianotyrka@gmail.com,,,,,,,,,,,,,,,,,
1000663,B-064,Roosevelt Diniz Linhares Junior,383.208.861-04,62 9955 0082,,0,,,rooseveltdiniz@hotmail.com,,,,,,,,,,,,,,,,,
1000666,B-079,Aloisio Silva De Aguiar,,62 3269 5220 / 62 3255 8016,,0,,,aloisio-aguiar@uol.com.br,,,,,,,,,,,,,,,,,
1000667,P-090,Maria Jose Rodrigues Da Silva,268.837.161-49,61 98442-5507,,0,,,vovorodrigues4@gmail.com,,,,,,,,,,,,,,,,,
1000668,A-030,VICTOR MIRANDA MACEDO RODRIGUES,"06123572601",,,0,,,,,,,,,,,,,,,,,,,,
1000672,B-089,ANA MARIA LEMOS DE SOUZA,37064703149,,,0,,,,,,,,,,,,,,,,,,,,RANGER PRATA PQY2600
1000673,B-089,GIOVANA CIRINO,54844118153,62 998696646,,0,,,,,,,,,,,,,,,,,,,,
1000678,G-046,MARIA HELENA CUNHA FRANCO,21183260172,62 991375928,,0,,,,,,,,,,,,,,,,,,,,MORADORA POLO PRETO NLC5749
1000688,G-067,Rubem Ferreira De Araujo,240.806.753-72,61 99697-3325 / 61 33587-7562,,0,,,rogerio_o.araujo@hotmail.com,,,,,,,,,,,,,,,,,
1000692,B-090,Jorge Rodrigues Barros,236.275.301-87,62 3255 2151 / 62 98117 2220,,0,,,barros@quimifoi.com.br,,,,,,,,,,,,,,,,,
1000693,B-091,Jose Caetano Ferreira Junior,448.039.740-04,61 99986 0841,,0,,,josecaetano1963@gmail.com,,,,,,,,,,,,,,,,,
1000701,B-095,Tamara Porto De Castro Arruda,,,,0,,,arrudatpc@gmail.com,,,,,,,,,,,,,,,,,
1000707,B-100,Ester Linda Maria De Oliveira,088.799.071-15,62 3285 1171 / 62 3548 1840,,0,,,ferreira_s8@hotmail.com,,,,,,,,,,,,,,,,,
1000710,A-085,Delma Aparecida Dos Santos,793.872.416-53,62 98181-4487,,0,,,,,,,,,,,,,,,,,,,,
1000711,A-085,Ewerton Rodrigo F. Dos santos,,,,0,,,,,,,,,,,,,,,,,,,,
1000712,A-085,Gabriel Carlos Dos Santos,"03631196121",62 981904335,,0,,,,,,,,,,,,,,,,,,,,
1000718,A-085,Joana Almeida Dos Santos,,,,0,,,,,,,,,,,,,,,,,,,,
1000720,B-105,Paulo Lobo Júnior,,,,0,,,sec.diretoria@homehospital.com.br,,,,,,,,,,,,,,,,,
1000723,B-110,Cristiano Alves Silva,815.377.001-20,62-981330435,,0,,,cristiano.alves2@hotmail.com,,,,,,,,,,,,,,,,,
1000726,B-113,Eulivia Alves Muro,118.798.311-04,61 3354 5114,,0,,,euliviamuro@gmail.com,,,,,,,,,,,,,,,,,
1000728,P-039,Jose Roberto De Freitas,015.339.832-91,61 3435 4750 / 61 99246 2706,,0,,,,,,,,,,,,,,,,,,,,
1000729,P-039,Raimunda Andrade De Freitas,,,,0,,,,,,,,,,,,,,,,,,,,
1000730,P-039,Diego Andrade De Freitas,,,,0,,,,,,,,,,,,,,,,,,,,
1000731,P-039,Gabrielle Andrade De Freitas,,,,0,,,,,,,,,,,,,,,,,,,,
1000732,P-039,Luiz Andrade De Freitas,,,,0,,,,,,,,,,,,,,,,,,,,
1000733,P-039,Daniele De Freitas Duarte,,,,0,,,,,,,,,,,,,,,,,,,,
1000736,P-054,Kelly De Carvalho Teixeira,32656514878,11 21434913,,0,,,,,,,,,,,,,,,,,,,,
1000737,P-054,Sabrina De Carvalho Teixeira,,,,0,,,,,,,,,,,,,,,,,,,,
1000740,J-008,Emilio Barbosa Rodrigues,096.597.901-63,61 9688 4672,,0,,,emijecsan@hhotmail.com,,,,,,,,,,,,,,,,,
1000741,J-009,Maria Berenice Vieira,,62 9973 7697,,0,,,aninhatchipss@hotmail.com,,,,,,,,,,,,,,,,,
1000742,J-010,Benedito Perreira De Lima,"06917216100",62 992638538,,0,,,,,,,,,,,,,,,,,,,,
1000746,J-015,Maria Zélia Pinheiro,169.519.991-04,62 3941 0095 / 62 99201 9701,,0,,,mzpzelia@gmail.com,,,,,,,,,,,,,,,,,
1000747,J-045,Emerson Dias Pires,,,,0,,,,,,,,,,,,,,,,,,,,
1000748,J-045,Alessandra De Oliveira Durães,,,,0,,,,,,,,,,,,,,,,,,,,
1000749,J-045,Kletson De Oliveira Alencar,,,,0,,,,,,,,,,,,,,,,,,,,
1000750,J-045,Kajianne De Oliveira Dutrães,,,,0,,,,,,,,,,,,,,,,,,,,
1000751,J-045,Rafael De Oliveira,,,,0,,,,,,,,,,,,,,,,,,,,
1000757,J-018,Eduardo Mendes Vieira Da Gama,185.687.261-00,61 3710 8088--6199277 1520,,0,,,edudagama@gmail.com,,,,,,,,,,,,,,,,,
1000765,J-026,Rafael Rodrigues Da Cruz,947.476.011-04,62 3256 1950 / 62 98146 3877,,0,,,rafaelrodrigues82@hotmail.com,,,,,,,,,,,,,,,,,
1000766,J-027,Roberto Aparecido Da Costa,845.876.108-44,61 3435 0258 / 61 99262 3721,,0,,,robjosy@terra.com.br,,,,,,,,,,,,,,,,,
1000767,J-028,Antonio Gomes Da Silva,"054722101001",61 996495840,,0,,,,,,,,,,,,,,,,,,,,
1000768,J-029,Rogério Wilson Lelis Caixeta,488.321.381-15,61 3426 1632 / 61 9555 0726,,0,,,rogerio@1portodos.com.br,,,,,,,,,,,,,,,,,
1000769,J-030,Maria Auxiliadora Lopes Martins,084.897.848-09,15 99752-5128/11 5522-3666,,0,,,doraadvogada@gmail.com,,,,,,,,,,,,,,,,,
1000770,J-031,Floripes Rodrigues Silva Camilo,,62 3281 6638,,0,,,sabc1979@hotmail.com,,,,,,,,,,,,,,,,,
1000771,J-032,Valeria Machado Ferreira,332.369.331-00,62 295 8301 / 62 9686 5457,,0,,,valeria.m.ferreira@hotmail.com,,,,,,,,,,,,,,,,,
1000772,J-033,Laercio Pery,244.586.351-15,64 99228-3535,,0,,,,,,,,,,,,,,,,,,,,
1000773,J-034,Elizabete B. RR. De Souza,083.671.241-20,62 3275 3237 / 62 3921-2916 / 62 99971-6730,,0,,,margarrethbailoni@gmail.com,,,,,,,,,,,,,,,,,
1000776,J-039,Tarcisio Roberto De Oliveira,228.487.381-20 00,62-99298 9592,,0,,,,,,,,,,,,,,,,,,,,
1000778,J-043,Euripedes Ferreira De Souza,057.824.301-68,61 485 2181,,0,,,rafaelsousamat@hotmail.com,,,,,,,,,,,,,,,,,
1000781,J-048,Cezar Esteves Do Nascimento,242.623.826-72,62 981597195 / 62 30915675,,0,,,,,,,,,,,,,,,,,,,,
1000783,J-052,Francisco Medeiros De Araujo,057.108.201-72,62 2289 2557,,0,,,,,,,,,,,,,,,,,,,,
1000784,J-053,Raquel Gondim Oliveira Naves,479.036.861-00,61 99148 4049,,0,,,rgonaves@yahoo.com.br,,,,,,,,,,,,,,,,,
1000787,J-056,Jorgelino Antonio,409.067.878-15,,,0,,,jorgelino114@gmail.com,,,,,,,,,,,,,,,,,
1000788,J-057,Airton Moreira Reis,,62 225 0691 / 9956 9757,,0,,,,,,,,,,,,,,,,,,,,
1000789,O-003,Walter Pereira De Castro,002.865.241-04,,,0,,,,,,,,,,,,,,,,,,,,
1000790,O-004,Ana Rita Braga Brito,278013301-53,62 98107 7286,,0,,,ana_hotelaria2005@yahoo.com.br,,,,,,,,,,,,,,,,,
1000791,G-002,VALDECI DE SOUSA PORTO,380.437.001-25,62 3293 3467 / 62 98416 3221,,0,,,,,,,,,,,,,,,,,,,,
1000792,G-003,MARIA ELISABET MELO,196.424.901-53,62 994112400,,0,,,beth3491@gmail.com,,,,,,,,,,,,,,,,,
1000794,G-005,DÉBORA CALDEIRA DOS SANTOS,423.248.661-53,62 3584 3932,,0,,,debora.gat2009@gmail.com,,,,,,,,,,,,,,,,,
1000797,G-039,Vanilda Alvim Alcantara,28307755115,62 33286 4103 / 62 98288 8686,,0,,,van101960@outlook.com.br,,,,,,,,,,,,,,,,,
1000798,G-039,Wanderson Rodrigues Cardoso,168.347.801-06,62-98288 8383,,0,,,,,,,,,,,,,,,,,,,,
1000799,G-039,Pablo Alcantara Cardoso,866.143.631-15,62 99938-1441,,0,,,,,,,,,,,,,,,,,,,,
1000800,G-039,Wandrson Rodrigues Cardoso Junior,007.602.471-70,62 3286 4103 / 62 98116 5753,,0,,,van101960@outlook.com.br,,,,,,,,,,,,,,,,,
1000801,G-039,Juliana Alves De OLiveira,,,,0,,,,,,,,,,,,,,,,,,,,
1000802,G-044,ANTONIO CARLOS DE LISBOA NEVES,22212485115,61 999642857,,0,,,,,,,,,,,,,,,,,,,,
1000803,P-027,Rosana Maria Guimarães Manso,35966190178,62 981413300,,0,,,,,,,,,,,,,,,,,,,,
1000804,P-027,Sergio Manso Pereira,19196016191,62 981412233,,0,,,,,,,,,,,,,,,,,,,,
1000805,O-010,Marisa Careli Gondim,30932750168,62 993855555,,0,,,,,,,,,,,,,,,,,,,,
1000806,P-066,Antonio Carlos de Paiva Nogueira,21257175653,34 999414599 / 34 34271220,,0,,,,,,,,,,,,,,,,,,,,
1000807,G-026,Willem Madison da Silva Texeira,39579476500,61 992179415,,0,,,,,,,,,,,,,,,,,,,,
1000808,G-023,Zenilda Francisco dos Santos,32318863172,62 993351933,,0,,,,,,,,,,,,,,,,,,,,
1000810,P-086,Paulo Sergio Ramos,"04215540100",62 35327240 / 62 981828855,,0,,,,,,,,,,,,,,,,,,,,
1000812,B-055,HELOISIO HENRIQUE PEREIRA SANTANA,40285227149,62 982958111,,0,,,,,,,,,,,,,,,,,,,,
1000816,B-055,Hemilly Karoline,,,,0,,,,,,,,,,,,,,,,,,,,
1000818,B-055,Kenya Nunes,,,,0,,,,,,,,,,,,,,,,,,,,
1000819,B-055,Romildo Junior,,,,0,,,,,,,,,,,,,,,,,,,,
1000820,B-055,Helliton Santana,,,,0,,,,,,,,,,,,,,,,,,,,
1000821,B-055,Murilo Martins Soares,,,,0,,,,,,,,,,,,,,,,,,,,
1000822,B-055,Marcelo Route,,,,0,,,,,,,,,,,,,,,,,,,,
1000824,G-011,REJANIO COSTA SANTOS,760.158.071-72,62 3088 2721 / 62 98267 2690,,0,,,costar849@gmail.com,,,,,,,,,,,,,,,,,
1000827,G-021,Cleide Rocha Silva,950.216.201-34,62 9 8237 4994 / 62 3701 3701,,0,,,candidomartinsnetodjalma@gmail.com,,,,,,,,,,,,,,,,,
1000828,G-022,MARILENE BATISTA SILVA DE GODOI,113.828.211-15,,,0,,,,,,,,,,,,,,,,,,,,
1000830,A-074,Bruno Ribeiro De Souza,"01976960150",61 985595650,,0,,,,,,,,,,,,,,,,,,,,
1000832,A-074,Giulianna Alves Soares,,,,0,,,,,,,,,,,,,,,,,,,,
1000836,G-025,DÊNIS WILDSON DE OLIVEIRA,921.760.546-87,61 3362 6391 / 61 99333 0538 / 61 99808-2176,,0,,,dwildson@gmail.com,,,,,,,,,,,,,,,,,
1000837,G-027,ROGÉRIO ZACARIAS DE MORAES,901.774.871-00,62 3945 5972 / 62 99977 6246,,0,,,,,,,,,,,,,,,,,,,,
1000840,G-031,JOSÉ NICÁCIO DE FARIA,032.407.381-04,61 992662140,,0,,,angelicafarias@gmail.com,,,,,,,,,,,,,,,,,
1000843,G-036,ROGERIO RIBEIRO MARINHO,81813511187,61 992981052,,0,,,rogerio.marinho@xerox.com,,,,,,,,,,,,,,,,,
1000845,G-045,ELEANDRA CRISTINA DE OLIVEIRA,,,,0,,,,,,,,,,,,,,,,,,,,
1000846,G-052,CELIO FERREIRA DA SILVA,155.040.771-68,62-996869933,,0,,,celio@viacontabil.net.br,,,,,,,,,,,,,,,,,
1000850,G-058,JUCELINO LUIZ DE MIRANDA,393.096.901-78,61-98564 4620,,0,,,nilzo.alves@hotmail.com,,,,,,,,,,,,,,,,,
1000853,G-077,Lais Helena Watanabe,44075677168,62 999402558,,0,,,,,,,,,,,,,,,,,,,,
1000854,G-063,Marcilene Santana P. Milhomem,30735149100,62 996727979,,0,,,marcilene.milhomem@hotmail.com,,,,,,,,,,,,,,,,,
1000859,G-071,SIMONE FERNANDES PINHEIRO ALVES,762.152.291-72,62 99127 8204 / 62 98408 1746,,0,,,simonenega200@gmail.com,,,,,,,,,,,,,,,,,
1000863,G-078,ROMÉRITO GONÇALVES,,62 3223 7222 / 62 3235 3009,,0,,,,,,,,,,,,,,,,,,,,
1000864,O-087,Cleonice Medeiros de Sousa,413019781-91,62 98127-9972,,0,,,,,,,,,,,,,,,,,,,,
1000866,B-070,Ana Jaira Oliveira de Figueredo Cavalcanti,,61 99141-0686,,0,,,,,,,,,,,,,,,,,,,,
1000868,G-005,Andre Luiz de Almeida Carvalho,30937256153,62 985263559,,0,,,,,,,,,,,,,,,,,,,,
1000869,J-034,Margareth Bailoni,21796351172,62 984061775,,0,,,,,,,,,,,,,,,,,,,,
1000875,G-075,Luiz Carlos Pereira De Souza,709.090.671-04,61-98469 2449,,0,,,,,,,,,,,,,,,,,,,,
1000877,G-075,lorena De Paula Taveira,,,,0,,,,,,,,,,,,,,,,,,,,
1000879,G-075,Yasmin De Paula Carvalho,,,,0,,,,,,,,,,,,,,,,,,,,
1000880,G-075,Larissa De Paula Taveira,,,,0,,,,,,,,,,,,,,,,,,,,
1000882,G-075,Marcelina Do R. G. Da Silva,,,,0,,,,,,,,,,,,,,,,,,,,
1000885,P-007,Jeso Marcio Meira,"02907666134",61 982304256,,0,,,,,,,,,,,,,,,,,,,,
1000888,G-023,Israel Witicoviski,40410668915,62 998005303,,0,,,,,,,,,,,,,,,,,,,,
1000890,G-023,Amanda Santos Sales,,,,0,,,,,,,,,,,,,,,,,,,,
1000891,G-023,Fernando Witicoviski,"01814773193",62 998005803,,0,,,fernandowit@gamail.com,,,,,,,,,,,,,,,,,
1000892,G-023,Lilian Witicoviski,,,,0,,,,,,,,,,,,,,,,,,,,
1000893,G-039,Lucivânia Silverio De Oliveira,,,,0,,,,,,,,,,,,,,,,,,,,
1000894,G-039,Renata Alves De Oliveira,,,,0,,,,,,,,,,,,,,,,,,,,
1000896,J-004,Elio Marcos Soares Dias,,62 3251 0982,,0,,,,,,,,,,,,,,,,,,,,
1000899,O-007,Antonio Pereira Neto,171.989.416-72,62 99975-2588,,0,,,toninhop@terra.com.br,,,,,,,,,,,,,,,,,
1000901,O-013,Francisco Carlos De Castro Porto,91992038834,62-984120090,,0,,,lucia1portocastro@hotmail.com,,,,,,,,,,,,,,,,,
1000902,O-011,Nelzy Aparecida de Moura Louza,131.843.851-91,,,0,,,nelzylouza@gmail.com,,,,,,,,,,,,,,,,,
1000903,O-012,Nilva Teixeira Machado,259.437.581-00,61 99965-7089,,0,,,,,,,,,,,,,,,,,,,,
1000905,O-015,Alaide Rita Donatoni,898.016.608-72,62 98174 7923,,0,,,ar.donatoni@gmail.com,,,,,,,,,,,,,,,,,
1000906,O-016,CASSIMILDO FERREIRA DIAS,20647360500,62 981432582,,0,,,keylarh@hotmail.com,,,,,,,,,,,,,,,,,
1000907,O-017,MARIA HOLANDA LOPES DE CARVALHO,154.187.821-34,,,0,,,professoraholandacantriz@gmail.com,,,,,,,,,,,,,,,,,
1000908,O-020,CARLOS ROBERTO CORREIA,644.349.908-53,63 99964 3493 / 63 998112 2882,,0,,,,,,,,,,,,,,,,,,,,
1000912,O-026,JEAN CARLOS DE LORENZI NUNES,622.915.301-78,62 99999 2779,,0,,,silorenezi@hotmail.com,,,,,,,,,,,,,,,,,
1000914,O-028,NEURENE DIAS FONTENELI,,,,0,,,,,,,,,,,,,,,,,,,,
1000917,O-029,ROBERTO RODRIGUES DA SILVA,131.093.161-53,62 985610575,,0,,,,,,,,,,,,,,,,,,,,
1000918,O-050 E P-063,Nize Apollinario Peixoto,130.020.151-72,61 386 9004 / 62 9971 7185,,0,,,agildoapeixoto@yahoo.com.br,,,,,,,,,,,,,,,,,
1000919,O-032,MATEUS EUSTAQUIO MACHADO,031.153.721-91,62 99921-7571 / 62 3588-9049,,0,,,brenno.machado@gmail.com,,,,,,,,,,,,,,,,,
1000921,O-034,Clayton Carvalho,69948186168,62 994337769,,0,,,,,,,,,,,,,,,,,,,,
1000922,O-035,SANSÃO ROBERTO BARCELOS,024.314.831-34,,,0,,,thiagopbarcelos@gmail.com,,,,,,,,,,,,,,,,,
1000925,O-038,LINDINALVA MAMEDE,014.166.262-04,,,0,,,,,,,,,,,,,,,,,,,,
1000928,O-041,JOSE ROBERTO LEITAO E SILVA,,,,0,,,apcap.df@gmail.com,,,,,,,,,,,,,,,,,
1000929,O-043,WALLAGE GALLI,008.189.418-04,,,0,,,bernardogalli@hotmail.com,,,,,,,,,,,,,,,,,
1000931,O-047,DEUSIRENE ALVES DA SILVA,416.560.161-68,98615 6014,,0,,,dede130967@gmail.com,,,,,,,,,,,,,,,,,
1000933,O-053,LUIZ FERNANDO BRAGA NOBRE,019.510.762-49,64 98103 6141,,0,,,lfbnobre@hotmail.com,,,,,,,,,,,,,,,,,
1000934,O-054,LELIA MARIZE BRITO DA SILVA,009.735.561-53,61 352 7537,,0,,,claudiamarizegsilva@gmail.com,,,,,,,,,,,,,,,,,
1000935,O-056,DOMINGOS FONTOURA DUTRA,003.495.001-00,62 99991 3623,,0,,,lcpdprotese@hotmail.com,,,,,,,,,,,,,,,,,
1000937,O-058,KARINE RODOVALHO MACHADO,781.252.601-10,62 9639 4619 / 62 9639 4619,,0,,,karinerodovalho@hotmail.com,,,,,,,,,,,,,,,,,
1000939,O-061,MARA MEIRELES TAVEIRA,067.309.141-49,64 3454-5116,,0,,,mharliagr@gmail.com,,,,,,,,,,,,,,,,,
1000943,O-065,FRANCISCA RODRIGUES VIANA,289.163.601-53,61 3568 1097 / 61 99559 1402,,0,,,claudioviana650@gmail.com,,,,,,,,,,,,,,,,,
1000944,O-066,CARLOS ALBERTO GUIMARAES,017.040.951-15,62 3223 4468 / 62 9605 1025,,0,,,,,,,,,,,,,,,,,,,,
1000946,O-069,JOSÉ LUIZ FERREIRA ESTEVES,016.452.001-59,62 259 0120,,0,,,,,,,,,,,,,,,,,,,,
1000953,O-081,EDNA QUEIROZ AFONSO,723.814.501-49,61 3475 3345,,0,,,eqafonso@gmail.com,,,,,,,,,,,,,,,,,
1000954,O-084,CARMELINA AMELIA DA SILVA,015.553.596-04,61 233 0895,,0,,,,,,,,,,,,,,,,,,,,
1000956,O-090,IDEONE B. DOS SANTOS SOUSA,123.893.311-49,62 3224 5453 / 62 98115 1724,,0,,,muciogomes@hotmail.com,,,,,,,,,,,,,,,,,
1000957,O-093,CLODOALDO BEZERRA DA SILVA,010.981.281-68,62 3093-8489 / 62 98128-3197,,0,,,,,,,,,,,,,,,,,,,,
1000958,O-094,CLODOALDO BEZERRA DA SILVA,136.942.861-87,62 8404 0500,,0,,,clodoaldosilvaf@gmail.com,,,,,,,,,,,,,,,,,
1000959,O-095,SIDNEI REZENDE STRAUSS,,013 237 3004,,0,,,engenharia2@familiapaulista.com.br,,,,,,,,,,,,,,,,,
1000963,P-003,ARIONE SOARES MARQUES,43531202120,62 984334999 / 62 3233 6761,,0,,,arionemarques@hotmail.com,,,,,,,,,,,,,,,,,
1000966,P-008,KATYA ALVES DA SILVA,704.821.631-00,61 3435 3842 / 61 9972 8457,,0,,,katyanutric1@gmail.com,,,,,,,,,,,,,,,,,
1000968,P-010,AFONSO LADISLAU SATAS,010.461.441-20,61 3203 6580,,0,,,malvessatas@yahoo.com.br,,,,,,,,,,,,,,,,,
1000969,P-011,WALLACE REBELO TOLENTINO,059.962.281-49,61 3384 2473,,0,,,,,,,,,,,,,,,,,,,,
1000970,P-012,MARENIR RIBEIRO DA SILVA,398.635.221-04,61 3336 5446 / 61 9658 2096,,0,,,eliel.adet@gmail.com,,,,,,,,,,,,,,,,,
1000972,P-016,EDESIO FRANCISCO DE OLIVEIRA,037.135.631-87,62 99977-7087,,0,,,,,,,,,,,,,,,,,,,,
1000974,P-018,THIAGO DE SOUZA CORDEIRO TAVARES,878.726.841-87,61 3556 0531 / 61 98304-1040,,0,,,tsct.df@gmail.com,,,,,,,,,,,,,,,,,
1000976,J-027,Joselita Dos Santos Costa,,,,0,,,,,,,,,,,,,,,,,,,,
1000979,G-056,Arthur Siqueira Da Silva,,,,0,,,,,,,,,,,,,,,,,,,,
1000982,A-077,Idecenir de Oliveira Barros,,,,0,,,,,,,,,,,,,,,,,,,,
1000983,A-077,Luiz Humberto Brito,,,,0,,,,,,,,,,,,,,,,,,,,
1000984,A-077,Marina Aparecida Alves Brito,,,,0,,,,,,,,,,,,,,,,,,,,
1000986,A-077,Washinyton Hudson A. Brito,,,,0,,,,,,,,,,,,,,,,,,,,
1000987,A-077,Marilia De Oliveira Barros,,,,0,,,,,,,,,,,,,,,,,,,,
1000988,A-077,Gilmar De Barros Lima,,,,0,,,,,,,,,,,,,,,,,,,,
1000990,G-032,Luana Faleiro Santos,027.117.301-74,62 99814-0102,,0,,,,,,,,,,,,,,,,,,,,
1000991,P-020,JULIO MARIA,084.268.721-15,61 99981-2815,,0,,,juliomaria@juliomaria.com.br,,,,,,,,,,,,,,,,,
1000993,P-024,MARIA DO ROSÁRIO C. RAMOS,223.599.661-20,61 3568-9494/ 61 99811-1649,,0,,,,,,,,,,,,,,,,,,,,
1000999,P-031,JAIR CAMPOS,020.999.771-00,62 3954 4831 / 62 9926 4581,,0,,,jaircampospai@gmail.com,,,,,,,,,,,,,,,,,
1001000,P-032,DIMAS RODRIGUES,516.907.488-34,11 875 0230,,0,,,mendes-climaco@hotmail.com,,,,,,,,,,,,,,,,,
1001004,P-037,ANICELIO CUSTODIO FERREIRA,,62 280 2714,,0,,,,,,,,,,,,,,,,,,,,
1001005,P-041,ANDRE MATTAR,143.652.001-00,61 3356 5920,,0,,,maura.tania@hotmail.com,,,,,,,,,,,,,,,,,
1001006,P-042,CLEMENTE MARQUES DA SILVA,032.429.941-91,61 568 9482,,0,,,cledson.marques@hotmail.com,,,,,,,,,,,,,,,,,
1001008,P-045,DIVANY PIRES DE CARVALHO,130.090.101-25,62 9977 9100,,0,,,divanypires@gmail.com,,,,,,,,,,,,,,,,,
1001009,P-046,ERNANI ARAUJO DA SILVA,160.162.541-34,62 3278-8072,,0,,,,,,,,,,,,,,,,,,,,
1001012,P-047,LUIZ CARLOS DA MATA,171.926.686-72,61 98328-3607,,0,,,luizdamata1@gmail.com,,,,,,,,,,,,,,,,,
1001013,P-049,JOSE MARIA DE ASSIS,170.404.181-34,62  3298 6385,,0,,,,,,,,,,,,,,,,,,,,
1001016,B-078,Ivanete Dierings Croda,702.012.181-00,64 99981-6401,,0,,,,,,,,,,,,,,,,,,,,
1001017,B-057,Luciano Rodrigues inacio,,62 99407-0686,,0,,,,,,,,,,,,,,,,,,,,
1001018,B-057,Kleber Rosa Ferreira,,62 99210-5851,,0,,,,,,,,,,,,,,,,,,,,
1001022,P-051,CARMEM LUCIA DO SANTOS GOMES,"06132170200",62 3215 6043 / 62 984091081 62 993078603,,0,,,gomes.carmen@hotmail.com,,,,,,,,,,,,,,,,,
1001024,P-058,IVONE APARECIDA S GRAVINA,396.845.478-20,61 567 0150,,0,,,,,,,,,,,,,,,,,,,,
1001027,P-062,MARIA DE JESUS BORGES FERNANDES,376.733.861-00,61 3491 2815 / 61 3073 9881,,0,,,,,,,,,,,,,,,,,,,,
1001029,P-065,TEREZINHA ARARUNA DE ALMEIDA,184.821.551-72,,,0,,,wic.felix@yahoo.com.br,,,,,,,,,,,,,,,,,
1001030,P-067,VILMA ARANTES MARTINS,,61 373 1249,,0,,,arantestatiana@yahoo.com.br,,,,,,,,,,,,,,,,,
1001031,P-068,EDUARDO PESSANHA FONSECA,169.165.571-68,62 98172 2520,,0,,,filosofogyn@hotmail.com,,,,,,,,,,,,,,,,,
1001033,O-030,FLORISVAL BARBOSA DE ARAUJO,044.639.191-34,62 99676-1273,,0,,,ednasantome@hotmail.com,,,,,,,,,,,,,,,,,
1001034,P-070,NAIN RODRIGUES,066.348.931-87,61 3561 2959 / 61 3032 7948,,0,,,deiziella@hotmail.com,,,,,,,,,,,,,,,,,
1001035,P-071,MANOEL FRANCISCO DA SILVA,126.550.901-87,,,0,,,manoelens@hotmail.com,,,,,,,,,,,,,,,,,
1001036,P-072,ADRIANE DE SOUSA Duraes,634.577.501-06,62 3622 7438 / 62 98183 4111,,0,,,ddrika0809@hotmail.com,,,,,,,,,,,,,,,,,
1001038,P-075,LAZARO VENERANDO DOS SANTOS,004.571.241-72,62 3261 0061,,0,,,diagnistica.go@hotmail.com,,,,,,,,,,,,,,,,,
1001044,P-081,WASHINGTON JOSE DE LYRA,121.317.686-72,61 3967 0875 / 61 98178 1944,,0,,,wjoselyra@hotmail.com,,,,,,,,,,,,,,,,,
1001045,P-082,NORVAL RAIMUNDO BARBOSA,335.502.041-91,62 984642891,,0,,,norval10@hotmail.com,,,,,,,,,,,,,,,,,
1001046,P-085 E P-094,ANTONIO ROBERTO DE TOLEDO,002.697.601-30,62 99241 3721,,0,,,toledoamarok@yahoo.com.br,,,,,,,,,,,,,,,,,
1001047,P-087,LAUZITA TEIXEIRA DOS REIS SILVA,098.659.261-72,61 3354 2233,,0,,,,,,,,,,,,,,,,,,,,
1001053,A-BAR,IARA MARQUES DE ALMEIDA,,,,0,,,,,,,,,,,,,,,,,,,,
1001054,O-029,Lazaro das Chagas,"08318026187",62 985550904,,0,,,,,,,,,,,,,,,,,,,,
1001056,G-069,Márcio Antonio Da Silva Moura,,,,0,,,,,,,,,,,,,,,,,,,,
1001057,G-069,Dilan De Sousa Moura,,,,0,,,,,,,,,,,,,,,,,,,,
1001058,G-069,Luiz Felipe Pereira Dos Santos,,,,0,,,,,,,,,,,,,,,,,,,,
1001059,G-069,Deuzuita Silva Santos,,,,0,,,,,,,,,,,,,,,,,,,,
1001060,G-069,Maria Patrocinio Da Silva Moura,,,,0,,,,,,,,,,,,,,,,,,,,
1001061,G-069,Lourival Guedes De Moura,,,,0,,,,,,,,,,,,,,,,,,,,
1001063,J-037,Nair Batista de Almeida,,,,0,,,,,,,,,,,,,,,,,,,,
1001064,J-037,Regina Célia Batista de Almeida,524.038.151-87,61 99976-6209,,0,,,,,,,,,,,,,,,,,,,,
1001065,J-037,Carlos Alberto De Almeida Júnior,839.743.261-20,61 99661-9198,,0,,,,,,,,,,,,,,,,,,,,
1001068,A-021,Carla Tolentino,,61 99979-3404,,0,,,,,,,,,,,,,,,,,,,,
1001070,G-008,Pedro Dias de Melo,,64 3441-4380,,0,,,,,,,,,,,,,,,,,,,,
1001074,G-035,Cristiane Marconi,,,,0,,,,,,,,,,,,,,,,,,,,
1001075,G-035,Pedro Marconi,,,,0,,,,,,,,,,,,,,,,,,,,
1001076,G-035,Cecilia Maria Marconi,,,,0,,,,,,,,,,,,,,,,,,,,
1001077,G-035,Andress Marconi,,,,0,,,,,,,,,,,,,,,,,,,,
1001078,A-090,Joice R. Lintz Leite,,,,0,,,,,,,,,,,,,,,,,,,,
1001079,A-090,Tomaz R. Lintz,009.305.226-05,34 99198-9126,,0,,,,,,,,,,,,,,,,,,,,
1001083,O-009,Vladmir Batista Carvalho Lima,70189358149,62 999330115,,0,,,,,,,,,,,,,,,,,,,,
1001084,B-070,Luciano Pamplona,57302278172,61 985153916,,0,,,,,,,,,,,,,,,,,,,,
1001085,B-067,Maria Camelo de Paiva,72450916172,61 992362836,,0,,,,,,,,,,,,,,,,,,,,
1001092,O-009,Marilene Morais Carvalho Lima,,,,0,,,,,,,,,,,,,,,,,,,,
1001094,O-009,Fabiano B. Carvalho Lima,801.308.191-49,62-98128 3878,,0,,,,,,,,,,,,,,,,,,,,
1001096,O-009,Leonardo Souza Lima,,,,0,,,,,,,,,,,,,,,,,,,,
1001097,O-009,Pamela Souza Lima,,,,0,,,,,,,,,,,,,,,,,,,,
1001099,O-009,Irislene Marques Souza,,,,0,,,,,,,,,,,,,,,,,,,,
1001100,O-009,Erlh De Araujo Lima,,,,0,,,,,,,,,,,,,,,,,,,,
1001101,O-015,Marla Donatoni Alves Arruda,,,,0,,,,,,,,,,,,,,,,,,,,
1001102,O-015,Juliano Marcelo De Arruda,,,,0,,,,,,,,,,,,,,,,,,,,
1001105,O-015,Iuri Donatoni Arruda,,,,0,,,,,,,,,,,,,,,,,,,,
1001107,O-015,Piétro Gerber,,,,0,,,,,,,,,,,,,,,,,,,,
1001108,O-015,Daniel Donatoni Alves,19786136870,11 970287445,,0,,,,,,,,,,,,,,,,,,,,
1001110,O-015,Miguel Pereira,,,,0,,,,,,,,,,,,,,,,,,,,
1001111,J-043,Maria de Fatima Sousa Lopes,,62 99937-9637,,0,,,,,,,,,,,,,,,,,,,,
1001112,A-068,Iris Iolanda Gama De Oliveira,,,,0,,,,,,,,,,,,,,,,,,,,
1001113,A-068,Andreya De Oliveira,,,,0,,,,,,,,,,,,,,,,,,,,
1001114,A-068,Sergio Gustavo De Oliveira,,,,0,,,,,,,,,,,,,,,,,,,,
1001116,A-068,Niraldo De Oliveira Junior,,,,0,,,,,,,,,,,,,,,,,,,,
1001117,O-053,Maria Das Graças P. Nobre,178.287.752-53,64-98107 0669,,0,,,,,,,,,,,,,,,,,,,,
1001118,O-053,Fábio F. P. Nobre,,,,0,,,,,,,,,,,,,,,,,,,,
1001120,O-053,Luiz Fernando P. Nobre,,,,0,,,,,,,,,,,,,,,,,,,,
1001121,O-053,Fábio Salim L. Nobre,,,,0,,,,,,,,,,,,,,,,,,,,
1001123,O-053,Luiz Fernando C. Nobre,,,,0,,,,,,,,,,,,,,,,,,,,
1001124,O-053,Maria Luiza C. Nobre,,,,0,,,,,,,,,,,,,,,,,,,,
1001125,O-053,Márcio P. Nobre Jr.,,,,0,,,,,,,,,,,,,,,,,,,,
1001127,O-053,Luis Felipe N. Nobre,,,,0,,,,,,,,,,,,,,,,,,,,
1001128,O-053,Gabryelle L. Nobre,,,,0,,,,,,,,,,,,,,,,,,,,
1001129,O-053,Betania C. L. Nobre,,,,0,,,,,,,,,,,,,,,,,,,,
1001130,O-053,Luciane Nobre e Nobre,,,,0,,,,,,,,,,,,,,,,,,,,
1001132,A-047,João Luiz Dias Da Rocha,116.169.381-53,61 98105 7080,,0,,,,,,,,,,,,,,,,,,,,
1001134,A-047,Steffany Rocha,,,,0,,,,,,,,,,,,,,,,,,,,
1001135,A-047,Jhonatan Rocha,,,,0,,,,,,,,,,,,,,,,,,,,
1001138,A-047,Diego Vidal,,,,0,,,,,,,,,,,,,,,,,,,,
1001139,A-047,Ruben Junior,,,,0,,,,,,,,,,,,,,,,,,,,
1001140,A-047,Aline Vidal,,,,0,,,,,,,,,,,,,,,,,,,,
1001141,A-047,Camila Vidal,,,,0,,,,,,,,,,,,,,,,,,,,
1001144,A-060,Sandro Ramos Carvalho Ribeiro Junior,"02038105111",64992700919,,0,,,,,,,,,,,,,,,,,,,,
1001146,P-077,Maria dos Santos Justino,16801087860,62994104384,,0,,,mariasouth20@gmail.com,,,,,,,,,,,,,,,,,
1001147,P-077,Hugo Jurema Minuncio da Silva,"04857504146",62981191767,,0,,,hugojurema16@gmail.com,,,,,,,,,,,,,,,,,
1001148,o-052,Igor Calasans Pimentel,005.277.881.98,62 99952-7247,,0,,,,,,,,,,,,,,,,,,,,
1001149,O-052,Sandro Barcelos Costa,026.390.196-35,62 99980-9567,,0,,,,,,,,,,,,,,,,,,,,
1001153,J-022,Michel Dolzane Galli Nunes,688.605.521-68,64 99269-9299,,0,,,,,,,,,,,,,,,,,,,,
1001155,J-022,Cynara Borges Campos Galli,634.269.431-15,64 99320-5418,,0,,,,,,,,,,,,,,,,,,,,
1001156,A-023,Marina Braga Ramalho,016.791.221-69,61 99224-0505,,0,,,,,,,,,,,,,,,,,,,,
1001157,A-023,Jose Ricardo O. C. Brandão,708.210.381-68,61 98566-4343,,0,,,,,,,,,,,,,,,,,,,,
1001162,O-086,Joaquim Pereira Neto,555.972.971-04,6499238-1417,,0,,,,,,,,,,,,,,,,,,,,
1001169,O-026,Maria Aparecida De Lorenzi,31978320191,62 992954878,,0,,,,,,,,,,,,,,,,,,,,
1001170,O-026,Luiz Carlos De Lorenzi,,,,0,,,,,,,,,,,,,,,,,,,,
1001171,O-054,Claudia Marize Brito da Silva,026.264.931-47,61 99988-2154,,0,,,,,,,,,,,,,,,,,,,,
1001173,J-001,Alfredo Jardim Portella,466.689.341-53,62 98510-5075,,0,,,,,,,,,,,,,,,,,,,,
1001174,P-037,Richard Luiz da Mata,"02329201176",61 982621105,,0,,,,,,,,,,,,,,,,,,,,
1001177,B-098,Jose Higor Oliveira Frias,052.081.601-37,61 98504-9397,,0,,,,,,,,,,,,,,,,,,,,
1001178,B-098,Cicera Aliana Coltinho de Oliveira,011.505.151-12,61 99378-3340,,0,,,,,,,,,,,,,,,,,,,,
1001179,G-069,Luiz Claudio P Santos,,61 99146-9646 / 61 98617-1994,,0,,,,,,,,,,,,,,,,,,,,
1001181,A-088,Michael Lucas,906.978.981-72,62 98254-0653,,0,,,,,,,,,,,,,,,,,,,,
1001182,O-017,Jodelma Lopes Carvalho,602.215.001-97,61-99264195,,0,,,,,,,,,,,,,,,,,,,,
1001185,A-095,João Francisco Filho,13357530104,62 996363700,,0,,,,,,,,,,,,,,,,,,,,
1001186,A-051,Samuel Lima de Oliveira,82797790197,61 981786764,,0,,,,,,,,,,,,,,,,,,,,
1001187,A-051,Adriana de Arruda Castro Oliveira,72491906104,61 981339418,,0,,,,,,,,,,,,,,,,,,,,
1001190,O-005,Leonardo Oliveira Moraes,,,,0,,,,,,,,,,,,,,,,,,,,
1001191,O-005,Victor Hugo Oliveira Moraes,,,,0,,,,,,,,,,,,,,,,,,,,
1001192,O-005,Giovanna Oliveira Moraes,,,,0,,,,,,,,,,,,,,,,,,,,
1001195,O-005,Fabrício Moraes Dos Santos Tannure,,,,0,,,,,,,,,,,,,,,,,,,,
1001196,O-005,Henrique Moraes Dos Santos Tannure,,,,0,,,,,,,,,,,,,,,,,,,,
1001197,O-005,Ricardo Moraes Dos Santos Tannure,,,,0,,,,,,,,,,,,,,,,,,,,
1001200,O-005,Caroline Moraes Bosa,,,,0,,,,,,,,,,,,,,,,,,,,
1001201,O-005,Nicole Moraes Bosa,,,,0,,,,,,,,,,,,,,,,,,,,
1001202,A-014,Mariana Mendes Do Nascimento,,,,0,,,,,,,,,,,,,,,,,,,,
1001203,P-012,Josemar Ribeiro da Silva,78358043104,61 999661589,,0,,,,,,,,,,,,,,,,,,,,
1001206,B-067,Nelma Maria Camelo dos Santos,704.171.301-63,61 99125-3255,,0,,,,,,,,,,,,,,,,,,,,
1001207,P-090,Ana Paula Rodrigues Poeck,695.766.101-68,61 98424-7955,,0,,,,,,,,,,,,,,,,,,,,
1001209,B-078,Juliana Dierings Croda,"04705010140",64 981640077,,0,,,,,,,,,,,,,,,,,,,,
1001210,B-068,Antonio Irismar de Almeida,38270510378,61 982362416,,0,,,,,,,,,,,,,,,,,,,,
1001214,P-050,Renan Miotto Oliveira,,,,0,,,,,,,,,,,,,,,,,,,,
1001215,P-050,Thaís De Sá Miotto,,,,0,,,,,,,,,,,,,,,,,,,,
1001217,P-050,Cynthia Contagessi De Souza Miotto,,,,0,,,,,,,,,,,,,,,,,,,,
1001218,P-065,Wagner de Almeida Morais,38539306115,61 985449744,,0,,,,,,,,,,,,,,,,,,,,
1001222,,Alexandre magnus ramos,524085071-20,77-991232767,,0,,,,,,,,,,,,,,,,,,,,
1001223,B-040,Fatima Cabral de Oliveira,434.961.011-91,62 98437-3794,,0,,,,,,,,,,,,,,,,,,,,
1001224,P-075,Gleidson Rodrigues Ranulfo,336.230.661-68,62 98417-0474,,0,,,,,,,,,,,,,,,,,,,,
1001225,p-075,Sandra Cristina Gomide dos Santos,804.042.781-91,62 99222-6280,,0,,,,,,,,,,,,,,,,,,,,
1001226,P-010,Igor Almeida Pinto,099.136.737-55,64 99901-5220,,0,,,,,,,,,,,,,,,,,,,,
1001227,P-010,Mariane Alves Satas,718.000.181-34,64 99998-5220,,0,,,,,,,,,,,,,,,,,,,,
1001229,O-014,Erich Batista,607.411.041-72,62 98142-9539,,0,,,,,,,,,,,,,,,,,,,,
1001230,B-065,Renan Botelho de Moraes,026.105.541-09,61 98518-9165,,0,,,,,,,,,,,,,,,,,,,,
1001232,O-020,Pricila Fernanda Hendges,96563869149,63 981429300,,0,,,,,,,,,,,,,,,,,,,,
1001233,P-069,Hugo Gomes Candido,756.785.601-82,62-982096829,,0,,,,,,,,,,,,,,,,,,,,
1001234,B-102,Wanderson Marlon Silvestre,031.292.041-56,62-981937373 / 62 32832107,,0,,,,,,,,,,,,,,,,,,,,
1001235,A-081,Izaias Silva De Oliveira,,,,0,,,,,,,,,,,,,,,,,,,,
1001236,A-081,Bianca de Oliveira,,,,0,,,,,,,,,,,,,,,,,,,,
1001237,A-081,Kauê De Oliveira,,,,0,,,,,,,,,,,,,,,,,,,,
1001254,B-067,Marvone S.M Camelo,371.547.451-34,61 99163-8534,,0,,,,,,,,,,,,,,,,,,,,
1001255,B-067,Fillype Setubal Dos Santos,"04137893144",,,0,,,,,,,,,,,,,,,,,,,,
1001256,B-067,Isabella S. Dos Santos,"05704071171",61 991613366,,0,,,,,,,,,,,,,,,,,,,,
1001258,B-067,Thiago S. Dos Santos,,,,0,,,,,,,,,,,,,,,,,,,,
1001259,B-067,Helena R. Dos Santos,,,,0,,,,,,,,,,,,,,,,,,,,
1001260,B-067,Isaac R. Dos Santos,,,,0,,,,,,,,,,,,,,,,,,,,
1001261,B-067,Miguel Setubal,,,,0,,,,,,,,,,,,,,,,,,,,
1001262,B-067,Davi Setubal,,,,0,,,,,,,,,,,,,,,,,,,,
1001264,B-067,Thais Cristina C. Fernandes,10476384605,,,0,,,,,,,,,,,,,,,,,,,,
1001265,B-067,Lucyana Rodrigues de Castro,71458336115,61 984922493,,0,,,,,,,,,,,,,,,,,,,,
1001266,B-067,Victoria De Castro Martins,,,,0,,,,,,,,,,,,,,,,,,,,
1001267,B-067,Ingrid lopes B. Dos Santos,,,,0,,,,,,,,,,,,,,,,,,,,
1001269,O-094,Francielle Rezende,566.013.281-20,"062985397087",,0,,,franciellecosta@hotmail.com,,,,,,,,,,,,,,,,,
1001278,P-059,Didima Divina C. de Souza,444.014.261-34,61-996667369,,0,,,,,,,,,,,,,,,,,,,,
1001279,B-024,Moises Gonçalves de Lima,799.193.751-87,62 3247-0628,,0,,,,,,,,,,,,,,,,,,,,
1001280,O-055,Mario Bento Cunha,779.127.721-20,62 98545-8795,,0,,,,,,,,,,,,,,,,,,,,
1001281,J-015,Sérgio P. Elias,375.178.211-72,62 99808-5414,,0,,,,,,,,,,,,,,,,,,,,
1001282,J-015,Tônia C. P. E. Palmerton,530.476.991-00,62 99103-2495,,0,,,,,,,,,,,,,,,,,,,,
1001283,J-015,Renato B. P. Neto,,,,0,,,,,,,,,,,,,,,,,,,,
1001284,J-015,Tereza C. P. Unes,,,,0,,,,,,,,,,,,,,,,,,,,
1001285,J-015,Vera Lúcia Pinheiro,348.372.721-34,62 3202-8266,,0,,,,,,,,,,,,,,,,,,,,
1001286,J-015,Vânia P. De Miranda,,,,0,,,,,,,,,,,,,,,,,,,,
1001288,J-015,Lívia P. V. De Souza,,,,0,,,,,,,,,,,,,,,,,,,,
1001289,J-015,Marcelo C. Palmeston,,,,0,,,,,,,,,,,,,,,,,,,,
1001290,B-024,Moises Neto,705.469.611-50,62 99828-9545,,0,,,,,,,,,,,,,,,,,,,,
1001291,O-020,Deodete Lacerda Correia,504.745.108-91,63-981122882,,0,,,deodetelacerda@hotmail.com,,,,,,,,,,,,,,,,,
1001292,O-020,Elizabeth Lacerda Correia Janzen,862.342.691-68,63-984012368,,0,,,elicobeth@gmail.com,,,,,,,,,,,,,,,,,
1001294,O-020,Roberto Lacerda Correia,,,,0,,,,,,,,,,,,,,,,,,,,
1001295,O-020,Catarina Correia Janzen,,,,0,,,,,,,,,,,,,,,,,,,,
1001298,A-061,Edelson Francisco de Lima,363.486.861-91,62 98530-0385,,0,,,,,,,,,,,,,,,,,,,,
1001299,O-029,Janaina Rodrigues da Silva,893.845.471-15,62 98401-5678,,0,,,,,,,,,,,,,,,,,,,,
1001301,B-112,Magda Rabelo de Almeida,619081341-00,(61)981141418,,0,,,,,,,,,,,,,,,,,,,,
1001304,g-033,Gaspar Ribeiro da Costa,038.060.901-06,61 99953-5393,,0,,,,,,,,,,,,,,,,,,,,
1001306,b-094,Cicero Jesus Rodrigues,686174618-53,64 99233-0330,,0,,,,,,,,,,,,,,,,,,,,
1001309,P-008,Rogerio Alves da Costa,507.040.601-91,62 98572-1145,,0,,,,,,,,,,,,,,,,,,,,
1001310,G-045,Margareth Pereira Damiao,26991349100,62 981617715,,0,,,,,,,,,,,,,,,,,,,,
1001312,G-033,Ariana Libanio Maia,"00414637143",61 99975393,,0,,,,,,,,,,,,,,,,,,,,
1001313,P-090,Augusto Pereira da Silva,206.620.256-87,61-984059908,,0,,,,,,,,,,,,,,,,,,,,
1001314,P-090,Hudson dos Santos Poeck,699.245.701-20,61-984371104,,0,,,,,,,,,,,,,,,,,,,,
1001315,P-068,Solange Maria Pires Fonseca,592.325.601-00,62-981385065,,0,,,,,,,,,,,,,,,,,,,,
1001319,G-045,Lilian Pereira Damião Nascente,,,,0,,,,,,,,,,,,,,,,,,,,
1001320,G-045,Walda Pereira Damião,,,,0,,,,,,,,,,,,,,,,,,,,
1001321,G-045,Gilberto Pereira Damião,,,,0,,,,,,,,,,,,,,,,,,,,
1001322,P-092,Zelia Maria Silvestre da Costa,22120629153,61 999816867,,0,,,,,,,,,,,,,,,,,,,,
1001323,P-092,Lucas Silvestre da Costa,"03784593178",61 992734780,,0,,,,,,,,,,,,,,,,,,,,
1001324,P-092,Giselle Silvestre da Costa,"00865762163",61 981478303,,0,,,,,,,,,,,,,,,,,,,,
1001326,B-026,Orestes Moura Teixeira,"07554257668",62 999537625,,0,,,,,,,,,,,,,,,,,,,,
1001327,G-063,Armando Milhomem Bandeira,168.542.501-10,62-99934 6110,,0,,,,,,,,,,,,,,,,,,,,
1001329,A-099,Marcia Santos Silva,333.376.831-34,62-98585 8750,,0,,,,,,,,,,,,,,,,,,,,
1001340,O-003,Vania Ferreira de Castro Manso,095.867.921-53,62-98129 0753,,0,,,,,,,,,,,,,,,,,,,,
1001341,P-059,Julia Cirqueira Cardoso de Souza,050.948.691-67,61-982837881,,0,,,,,,,,,,,,,,,,,,,,
1001343,B-047,Jean Lopes Cardoso,019.154.161-32,62-982818882,,0,,,,,,,,,,,,,,,,,,,,
1001345,A-088,Gustavo Henrique Resende,017.554.721-10,62-99252 8606,,0,,,,,,,,,,,,,,,,,,,,
1001346,O-035,Victor Lopes Da Silva,715.017.461-20,61-984060600,,0,,,,,,,,,,,,,,,,,,,,
1001347,P-046,Thiago Ernani Rodrigues de Araujo,897.915.091-15,62-999029201,,0,,,,,,,,,,,,,,,,,,,,
1001348,A-099,Victor Santos Silva,69352500130,62 981359160,,0,,,,,,,,,,,,,,,,,,,,
1001349,J-009,Eduardo Coelho da Costa,13485024104,62 981937945,,0,,,,,,,,,,,,,,,,,,,,
1001350,J-053,Anderson Cerqueira,34411539870,64 999649337,,0,,,,,,,,,,,,,,,,,,,,
1001352,B-007,Luigi Jordanio Almeida de Oliveira,052.543.271-03,61-98361 8275,,0,,,,,,,,,,,,,,,,,,,,
1001355,J-009,Maria Fatima Vieira,043.571.186-54,34 99223-5769,,0,,,,,,,,,,,,,,,,,,,,
1001370,P-072,Ludymilla Guimarães Dutra de Sousa,856.621.271-15,62 98472-1562,,0,,,,,,,,,,,,,,,,,,,,
1001373,P-062,Ricardo Borges Fernandes,611.096.731-91,61-981640083,,0,,,,,,,,,,,,,,,,,,,,
1001375,P-046,Rejane Gracielle Sales de Oliveira Rodrigues,892.612.591-20,62-98580 3880,,0,,,,,,,,,,,,,,,,,,,,
1001380,B-028,Ana Clara Fernandes,,,,0,,,,,,,,,,,,,,,,,,,,
1001381,B-028,Maria Eduarda Fernandes,,,,0,,,,,,,,,,,,,,,,,,,,
1001382,B-028,Lucas Fernandes da Silva,,,,0,,,,,,,,,,,,,,,,,,,,
1001384,B-028,Arthur Fernandes,,,,0,,,,,,,,,,,,,,,,,,,,
1001387,B-028,Nicollas Fernandes da Silva,,,,0,,,,,,,,,,,,,,,,,,,,
1001388,B-028,Otávio Fernandes da Silva,,,,0,,,,,,,,,,,,,,,,,,,,
1001390,B-028,Adriana da Silva Mendonça,,,,0,,,,,,,,,,,,,,,,,,,,
1001391,B-028,Daniella Sales B. da Silva,"01748508164",62 999564203,,0,,,,,,,,,,,,,,,,,,,,
1001393,B-028,Renatha  Cristina da Silva,,,,0,,,,,,,,,,,,,,,,,,,,
1001396,O-089,Eduardo Roberto de Oliveira,769.572.091-72,62 99972-8220,,0,,,,,,,,,,,,,,,,,,,,
1001397,B-040,Geraldo Vieira Junior,758.171.361-04,62-992410108,,0,,,,,,,,,,,,,,,,,,,,
1001398,J-049,Maria Cristina Pinheiro Costa,982.114.801-82 00,61-99877 1298,,0,,,,,,,,,,,,,,,,,,,,
1001400,J-017,Jackeline Lopes Carvalho,40017486149,61 992987337,,0,,,,,,,,,,,,,,,,,,,,
1001401,J-039,Edileusa Benta Neri de Oliveira,229.270.181-20,62-99831 6498,,0,,,,,,,,,,,,,,,,,,,,
1001402,P-006,Luiz Roberto Albuquerque Paiva,017.384.951-24,61-98602 6366,,0,,,,,,,,,,,,,,,,,,,,
1001403,O-051,Jair Aparecido Justino,792.949.958-87,62-999722237,,0,,,,,,,,,,,,,,,,,,,,
1001405,B-022,Leandro Avarino,252.340.168-11,62-99253 6564,,0,,,,,,,,,,,,,,,,,,,,
1001406,P-076,Leandro de Oliveira Gontijo,011.186.791-47,61-3371 8805,,0,,,,,,,,,,,,,,,,,,,,
1001408,J-017,Cleber Antonio Bernardo Antunes,101.729.528-08,11-966178291,,0,,,,,,,,,,,,,,,,,,,,
1001409,P-065,Armando Rosal Falcão,287.136.721-34,61 98423-9147,,0,,,,,,,,,,,,,,,,,,,,
1001410,P-065,Vagnolia Araruna de M Falcão,,61 98454-9854,,0,,,,,,,,,,,,,,,,,,,,
1001411,P-065,Wicsang de Almeida Morais Felix,308.510.171-34,61 99173-5464,,0,,,,,,,,,,,,,,,,,,,,
1001412,P-065,Leticia Almeida Felix,702.515.911-58,61 99406-0919,,0,,,,,,,,,,,,,,,,,,,,
1001415,O-067,Thais Porto Castra Amado,,,,0,,,,,,,,,,,,,,,,,,,,
1001416,O-067,Marcos Leão Lopes,,,,0,,,,,,,,,,,,,,,,,,,,
1001417,O-067,Marcos Leal Amado,,,,0,,,,,,,,,,,,,,,,,,,,
1001418,O-067,Igor Porto Amado,,,,0,,,,,,,,,,,,,,,,,,,,
1001419,O-067,Igor Porto Amado,,,,0,,,,,,,,,,,,,,,,,,,,
1001420,O-067,Igor Porto Amado,,,,0,,,,,,,,,,,,,,,,,,,,
1001421,O-067,Aline Paula Ribeiro,,,,0,,,,,,,,,,,,,,,,,,,,
1001424,B-031,Nara Paula de Souza Vieira Barcelos,,,,0,,,,,,,,,,,,,,,,,,,,
1001426,B-031,Izabella Batistel Vieira,030.094.471-32,,,0,,,,,,,,,,,,,,,,,,,,
1001431,B-031,Jose Carlos Mendes Arantes Junior,029.754.651-14,,,0,,,,,,,,,,,,,,,,,,,,
1001432,O-017,Jackeline Lopes Carvalho,,61 99298-7337,,0,,,,,,,,,,,,,,,,,,,,
1001435,O-017,Miguel Lopes Guedes de Moura,,,,0,,,,,,,,,,,,,,,,,,,,
1001436,O-017,Eloah Lopes de Oliveira,,,,0,,,,,,,,,,,,,,,,,,,,
1001439,G-010,Antonia Rodrigues de Lacerda,100209773877,34544106,,0,,,,,,,,,,,,,,,,,,,,
1001440,B-011,Marli Rosa do Nascimento,58797165115,62 981737397,,0,,,,,,,,,,,,,,,,,,,,
1001442,O-087,Morgana Gomes Santos,,,,0,,,,,,,,,,,,,,,,,,,,
1001443,A-043,George Luiz Antunes,852.299.541-91,61 99157-9882,,0,,,,,,,,,,,,,,,,,,,,
1001446,P-017,Tatiane Martins Pereira da Silva,014.251.521-39,62 99253-6157,,0,,,,,,,,,,,,,,,,,,,,
1001447,P-017,Hugo Rodrigo Alves de Oliveira,728.107.851-04,62 99253-7411,,0,,,,,,,,,,,,,,,,,,,,
1001450,B-047,Gerley Lopes Cardoso,34850651100,62 999780723,,0,,,,,,,,,,,,,,,,,,,,
1001451,A-083,Camilla Lourenço Vieira,90711947104,62 992262979,,0,,,,,,,,,,,,,,,,,,,,
1001452,A-083,Gary Robson Ferreira da Cunha,90527534153,62 992338555,,0,,,,,,,,,,,,,,,,,,,,
1001455,A-060,Leonardo Hungria Guimaraes,556861841-00,64 9 92624122,,0,,,,,,,,,,,,,,,,,,,,
1001458,O-003,Wilma Ferreira de Castro Bernardes,23438282100,64 992262701,,0,,,,,,,,,,,,,,,,,,,,
1001459,O-003,Renan de Campos Bernardes,24849472672,64 996990410,,0,,,,,,,,,,,,,,,,,,,,
1001460,O-004,Lorena Braga Ferreira Machado,,,,0,,,,,,,,,,,,,,,,,,,,
1001462,G-025,Lucivania Natali Lucas da Silva,602.141.631-72,61 98136-3472,,0,,,,,,,,,,,,,,,,,,,,
1001463,G-017,Bulce Teixeira da C. Pereira,,,,0,,,,,,,,,,,,,,,,,,,,
1001464,P-058,Jose Miguel Gravina,606.489.961-15,61 98206-0012,,0,,,,,,,,,,,,,,,,,,,,
1001468,A-099,Erik Roberto Silva,976.366.651-15,62-98430 9338,,0,,,,,,,,,,,,,,,,,,,,Filho adotivo do Rui
1001470,J-043,Limerce Ferreira Lopes,,62 99961-9389,,0,,,,,,,,,,,,,,,,,,,,
1001471,J-043,Fabiano da Silva Chagas,892.485.381-34,62 98409-3076,,0,,,,,,,,,,,,,,,,,,,,
1001473,O-016,Keyla Ferreira dos Reis,76999858187,62 992428540,,0,,,,,,,,,,,,,,,,,,,,
1001474,P-077,Guilherme Henrrique Mesquita,005.312.661-09,62 99186-2762,,0,,,,,,,,,,,,,,,,,,,,
1001475,A-093,Giselle Alves da Silva Frazão,633.512.181-68,64 99303-8956,,0,,,,,,,,,,,,,,,,,,,,
1001488,O-003,Rômulo de Castro Bernandes,009.649.921-40,64-992215667,,0,,,,,,,,,,,,,,,,,,,,
1001489,O-003,Romero de Castro Bernades,011.083.081-47,64-992262679,,0,,,,,,,,,,,,,,,,,,,,
1001490,O-003,Rodolfo de Castro Bernades,,,,0,,,,,,,,,,,,,,,,,,,,
1001492,J-032,Mendelson Cesar Rosa,218371041-15,62 996865451,,0,,,,,,,,,,,,,,,,,,,,
1001496,B-007,Franciel le Almeida de Oliveira,024.898.091-21,619 9969 7184,,0,,,,,,,,,,,,,,,,,,,,
1001497,A-071,Maria Divina Soares Costa,225.743.361-00,61 3358-5277 / 61 99254-2520,,0,,,,,,,,,,,,,,,,,,,,
1001498,G-063,Diogo Santana,025.744.851-90,62 98280-8711,,0,,,,,,,,,,,,,,,,,,,,
1001499,P-061,Max Nazareno de Siqueira Melo,954.271.041-00,62-992788181,,0,,,,,,,,,,,,,,,,,,,,
1001500,P-061,Loyane Vieira Costa Ribeiro,022.320.801-96,62-98228 9222,,0,,,,,,,,,,,,,,,,,,,,Exposa
1001501,O-087,Leonardo Sousa Medeiros,854.513.801-63,62 98149-3742,,0,,,,,,,,,,,,,,,,,,,,
1001503,O-038,Marcos Mamede Ventura,,62 99976-1577,,0,,,,,,,,,,,,,,,,,,,,
1001504,B-100,Marcio Adriano Dourado,773.370.691-20,62 98596-4304,,0,,,,,,,,,,,,,,,,,,,,
1001505,a-083,Karolina Loureço Vieira,"906;888.991-53",62 99266-0756,,0,,,,,,,,,,,,,,,,,,,,
1001507,J-022,Thaynara Batista,078.575.841-00,64 99226-8235,,0,,,,,,,,,,,,,,,,,,,,
1001509,G-048,Paula Cristina Cunha de Oliveira,597.588.641-49,61 98448-3315,,0,,,,,,,,,,,,,,,,,,,,
1001510,A-098,Maria de Fatima Souza Faria,75970732168,61 993701903,,0,,,,,,,,,,,,,,,,,,,,
1001511,A-051,Antonio Barros de Araujo Castro,"01999177878",61 999614874,,0,,,,,,,,,,,,,,,,,,,,
1001513,G-042,Eduardo Bernardes,584.091.571-87,61 99260-3051,,0,,,,,,,,,,,,,,,,,,,,
1001515,A-044,Gilberto de Oliveira dos Santos,26352915191,62 985377673,,0,,,,,,,,,,,,,,,,,,,,
1001516,J-004,Julio Eduardo Soares Dias,478.667.301-30,62 992909699,,0,,,,,,,,,,,,,,,,,,,,
1001517,P-030,Saulo Ribeiro Pires,014.205.581-61,62998670556,,0,,,,,,,,,,,,,,,,,,,,
1001519,P-071,João Emanoel Barbosa Silva,020.256.751-60,6199970 3836,,0,,,,,,,,,,,,,,,,,,,,
1001521,B-109,Tulio Cesar Elyades,306.683.491-87,62 99811-6800,,0,,,,,,,,,,,,,,,,,,,,
1001522,B-109,Katia Graziela de Abreu,323.498.821-87,62 99107-8887,,0,,,,,,,,,,,,,,,,,,,,
1001533,P-063,Cleide Sônia Baldoino,566.035.331-20,64 99214-5032,,0,,,,,,,,,,,,,,,,,,,,Locataria
1001535,P-063,Valtercley A. Baldoino,,,,0,,,,,,,,,,,,,,,,,,,,Locatario
1001536,B-062,Carlos Henrique Melo Mundim,24034550678,34 999594564,,0,,,,,,,,,,,,,,,,,,,,
1001537,A-080,Jean da silva Andre,726.369.551-00,61-99345 5055,,0,,,,,,,,,,,,,,,,,,,,
1001538,A-080,Carla Cristhine Souza Faria Andrade,694.082.701-34,61-99200 5062,,0,,,,,,,,,,,,,,,,,,,,
1001540,O-050,Elsa das Grassas Ferreira,099.048.081-04,61 98152-3919,,0,,,,,,,,,,,,,,,,,,,,locatária Mensal
1001541,O-099,Lucas Augusto Silva,"07453321107",64 992211257,,0,,,,,,,,,,,,,,,,,,,,
1001543,G-046,Cristiane Cunha de Oliveira,592.323.231-68,62 98128-1112,,0,,,,,,,,,,,,,,,,,,,,
1001547,B-113,Arturo Mouro Martinez,153.070.001-97,61 98176-6661,,0,,,,,,,,,,,,,,,,,,,,
1001548,B-113,Pablo Mouro Martins,,,,0,,,,,,,,,,,,,,,,,,,,
1001549,B-113,Marla Luana A. Rio,583.935.521-68,61 98324-8563,,0,,,,,,,,,,,,,,,,,,,,
1001550,B-113,Sebastião Alves Silva,097.394.401-34,6198656-2208,,0,,,,,,,,,,,,,,,,,,,,
1001553,A-060,Yara Silva Guimarães,,,,0,,,,,,,,,,,,,,,,,,,,
1001554,A-060,Caick Hungria Carvalho Ribeiro,,,,0,,,,,,,,,,,,,,,,,,,,
1001555,A-060,Lorrany Garces Hungria,,,,0,,,,,,,,,,,,,,,,,,,,
1001556,A-060,Yasmin Guimarães,,,,0,,,,,,,,,,,,,,,,,,,,
1001557,A-060,Miguel C. R.,,,,0,,,,,,,,,,,,,,,,,,,,
1001558,A-060,Marcos Campos Silva,,,,0,,,,,,,,,,,,,,,,,,,,
1001559,A-060,Ana Carolina Lima,,,,0,,,,,,,,,,,,,,,,,,,,
1001560,A-060,Glécia Ap. Vieira da Silva,,,,0,,,,,,,,,,,,,,,,,,,,
1001561,A-060,Leonardo H. Guimarães Filho,,,,0,,,,,,,,,,,,,,,,,,,,
1001564,B-062,Karine P. Oliveira Mundim,,,,0,,,,,,,,,,,,,,,,,,,,
1001567,A-006,Pedro Henrique Petruceli Paes,000.755.031-66,61 98130-5253,,0,,,,,,,,,,,,,,,,,,,,
1001568,P-006,Daniella Albuquerque Paiva,"00076209180",61 983297099,,0,,,,,,,,,,,,,,,,,,,,
1001569,J-001,Gustavo Jardim Portella,785.517.491-53,61 98234-1221,,0,,,,,,,,,,,,,,,,,,,,
1001570,P-020,Wesley Welasco Santana,81946775134,61 996982357,,0,,,,,,,,,,,,,,,,,,,,
1001571,P-020,Leny Francisca do Nascimento,18393730163,61 999725725,,0,,,,,,,,,,,,,,,,,,,,
1001572,P-020,Ronildes Aparecida de Souza,"05043286628",61 996383871,,0,,,,,,,,,,,,,,,,,,,,
1001573,A-095,Celia Silva Francisco de Moura,38022702153,62 982231731,,0,,,,,,,,,,,,,,,,,,,,
1001574,P-041,Marcelo Mattar,042.859.589-20,61-982841076,,0,,,,,,,,,,,,,,,,,,,,
1001575,B-028,Wanessa Cristina Fernandes,695.008.001-87,62-981411003,,0,,,,,,,,,,,,,,,,,,,,
1001576,B-028,Eduardo Henrique dias Costa,648.927.271-72,6298202 2311,,0,,,,,,,,,,,,,,,,,,,,
1001577,J-055,Fernando Teles Cordeiro,016.926.121-23,62-98153 7921,,0,,,,,,,,,,,,,,,,,,,,
1001578,J-043,Elias Rafael de Sousa,003.411.961-26,62-98205 1872,,0,,,,,,,,,,,,,,,,,,,,
1001579,B-064,Mauricio Arantes Rodrigues,554.817.106-25,62-98575 9229,,0,,,,,,,,,,,,,,,,,,,,
1001586,O-032,Brenno Rodovalho Machado,710.827.511-20,62 99162-3533,,0,,,,,,,,,,,,,,,,,,,,
1001587,O-090,Mucio Gomes de Sousa Filho,002.505.061-30,62 98115-1983,,0,,,,,,,,,,,,,,,,,,,,
1001588,O-090,Bruna Angelica Limongi Pereira de Sousa,029.182.731-47,62 98156-9970,,0,,,,,,,,,,,,,,,,,,,,
1001589,,Vinicius Cesar Ferreira Rosa,037.130.451-27,27 99269-6913,,0,,,,,,,,,,,,,,,,,,,,
1001590,B-022,luana Souza Avarino,712.711.704-95,62 99160-5757,,0,,,,,,,,,,,,,,,,,,,,
1001592,O-076,Marcelo Vitor da Silva Rodrigues,053.421.021-03,61 99942-7526,,0,,,,,,,,,,,,,,,,,,,,
1001594,B-102,Paulo Estevam de Souza,25154303172,62 984092399,,0,,,,,,,,,,,,,,,,,,,,
1001595,J-008,Jecsandra Rocha da Silva,94927553191,61 986531529,,0,,,,,,,,,,,,,,,,,,,,
1001596,P-035,Sergio Antonino Fonseca,101.606.711-91,61 991969210,,0,,,,,,,,,,,,,,,,,,,,
1001598,O-035,Thiago Pereira Barcelo,001.245.861-98,6198589 7010,,0,,,,,,,,,,,,,,,,,,,,
1001599,O-089,Cleber Roberto Porto,770.742.461-15,62 98147 9382,,0,,,,,,,,,,,,,,,,,,,,
1001600,A-045,Iolanda Correa Neves Sena,335.553.381-53,62-99101 9028,,0,,,,,,,,,,,,,,,,,,,,
1001601,G-039,Rosangela Consuelo Costa,301.170.201-25,62-99123 4404,,0,,,,,,,,,,,,,,,,,,,,
1001602,P-066,Cynthia Maria martins de Paiva,958.627.301-68,34 99998-8092,,0,,,,,,,,,,,,,,,,,,,,
1001603,J-037,Ana Paula Batista de Almeida,462.212.551-04,61 99973-2793,,0,,,,,,,,,,,,,,,,,,,,
1001607,J-001,Ana Lucia Jardim Portella Borges,46958584104,64 981241236,,0,,,,,,,,,,,,,,,,,,,,
1001608,J-001,Telmo Arantes Borges,31172415153,64 992640692,,0,,,,,,,,,,,,,,,,,,,,
1001610,P-027,Igor Santoro de Moura,"02600729151",62 981726473,,0,,,,,,,,,,,,,,,,,,,,
1001611,J-027,Natalia Montecelli Guimaraes Manso,"03603605136",62 981324454,,0,,,,,,,,,,,,,,,,,,,,
1001612,A-093,Medson Jose Alves da Silva Frazão,055.447.571-51,64-99232 2266,,0,,,,,,,,,,,,,,,,,,,,
1001614,O-012,José Acacío Nacimento,223.505.001-87,61 98129-4333,,0,,,,,,,,,,,,,,,,,,,,
1001615,O-012,Victor Teixeira Nascimento,038.744.291-05,61 99965-7089,,0,,,,,,,,,,,,,,,,,,,,
1001616,O-012,Lucia Caroline Machado,,,,0,,,,,,,,,,,,,,,,,,,,
1001617,A-057,Ana Leda Tomaz Batista da Silva,152.012.871-15,61 98238-4765,,0,,,,,,,,,,,,,,,,,,,,
1001620,B-010,Robson Marcelo Liotti,273.952.828-09,64-98410 9882,,0,,,,,,,,,,,,,,,,,,,,
1001621,B-010,Debora Cristina  Toth,247.796.208-64,64-99218 1441,,0,,,,,,,,,,,,,,,,,,,,
1001622,J-034,Bruno Bailoni de Souza,010.660.681-60,62-98627 5431-----62- 991017692,,0,,,,,,,,,,,,,,,,,,,,
1001623,B-102,Simone Suely de Oliveira Silvestre,372.828.081-04,62 98171-4691,,0,,,,,,,,,,,,,,,,,,,,
1001627,G-003,Bruna Silva Santos Lopes,993.616.711-20,62 99284-7295,,0,,,,,,,,,,,,,,,,,,,,
1001628,G-003,Fabio  Lopes Rosa,863.690.911-20,62 99229-2929,,0,,,,,,,,,,,,,,,,,,,,
1001629,G-003,Gabriela Santos Lopes,,,,0,,,,,,,,,,,,,,,,,,,,
1001630,G-003,Sophia Santos Lopes,,,,0,,,,,,,,,,,,,,,,,,,,
1001633,G-003,Isabela Santos Braga,,,,0,,,,,,,,,,,,,,,,,,,,
1001634,G-003,Iolanda Melo Santos,,,,0,,,,,,,,,,,,,,,,,,,,
1001635,G-003,Maria do Rosário Fleury,,,,0,,,,,,,,,,,,,,,,,,,,
1001636,G-003,Rosimary Melo,,,,0,,,,,,,,,,,,,,,,,,,,
1001637,G-003,Leandro Davi Santos,,,,0,,,,,,,,,,,,,,,,,,,,
1001639,J-028,Pedro Henrique G. do Amaral,,,,0,,,,,,,,,,,,,,,,,,,,
1001640,J-028,Anderson da C. Amaral,,,,0,,,,,,,,,,,,,,,,,,,,
1001641,A-044,Murilo Oliveira Barbosa,,,,0,,,,,,,,,,,,,,,,,,,,
1001643,A-044,João Paulo Oliveira Barbosa,,,,0,,,,,,,,,,,,,,,,,,,,
1001644,A-044,Pedro Felipe Oliveira Barbosa,044.494.661-60,62-981290936,,0,,,,,,,,,,,,,,,,,,,,
1001645,J-001,Bruno Portella Borges,,,,0,,,,,,,,,,,,,,,,,,,,
1001646,J-001,luciana  Portella Borges,,,,0,,,,,,,,,,,,,,,,,,,,
1001648,J-001,Derick Henrique de S. Cardoso,,,,0,,,,,,,,,,,,,,,,,,,,
1001650,O-050,Lidiane Barbosa,,,,0,,,,,,,,,,,,,,,,,,,,
1001652,O-050,Roseane Barbosa,,,,0,,,,,,,,,,,,,,,,,,,,
1001653,O-050,Edmilson,,,,0,,,,,,,,,,,,,,,,,,,,
1001654,O-050,Rodrigo Paniabo,,,,0,,,,,,,,,,,,,,,,,,,,
1001655,O-050,Henry,,,,0,,,,,,,,,,,,,,,,,,,,
1001656,O-050,João Paulo F. Lima,,,,0,,,,,,,,,,,,,,,,,,,,
1001660,O-012,Osmarina Teixeira Machado,,,,0,,,,,,,,,,,,,,,,,,,,
1001661,O-012,Ivancide Teixeira Machado,,,,0,,,,,,,,,,,,,,,,,,,,
1001662,O-012,Devailton Teixeira Machado,,,,0,,,,,,,,,,,,,,,,,,,,
1001664,O-012,Domingas Nusia Nascimento,,,,0,,,,,,,,,,,,,,,,,,,,
1001668,G-066,Charles R. Santos,,,,0,,,,,,,,,,,,,,,,,,,,
1001669,G-066,Rosa J. Almeida,,,,0,,,,,,,,,,,,,,,,,,,,
1001670,G-066,Tiago Marcelino,,,,0,,,,,,,,,,,,,,,,,,,,
1001671,G-066,Gisele Moura,,,,0,,,,,,,,,,,,,,,,,,,,
1001672,G-066,Branca A. Costa,,,,0,,,,,,,,,,,,,,,,,,,,
1001673,G-066,Pedro Lucas S. Amorim,,,,0,,,,,,,,,,,,,,,,,,,,
1001674,G-066,Ana Julia S.P Amorim,,,,0,,,,,,,,,,,,,,,,,,,,
1001682,B-059,Igor Telles ( filho),,,,0,,,,,,,,,,,,,,,,,,,,casa alugada mensal
1001683,B-059,Raviel Telles (filho),,,,0,,,,,,,,,,,,,,,,,,,,Casa alugada mensal
1001684,B-059,Bruna Telles (filho),,,,0,,,,,,,,,,,,,,,,,,,,casa alugada mensal
1001687,J-009,Maria Tereza Vieira,129.649.301-63,34 99166-6815,,0,,,,,,,,,,,,,,,,,,,,
1001690,J-009,Roberta Vieira Chaveiro,"03991829690",34 991402340,,0,,,robertavchaveiro@gmail.com,,,,,,,,,,,,,,,,,
1001691,P-068,Marcelo Pires Fonseca,960.909.361-20,62 99297-7447,,0,,,,,,,,,,,,,,,,,,,,
1001692,P-068,Alynne Ribeiro Fonseca,959.707.111-87,62 99613-2488,,0,,,,,,,,,,,,,,,,,,,,
1001694,O-098,Ivanio Jose da Rocha,083.166.781-87,62 99432-4481,,0,,,,,,,,,,,,,,,,,,,,
1001696,p-061,Wanessa de Siqueira Melo,95466550159,62 981400886,,0,,,,,,,,,,,,,,,,,,,,
1001697,p-048,Leticia Leifheit,90192990004,64 981045542,,0,,,,,,,,,,,,,,,,,,,,
1001698,O-001,Nilo Sergio dos Santos Vieira,95131434653,64 981458422,,0,,,,,,,,,,,,,,,,,,,,
1001699,G-032,Ludimilla Faleiro Santos Neto,023.360.471-52,62-99177 1648,,0,,,,,,,,,,,,,,,,,,,,
1001701,G-032,Rodrigo Soares Neto,009.705.991-96,62-99428 6633,,0,,,,,,,,,,,,,,,,,,,,Senhor Rodrigo e casado com a senhora Ludimilla filha do propietario
1001704,G-067,Andre Luiz de Souza,700.215.461-34,61 99122-7747,,0,,,,,,,,,,,,,,,,,,,,
1001705,O-011,Lucas Mendes Louza,017.054.101-03,62 98108-3740,,0,,,,,,,,,,,,,,,,,,,,
1001706,O-011,Livia Cordeiro Borges Louza,014.536.431-33,62 98146-3511,,0,,,,,,,,,,,,,,,,,,,,
1001707,A-029,Isaura Campos Brasil,864.594.061-20,62 99195-9507,,0,,,,,,,,,,,,,,,,,,,,
1001708,A-029,Marcos Valdez Mendes,252.029.951-72,62 99176-1762,,0,,,,,,,,,,,,,,,,,,,,
1001713,A-088,Marcia Silva Batista Resende,133.763.651-72,62 99234-8835,,0,,,,,,,,,,,,,,,,,,,,
1001714,B-089,Evelyn Caroline Lemos Lopes,019.173.331-88,62 98116-7057,,0,,,,,,,,,,,,,,,,,,,,
1001723,A-044,MAURO CELIO LEONEL DO AMARAL,42712173104,64 992387746,,0,,,,,,,,,,,,,,,,,,,,
1001724,A-044,MARIA DE FATIMA BARBOSA DO AMARAL,58704795172,,,0,,,,,,,,,,,,,,,,,,,,
1001725,A-044,LORRAYNE BARBOSA AMARAL,,,,0,,,,,,,,,,,,,,,,,,,,
1001727,A-044,LUCAS BARBOSA AMARAL,,,,0,,,,,,,,,,,,,,,,,,,,
1001728,A-044,WESLLAINY RODRIGUES DO NASCIMENTO,,,,0,,,,,,,,,,,,,,,,,,,,
1001730,A-044,ANA VITORIA COSTA BRAGA,,,,0,,,,,,,,,,,,,,,,,,,,
1001731,A-044,MARIA WILMA BARBOSA DE SOUZA,,,,0,,,,,,,,,,,,,,,,,,,,
1001732,A-044,RAIMUNDA OLIVEIRA BARBOSA,,,,0,,,,,,,,,,,,,,,,,,,,
1001734,A-044,VALDIVINO OLIVEIRA DOS SANTOS,,,,0,,,,,,,,,,,,,,,,,,,,
1001735,A-044,ROSIMEIRE OLIVEIRA DOS SANTOS,,,,0,,,,,,,,,,,,,,,,,,,,
1001738,A-044,AGNER VIEIRA SANTOS,,,,0,,,,,,,,,,,,,,,,,,,,
1001739,A-044,GILVAN OLIVEIRA DOS SANTOS,,,,0,,,,,,,,,,,,,,,,,,,,
1001741,A-044,BEATRIZ LOPES DOS SANTOS,,,,0,,,,,,,,,,,,,,,,,,,,
1001742,A-044,ARTHUR LOPES DOS SANTOS,,,,0,,,,,,,,,,,,,,,,,,,,
1001743,A-044,PAULO MOREIRA DOS SANTOS,,,,0,,,,,,,,,,,,,,,,,,,,
1001746,A-044,MARIA DE FÁTIMA REIS,,,,0,,,,,,,,,,,,,,,,,,,,
1001749,B-035,CLAUDIANNE VIEIRA,,,,0,,,,,,,,,,,,,,,,,,,,
1001752,B-035,MARIA DE FATIMA T. ROCHA,,,,0,,,,,,,,,,,,,,,,,,,,
1001753,B-035,MARIA CONCEIÇÃO ALMEIDA,,,,0,,,,,,,,,,,,,,,,,,,,
1001756,A-029,Anderson Joel Borges,60151196168,62 991165691,,0,,,,,,,,,,,,,,,,,,,,
1001757,A-029,Patricia Campos Brasil,,62 991745853,,0,,,,,,,,,,,,,,,,,,,,
1001759,P-062,Geraldo Clemente Fernandes,118.585.671-49,61 98560-9865,,0,,,,,,,,,,,,,,,,,,,,
1001761,P-053,Carlos Augusto,30442788720,64 98130-3157,,0,,,,,,,,,,,,,,,,,,,,
1001762,A-005,Graziele Santana Correia Mendes,986.939.806-53,"034999741411",,0,,,,,,,,,,,,,,,,,,,,
1001763,J-034,Ivan José Resende Sousa,148.910.181-00,62 99244-4563,,0,,,,,,,,,,,,,,,,,,,,
1001764,G-064,Jhonatan maia gomes,"03600667122",61 991362571,,0,,,,,,,,,,,,,,,,,,,,
1001765,G-023,Pedro Henrique Santos Sales,"02885617160",62 992223506,,0,,,,,,,,,,,,,,,,,,,,
1001766,O-011,Rogerio Eavaristo Chaveiro Fam,75818850110,62 999780207,,0,,,,,,,,,,,,,,,,,,,,
1001767,O-011,Nubia Cristina Louza Chaveiro,65621000110,62 996376264,,0,,,,,,,,,,,,,,,,,,,,
1001768,G-070,Gerson Pereira da Silva,"02648377115",62 32331134,,0,,,,,,,,,,,,,,,,,,,,
1001770,B-048,Paulo Henrique Martins Santos,56126743172,61 981449738,,0,,,,,,,,,,,,,,,,,,,,
1001771,A-061,Patricia Vieira Guimarães,53226259172,62 984977906,,0,,,,,,,,,,,,,,,,,,,,
1001772,A-062,Carolina Viana Macedo,"00210057106",62 992175255,,0,,,,,,,,,,,,,,,,,,,,
1001773,a-061,Sander Mariano Machado Soares,62427440159,62 984129532,,0,,,,,,,,,,,,,,,,,,,,
1001774,O-076,Hernando Rodrigues de Souza,79360130168,61 991339294,,0,,,,,,,,,,,,,,,,,,,,
1001777,A-072,Eduardo Henrique Oliveira Peres,"04010921196",61 991117120,,0,,,,,,,,,,,,,,,,,,,,
1001778,A-060,Victoria Santos Lorenço e Silva,11710132647,95 981049120,,0,,,,,,,,,,,,,,,,,,,,
1001779,B-040,Leandro Oliveira Machado,92859631100,62 996931981,,0,,,,,,,,,,,,,,,,,,,,
1001781,O-030,Pedro Henrique Araujo,72996641191,92 999264717,,0,,,,,,,,,,,,,,,,,,,,
1001782,a-087,Rafael Marques de Rezende,019.678.621-50,062 98159-5505,,0,,,,,,,,,,,,,,,,,,,,inquilino
1001784,A-087,Fernanda Sousa Portes,026.328.481-64,62 98112-0262,,0,,,,,,,,,,,,,,,,,,,,inquilino
1001785,A-087,Henrique Pureza Portes,,,,0,,,,,,,,,,,,,,,,,,,,
1001787,A-087,Luizmar Theodoro de Rezende,,,,0,,,,,,,,,,,,,,,,,,,,
1001788,A-087,Ilnete Marques do Espirito Santo Rezende,,,,0,,,,,,,,,,,,,,,,,,,,
1001792,B-098,Justino Ferreira de Oliveira,139.915.233-53,61 981272655,,0,,,,,,,,,,,,,,,,,,,,
1001795,P-061,Maysa Manoela Siqueira Melo,90896211134,62 982146192,,0,,,,,,,,,,,,,,,,,,,,
1001796,P-061,Lando Bonatti Soares,93764413115,62 992156610,,0,,,,,,,,,,,,,,,,,,,,
1001805,A-101,ELOIZA REIS REBEIRO,,,,0,,,,,,,,,,,,,,,,,,,,
1001807,A-101,MATEUS RODRIGUES DE CARVALHO,,,,0,,,,,,,,,,,,,,,,,,,,
1001822,B-065,Rogerio Botelho de Morais,"00953803104",61 985955361,,0,,,,,,,,,,,,,,,,,,,,
1001826,P-047,Maria Ires Cordeiro da Mata,,61,,0,,,,,,,,,,,,,,,,,,,,
1001827,P-083,Fernanda de Meneses Petracconi,598.770.811-72,62 98408-7878,,0,,,,,,,,,,,,,,,,,,,,
1001828,p-026,Rosangela Rodrigues Barbosa,49937901120,62 992885989,,0,,,,,,,,,,,,,,,,,,,,
1001829,A-007,Marilene Cristiny Silva Rodrigues dos Reis,,61 99279-6982,,0,,,,,,,,,,,,,,,,,,,,
1001830,A-007,Robert Lucas Silva Fernandes,,,,0,,,,,,,,,,,,,,,,,,,,
1001831,A-007,Sthefanny Cristiny Silva dos Reis,,,,0,,,,,,,,,,,,,,,,,,,,
1001832,A-007,Evellyn Cristiny Silva dos Reis,,,,0,,,,,,,,,,,,,,,,,,,,
1001833,A-007,William da Silva Rodrigues,,,,0,,,,,,,,,,,,,,,,,,,,
1001834,A-007,Agna Sousa Pereira de Matos Rodrigues,,,,0,,,,,,,,,,,,,,,,,,,,
1001835,A-007,Enzo William de Matos Rodrigues,,,,0,,,,,,,,,,,,,,,,,,,,
1001836,A-007,Maria Júlia de Matos Rodrigues,,,,0,,,,,,,,,,,,,,,,,,,,
1001839,O-078,Adryenne de Carvalho Mello,712.384.171-91,62-99270650,,0,,,,,,,,,,,,,,,,,,,,
1001840,J-002,Angela Maria Bizzotto de Carvalho,69943699191,62 33131926/ 62996173634,,0,,,,,,,,,,,,,,,,,,,,
1001842,O-093,Joaquim Emanuel Maia de Paula,262.751.801-10,62 98478-3271,,0,,,,,,,,,,,,,,,,,,,,
1001843,O-089,Claudio Roberto Porto,547.817.011-91,62 99229-9900,,0,,,,,,,,,,,,,,,,,,,,
1001848,P-045,Renato Pires de Carvalho Amaral,587.023.931-15,62 99612-7084,,0,,,,,,,,,,,,,,,,,,,,
1001849,P-045,Jacinta Crispim da Silva Amaral,867.683.101-78,62 99691-1145,,0,,,,,,,,,,,,,,,,,,,,
1001850,O-098,Sandra Adelly Alves Rocha,863.289.131-68,62 99699-3387,,0,,,,,,,,,,,,,,,,,,,,
1001854,B-101,Bruno Leonardo Mota Barbosa,709.900.261-91,62-985063716,,0,,,,,,,,,,,,,,,,,,,,
1001857,O-060,Marcelo Gracia Canassa,105.047.748-08,62 99957-7305,,0,,,,,,,,,,,,,,,,,,,,
1001858,O-060,Flavia Valeria Moreira,795.229.471-72,62 99912-7423,,0,,,,,,,,,,,,,,,,,,,,
1001859,A-044,Gabriel Oliveira Barbosa,"04449467132",62 981724458,,0,,,,,,,,,,,,,,,,,,,,
1001860,J-048,Cinira Regina dos Santos Nascimento,27349497687,62 981219787,,0,,,,,,,,,,,,,,,,,,,,
1001861,A-012,Victor Hugo Martins Mendes,051.843.701-98,62-981717176,,0,,,,,,,,,,,,,,,,,,,,
1001862,A-097,Vandeir José da Costa,485.246.111-20,62 98415-2319,,0,,,,,,,,,,,,,,,,,,,,
1001865,B-047,Joice Lopes Cardoso,034.153.241-09,62996129916,,0,,,,,,,,,,,,,,,,,,,,
1001866,O-024,Max Okamoto,825.021.881-72,62 98102-3210,,0,,,,,,,,,,,,,,,,,,,,
1001869,O-088,Vaine Marta Neiva,,,,0,,,,,,,,,,,,,,,,,,,,
1001871,O-088,Erço Luiz Neiva,,,,0,,,,,,,,,,,,,,,,,,,,
1001873,O-088,Solyamar Dayse Neiva Soares,,,,0,,,,,,,,,,,,,,,,,,,,
1001874,O-088,Bruno Neiva Pinheiro,,,,0,,,,,,,,,,,,,,,,,,,,
1001875,O-088,Beatriz Neiva Caetano Ferreira,,,,0,,,,,,,,,,,,,,,,,,,,
1001879,O-088,Giovana Suely Neiva Soares,,,,0,,,,,,,,,,,,,,,,,,,,
1001880,O-088,Isabela Neiva de Oliveira,,,,0,,,,,,,,,,,,,,,,,,,,
1001881,O-088,Adriane de Faria Neiva,692.961.031-34,,,0,,,,,,,,,,,,,,,,,,,,
1001882,O-088,João Vitor Neiva Nunes,,,,0,,,,,,,,,,,,,,,,,,,,
1001883,O-088,Gabriela Neiva Nunes,,,,0,,,,,,,,,,,,,,,,,,,,
1001884,O-088,Luciane de Faria Neiva Martins,702.108.881-72,61-98126 7175,,0,,,,,,,,,,,,,,,,,,,,
1001886,O-088,Vinicius Neiva Martins,,,,0,,,,,,,,,,,,,,,,,,,,
1001887,O-088,Amanda Neiva Martins,,,,0,,,,,,,,,,,,,,,,,,,,
1001888,O-060,Bruno Gracia de Oliveira Canassa,,,,0,,,,,,,,,,,,,,,,,,,,
1001890,O-060,Davi Gracia Moreira Canassa,,,,0,,,,,,,,,,,,,,,,,,,,
1001891,G-009,weslei Ferreira Ramos,285.935.701-78,64 99244-3262,,0,,,,,,,,,,,,,,,,,,,,
1001894,B-078,Lucas Henrique Cicilio Araujo,"01923541161",64 981026559,,0,,,,,,,,,,,,,,,,,,,,
1001899,P-019,Thiago Bessa Dias,347.609.728-54,64-99922 4302,,0,,,,,,,,,,,,,,,,,,,,
1001900,P-019,Fernanda Sousa Felix Bessa,011.174.701-56,64-98162 1993,,0,,,,,,,,,,,,,,,,,,,,
1001901,J-033,Leticia Pery Dias,702.011.301-06,64-99240 2931,,0,,,,,,,,,,,,,,,,,,,,
1001902,J-033,Joel Pery,702.839.031-47,64 99329-2901,,0,,,,,,,,,,,,,,,,,,,,
1001903,O-061,Otaviano Meireles Neto,278.867.271-34,61 99247-7662,,0,,,,,,,,,,,,,,,,,,,,
1001907,B-043,Daniele Aparecida Rodrigues da Silva Oliveira,325.851.388-010,64-99247 5395,,0,,,,,,,,,,,,,,,,,,,,
1001908,P-004,Sergio Roberto Fernandes,,64 98149-6400,,0,,,,,,,,,,,,,,,,,,,,
1001909,A-093,Breno de Sousa Batista,044.649.111-02,64-992114729,,0,,,,,,,,,,,,,,,,,,,,
1001910,O-069,Angela Cristina Matias Esteves,508.633.981-20,64 3453-3997 / 62 98553-6101,,0,,,,,,,,,,,,,,,,,,,,
1001912,b-078,Mariana dierings croda,011-58158130,64-9961-58549,,0,,,,,,,,,,,,,,,,,,,,
1001913,G-011,Joaquim Ferraz de Lima Sobrinho,044.489.451-72,62 98145-3827,,0,,,,,,,,,,,,,,,,,,,,
1001914,P-074,Eunice Maria da Silva,606.746.521-34,64 99945-1516,,0,,,,,,,,,,,,,,,,,,,,
1001916,A-029,Christina camps Brasil,93908679168,62 991676846,,0,,,,,,,,,,,,,,,,,,,,
1001917,A-029,Cristiankelly Vasconcelos Braga,"00526166142",62 986479495,,0,,,,,,,,,,,,,,,,,,,,
1001918,A-011,Nixom Gonçalves Costa,59954981187,64 981089807,,0,,,,,,,,,,,,,,,,,,,,
1001920,G-060,Lucimar da Silva,811.936.291-87,62-98167 3573,,0,,,,,,,,,,,,,,,,,,,,
1001926,A-011,Marina Gonçalves Vieira,"04949522108",64 992402966,,0,,,,,,,,,,,,,,,,,,,,
1001929,B-048,Jose de Arimatea dos Santos,127400041-68,61 9914-4915,,0,,,,,,,,,,,,,,,,,,,,
1001930,O-029,Paulo Roberto Silva,70279187149,64 992323873,,0,,,,,,,,,,,,,,,,,,,,
1001932,J-033,Patricia Pery,702.839.101-94,64 99255-4664,,0,,,,,,,,,,,,,,,,,,,,
1001933,P-060,Noemi Guimarães Rodrigues,096.091.801-91,64 98132-2559,,0,,,,,,,,,,,,,,,,,,,,
1001934,P-060,Fernanda Guimarães Rodrigues,,,,0,,,,,,,,,,,,,,,,,,,,
1001939,P-062,Rodrigo Borges Fernandes,705.462.661-34,61-98636 2533,,0,,,,,,,,,,,,,,,,,,,,
1001940,P-062,Carlos Roberto Borges Fernandes,837.728.471-53,,,0,,,,,,,,,,,,,,,,,,,,
1001941,O-088,Mario Lucio Neiva,073.167.471-53,61-98109 9003,,0,,,,,,,,,,,,,,,,,,,,
1001942,B-112,Paulo Rabelo de Almeida,47248641-34,(62)9994-94741,,0,,,,,,,,,,,,,,,,,,,,
1001943,P-024,Aline Constancio Ramos Silva,711.599.751-91,61 98541-6303,,0,,,,,,,,,,,,,,,,,,,,
1001944,B-094,Monique Jesus Rodrigues Moura,003.491.461-79,62 98175-9513,,0,,,,,,,,,,,,,,,,,,,,
1001945,O-088,Douglas Araujo Martins,885.547.401-49,61 98119-7025,,0,,,,,,,,,,,,,,,,,,,,
1001947,O-061,Mharlla Taveira Santil,779.157.201-04,61 99254-2759,,0,,,,,,,,,,,,,,,,,,,,
1001948,O-064,Lissandros Marra,610.810.431-72,61 99334-1651,,0,,,,,,,,,,,,,,,,,,,,
1001949,P-049,Rosangela Celestino Silva Assis,247.004.281-04,62 99989-9762,,0,,,,,,,,,,,,,,,,,,,,
1001950,A-044,Mikaell Barbosa,688.228.982-49,69-99920 0102,,0,,,,,,,,,,,,,,,,,,,,
1001951,A-044,Franciele Regis Garcia,835.993.122-49,69-99920 0302,,0,,,,,,,,,,,,,,,,,,,,
1001953,J-026,Helenice Rodrigues da Cruz,128.624.441-20,62-99187 5453,,0,,,,,,,,,,,,,,,,,,,,
1001954,A-062,Anderson Viana Macedo,607.284.501-00,62-999904243,,0,,,,,,,,,,,,,,,,,,,,
1001955,A-062,Ludmila Melo Nunes,028.829.881-44,62-982684538,,0,,,,,,,,,,,,,,,,,,,,
1001957,B-028,Adriano da Cruz Mendonça,70334358191,62 984345454,,0,,,,,,,,,,,,,,,,,,,,
1001958,A-078,Maria Neuzinete do Carmo Baeta,768.938.391-20,64 99979-1896,,0,,,,,,,,,,,,,,,,,,,,
1001959,A-017,Claudio Araujo de Souza,25540022823,13 991361490,,0,,,,,,,,,,,,,,,,,,,,
1001960,P-035,Thais Regina da Fonseca,033.202.271-97,61-998198184,,0,,,,,,,,,,,,,,,,,,,,
1001961,O-065,Joao Claudio Dias Viana,83521199104,61 995591402,,0,,,,,,,,,,,,,,,,,,,,
1001962,P-011,kATIA fARIAS NUNES,35788119120,61 999796348,,0,,,,,,,,,,,,,,,,,,,,
1001963,A-023,Ana Paula Maria Lacerda,885.467.641-15,62-994239944,,0,,,,,,,,,,,,,,,,,,,,
1001964,A-023,Iuri Lacerda Benicio,702.511.701-36,62-994239915,,0,,,,,,,,,,,,,,,,,,,,
1001969,o-008,Nubia Alves Peixoto,656203561-91,,,0,,,,,,,,,,,,,,,,,,,,
1001971,O-008,Maria Vitoria Peixoto Alves Pacheco,,,,0,,,,,,,,,,,,,,,,,,,,
1001972,O-008,Silvia Peixoto Alves,320.555.791-34,62 99979-6268,,0,,,,,,,,,,,,,,,,,,,,
1001973,O-008,Fabio Peixoto Alves,,,,0,,,,,,,,,,,,,,,,,,,,
1001974,O-008,Mauricio Peixoto Alves,,,,0,,,,,,,,,,,,,,,,,,,,
1001975,O-008,Gustavo Peixoto Alves Faria,,,,0,,,,,,,,,,,,,,,,,,,,
1001978,O-008,Celia Peixoto da Silva,,,,0,,,,,,,,,,,,,,,,,,,,
1001979,O-008,Rogerio Peixoto da Silva,,,,0,,,,,,,,,,,,,,,,,,,,
1001980,O-008,Cristiane Maria Ferreira da Silva,,,,0,,,,,,,,,,,,,,,,,,,,
1001981,O-008,Guilherme Freire da Silva Peixoto,,,,0,,,,,,,,,,,,,,,,,,,,
1001982,O-008,Isabelle Freire da Silva Peixoto,,,,0,,,,,,,,,,,,,,,,,,,,
1001985,O-008,Kytia Gonçalves Silva de Carvalho,,,,0,,,,,,,,,,,,,,,,,,,,
1001986,O-008,Rafael Morais de Carvalho,,,,0,,,,,,,,,,,,,,,,,,,,
1001988,O-008,Kenna Peixoto Gonçalves,,,,0,,,,,,,,,,,,,,,,,,,,
1001989,O-008,Uthas Peixoto Ferreira Gonçalves,,,,0,,,,,,,,,,,,,,,,,,,,
1001991,O-008,Rony Peixoto da Silva,,,,0,,,,,,,,,,,,,,,,,,,,
1001992,O-008,Maria Lucimar Silva,,,,0,,,,,,,,,,,,,,,,,,,,
1001993,O-008,Thiago Esteves Peixoto da Silva,,,,0,,,,,,,,,,,,,,,,,,,,
1001994,O-008,Nathalia Esteves Peixoto,,,,0,,,,,,,,,,,,,,,,,,,,
1001995,O-008,Gabrielle Gomes de Moura Peixoto,,,,0,,,,,,,,,,,,,,,,,,,,
1001996,O-008,Daniel Ribeiro Nascimento Silva,,,,0,,,,,,,,,,,,,,,,,,,,
1001997,O-008,Regina Peixoto da Silva Nacimento,,,,0,,,,,,,,,,,,,,,,,,,,
1002000,O-008,Daniela Peixoto Nascimento Silva,,,,0,,,,,,,,,,,,,,,,,,,,
1002001,O-008,Arildo Candido de Mendonça,,,,0,,,,,,,,,,,,,,,,,,,,
1002002,O-008,Cecilia Peixoto Mendonça,,,,0,,,,,,,,,,,,,,,,,,,,
1002003,O-008,Ariane Peixoto Mendonça,,,,0,,,,,,,,,,,,,,,,,,,,
1002004,O-008,Andre Gustavo Fernandes Neves,,,,0,,,,,,,,,,,,,,,,,,,,
1002005,O-008,Maria Eduarda Peixoto Mendonça Jesus,,,,0,,,,,,,,,,,,,,,,,,,,
1002006,O-008,Aleia Peixoto Mendonça,,,,0,,,,,,,,,,,,,,,,,,,,
1002007,O-008,Isabelle  Cristine Peixoto de Barros,,,,0,,,,,,,,,,,,,,,,,,,,
1002009,O-008,Marcelo Gonçalves,,,,0,,,,,,,,,,,,,,,,,,,,
1002010,O-008,Fausto Andre de Jesus,,,,0,,,,,,,,,,,,,,,,,,,,
1002011,O-008,Adriano Peixoto de Mendonça,,,,0,,,,,,,,,,,,,,,,,,,,
1002012,O-008,Kevelyn Cristina Peixoto Barros,,,,0,,,,,,,,,,,,,,,,,,,,
1002013,O-008,Daniel Fabricio Alves da Silva,,,,0,,,,,,,,,,,,,,,,,,,,
1002015,O-008,Zuleika Peixoto Mendonça Cajueiro,,,,0,,,,,,,,,,,,,,,,,,,,
1002016,O-008,José Mauro da Silva Cajueiro,,,,0,,,,,,,,,,,,,,,,,,,,
1002018,O-008,Joel Pereira de Oliveira Peixoto,,,,0,,,,,,,,,,,,,,,,,,,,
1002021,O-008,Creuza de Lima Borges Peixoto,,,,0,,,,,,,,,,,,,,,,,,,,
1002024,O-007,Suzellayne Miranda,961.904.771-00,62 99602-5545,,0,,,,,,,,,,,,,,,,,,,,
1002028,B-090,Amanda Noleto Gomes Barros,018.305.331-18,62 99904-0304,,0,,,,,,,,,,,,,,,,,,,,
1002029,J-005,Germana Celia de Sousa Daniel,524.463.951-04,61-985705257,,0,,,,,,,,,,,,,,,,,,,,
1002030,P-026,Gustavo Barbosa de Castro,034.383.491-08,62 99158-7434,,0,,,,,,,,,,,,,,,,,,,,
1002035,G-005,Wesley Caldeira de Oliveira,011.700.491-09,62 99181-4721,,0,,,,,,,,,,,,,,,,,,,,
1002036,P-007,Rogerio Marcio mendes Meira,69740747191,610981754110,,0,,,,,,,,,,,,,,,,,,,,
1002038,J-004,Joao Paulo Rodrigues da Silva,855.960.781-15,62-991444011,,0,,,,,,,,,,,,,,,,,,,,João Paulo e cunhado do Elio Marcos
1002040,P-015,Danilo Marinho da Costa,011.012.751-03,64-992698258,,0,,,,,,,,,,,,,,,,,,,,
1002054,G-064,Klebert Maia Lacerda,012.682.081-32,61 98301-7020,,0,,,,,,,,,,,,,,,,,,,,
1002057,O-003,Ana Augusta Cardoso .S. de Castro,193.951.241-72,62-99979 2841,,0,,,,,,,,,,,,,,,,,,,,
1002058,O-003,Priscilla Socrates de CAstro,007.003.431-13,62-999481411,,0,,,,,,,,,,,,,,,,,,,,
1002059,O-003,Walter Pereira de Castro filho,081.769.301-72,62-999169970,,0,,,,,,,,,,,,,,,,,,,,
1002062,A-088,Aline Cristina Batista Resende,997.866.481-53,62 98165-1756,,0,,,,,,,,,,,,,,,,,,,,
1002063,P-031,Jair Campos Junior,469.363.511-15,62 99952-1877,,0,,,,,,,,,,,,,,,,,,,,
1002064,P-031,Henrique Junqueira Campos,853.953.311-15,62 99605-4038,,0,,,,,,,,,,,,,,,,,,,,
1002065,P-031,Laura de Campos Lara Junqueira Paranhos,526.576.471-20,62 99929-6645,,0,,,,,,,,,,,,,,,,,,,,
1002066,B-002,Manuel Sales Netto,53866479115,61 991616736,,0,,,,,,,,,,,,,,,,,,,,
1002069,b-002,Calebe Coelho Sales,,,,0,,,,,,,,,,,,,,,,,,,,
1002070,b-002,Geovanne Segurado Coelho Lopes Sales,,,,0,,,,,,,,,,,,,,,,,,,,
1002071,P-069,Lillian Flavia Gomes Carvalho,816753051-53,62-984092640,,0,,,,,,,,,,,,,,,,,,,,
1002072,P-069,Marcelo Carvalho da Costa,589.605.201-44,62-984092630,,0,,,,,,,,,,,,,,,,,,,,
1002073,P-016,Kenia Cristina de Oliveira Teles Maques,698.446.071-91,62-984038865,,0,,,,,,,,,,,,,,,,,,,,
1002074,P-087,Yuri Cesario Araujo,607.030.081-53,61 99951-3593,,0,,,,,,,,,,,,,,,,,,,,
1002076,O-081,Simone Queiroz Afonso,48299804191,61 99218-5287,,0,,,,,,,,,,,,,,,,,,,,
1002078,A-093,Gicelle Alves da Silva Frazao,"05544774161",64 992287830,,0,,,,,,,,,,,,,,,,,,,,
1002079,B-68,Sileda Maria Holanda de Souza Almeida,24800341353,61 986065635,,0,,,,,,,,,,,,,,,,,,,,
1002080,B-039,Jober Guilherme Dias Santos Rebouças,012.342.411-96,62 98430-1850,,0,,,,,,,,,,,,,,,,,,,,
1002081,p-069,Carlene Gomes Da Silva Candido,295.452.421-91,62 982093531,,0,,,,,,,,,,,,,,,,,,,,
1002082,O-013,Mateus Porto Fleury,"01351152130",62 996623833,,0,,,,,,,,,,,,,,,,,,,,
1002090,G-055,Andre Fernandes Bispo,009.255.531-40,62 99196-6334,,0,,,,,,,,,,,,,,,,,,,,
1002094,A-009,Renata Braga R. Anjos,,,,0,,,,,,,,,,,,,,,,,,,,
1002095,A-009,Marcelo Dos Anjos,,,,0,,,,,,,,,,,,,,,,,,,,
1002097,A-009,Marina Braga,,,,0,,,,,,,,,,,,,,,,,,,,
1002098,A-009,Gabriela Braga,,,,0,,,,,,,,,,,,,,,,,,,,
1002099,a-009,Cleia Pereira,,,,0,,,,,,,,,,,,,,,,,,,,
1002100,A-009,Ricardo,,,,0,,,,,,,,,,,,,,,,,,,,
1002101,G-045,Antonio Perigo de Souza,"09197214191",62 998059727,,0,,,,,,,,,,,,,,,,,,,,
1002103,A-040,Andre Luiz Barros Vaz,579.957.881-34,+351-962987873,,0,,,,,,,,,,,,,,,,,,,,
1002104,P-015,Alinne Batista Silva Duarte,,64-992393506,,0,,,,,,,,,,,,,,,,,,,,
1002105,B-048,João Magno Medeiros,012.012.791-19,61-98360 0141,,0,,,,,,,,,,,,,,,,,,,,
1002110,A-097,Gabriella Naves de Castro Costa,70221500103,62 985104135,,0,,,,,,,,,,,,,,,,,,,,
1002111,O-099,mariana Nunes Gomes,"07066659104",64 993432131,,0,,,,,,,,,,,,,,,,,,,,
1002112,A-078,Andrea Acorsi,164.127.838-22,64-99312 5238,,0,,,,,,,,,,,,,,,,,,,,
1002113,A-098,Renato Higor Macal Faria,705.664.371-04,61-993110023,,0,,,,,,,,,,,,,,,,,,,,
1002114,P-062,Rejane Borges Fernandes,893.388.631-15,61-984658060,,0,,,,,,,,,,,,,,,,,,,,
1002115,B-048,Carlos Miguel Santos de Souza,009.132.681-86,61 98258-5052,,0,,,,,,,,,,,,,,,,,,,,
1002119,P-060,Rafael Freitas de Carvalho,806.573.461-87,62-98422 4141,,0,,,,,,,,,,,,,,,,,,,,
1002121,J-001,Alfredo Grellet Portella,"00091324904",62 999686863/  64 34554068,,0,,,,,,,,,,,,,,,,,,,,
1002122,J-010,Sonia Maria Alves de Lima,12425184104,62 998601954,,0,,,,,,,,,,,,,,,,,,,,
1002126,O-079,Gustavo Ferreira Pantoja,001.330.421-62,64 99676-3773,,0,,,,,,,,,,,,,,,,,,,,
1002128,J-010,Leonardo Bruno Alves de Lima,972.619.981-68,62 98448-1626,,0,,,,,,,,,,,,,,,,,,,,
1002129,B-011,Lorenne Nascimento,865.299.861-20,62 98129-0200,,0,,,,,,,,,,,,,,,,,,,,
1002132,P-015,Saula Arleth da Silva,910.705.111-53,64 99201-6364,,0,,,,,,,,,,,,,,,,,,,,
1002133,O-014,Elizabeth Gomes Beltrao,12446866115,62 992697861,,0,,,,,,,,,,,,,,,,,,,,
1002134,b-101,Bruno Monteiro Almeida,90389891134,62 981131021,,0,,,,,,,,,,,,,,,,,,,,
1002136,O-051,Bruno Calacio Justino,"03673288105",62 981933463,,0,,,,,,,,,,,,,,,,,,,,
1002141,J-029,Caleul Raposo Caixêta,058.218.121-60,61 99200-2445,,0,,,,,,,,,,,,,,,,,,,,
1002142,B-024,Aurelio de Sousa Lima,83051252115,62 981978315,,0,,,,,,,,,,,,,,,,,,,,
1002145,a-092,Reyner Gabriel da Silva,,,,0,,,,,,,,,,,,,,,,,,,,
1002146,A-092,Fatima Eterna da Costa Cunha,,,,0,,,,,,,,,,,,,,,,,,,,
1002147,A-092,Rodrigo da Costa Cunha,,,,0,,,,,,,,,,,,,,,,,,,,
1002148,A-092,Katia Rejane P. dos Santos,,,,0,,,,,,,,,,,,,,,,,,,,
1002149,G-063,Sarah Santana Milhomem,025.744.871-33,62-982673780,,0,,,,,,,,,,,,,,,,,,,,
1002155,O-008,Keila Cristina Vital Peixoto,,,,0,,,,,,,,,,,,,,,,,,,,
1002156,O-086,Erik Rodrigues de Queiroz,"00551594195",62 983317888,,0,,,,,,,,,,,,,,,,,,,,
1002157,O-086,Flavia Lobo Severo,"02749342139",62 981500401,,0,,,,,,,,,,,,,,,,,,,,
1002159,G-066,JOAQUIM BENEDITO CORREIA,131.842.291-49,62 3091 2575 / 62 981504795,,0,,,joaquimaguabranca@gmail.com,,,,,,,,,,,,,,,,,
1002165,G-003,Adriana Silva Santos Braga,"02648832173",62 996900712,,0,,,,,,,,,,,,,,,,,,,,
1002166,G-003,Ricardo Leandro Braga,"00150352123",62 996330666,,0,,,,,,,,,,,,,,,,,,,,
1002167,B-067,Fabiana Lopes Lima,69824916172,61 986248871,,0,,,,,,,,,,,,,,,,,,,,
1002169,P-078,ARNALDO NADIM MIZIARA,145.618.246-34,61 3562 4477/ 61 99961-2142,,0,,,,,,,,,,,,,,,,,,,,
1002170,G-016,Carla Limone A. Martinez,,,,0,,,,,,,,,,,,,,,,,,,,
1002172,G-016,Igor Martinez,,,,0,,,,,,,,,,,,,,,,,,,,
1002173,G-016,Livia Andrade Martinez,,,,0,,,,,,,,,,,,,,,,,,,,
1002174,G-065,MARTA LEONE PORTO,268.448.001-00,64 3453 2108,,0,,,yuriab11@hotmail.com,,,,,,,,,,,,,,,,,
1002175,G-065,Ian Leone Porto,"00822382199",64 984194279,,0,,,,,,,,,,,,,,,,,,,,
1002267,G-016,Matheus Pfaff,,,,0,,,,,,,,,,,,,,,,,,,,
1002268,GF-016,Miguel Martinez Pfaff,,,,0,,,,,,,,,,,,,,,,,,,,
1002269,G-016,Sheila Lopes Martinez,,,,0,,,,,,,,,,,,,,,,,,,,
1002271,G-040,THEDE VIEIRA MEDEIROS,"01314032143",64 99972-4891,,0,,,,,,,,,,,,,,,,,,,,FUSION NKS 5620 COR BRANCO
1002272,A-092,Sophia Santos Cunha,,,,0,,,,,,,,,,,,,,,,,,,,
1002273,A-092,Mylena Rodrigues da Costa,,,,0,,,,,,,,,,,,,,,,,,,,
1002274,A-092,Nicolas Santos Cunha,,,,0,,,,,,,,,,,,,,,,,,,,
1002275,A-092,Rogerio Souza Santos,,,,0,,,,,,,,,,,,,,,,,,,,
1002276,P-054,Rafael Silva Cortes,,,,0,,,,,,,,,,,,,,,,,,,,
1002277,P-054,Flavia Lenos  B. Cortes,,,,0,,,,,,,,,,,,,,,,,,,,
1002278,P-054,Rosalina da Silva,,,,0,,,,,,,,,,,,,,,,,,,,
1002279,P-054,João Paulo Silva Cortes,,,,0,,,,,,,,,,,,,,,,,,,,
1002280,P-054,Luiz Fernando Silva Cortes,,,,0,,,,,,,,,,,,,,,,,,,,
1002282,P-085 e P-094,Marcelo Roris Soares de Carvalho e Toledo,37032925120,62 99623-6300,,0,,,,,,,,,,,,,,,,,,,,
1002284,G-037,PRICILA ARANTES UNGARELLI DE MENESES,"02055299174",64 999171510,,0,,,,,,,,,,,,,,,,,,,,
1002285,P-041,Maura Tania,33520119153,61 98175-1611,,0,,,,,,,,,,,,,,,,,,,,
1002287,P-041,Farid Mattar Junior,14982110115,61 98558-2343,,0,,,,,,,,,,,,,,,,,,,,
1002292,G-033,Yago Libanio Maia,,,,0,,,,,,,,,,,,,,,,,,,,
1002293,G-033,Ediva Libanio de Almeida,,,,0,,,,,,,,,,,,,,,,,,,,
1002294,G-033,Adisalão  Libanio de Almeida,,,,0,,,,,,,,,,,,,,,,,,,,
1002295,G-033,Thiciara  Libanio,,,,0,,,,,,,,,,,,,,,,,,,,
1002297,G-033,Renato Costa,,,,0,,,,,,,,,,,,,,,,,,,,
1002298,G-033,Danielle,,,,0,,,,,,,,,,,,,,,,,,,,
1002299,G-033,Willian,,,,0,,,,,,,,,,,,,,,,,,,,
1002300,G-033,Romeu Gaspar,,,,0,,,,,,,,,,,,,,,,,,,,
1002302,G-033,Elizabete Aparecida R. Costa,,,,0,,,,,,,,,,,,,,,,,,,,
1002303,G-033,Raquel Ribeiro da Costa,,,,0,,,,,,,,,,,,,,,,,,,,
1002304,G-033,Rita de Cassia A. Costa,,,,0,,,,,,,,,,,,,,,,,,,,
1002310,O-018 e G-011,Fabrícia Craveiro silva Ferraz Miguel,791.621.691-49,64 3454 2868 / 64 981122808,,0,,,fminfor@hotmail.com,,,,,,,,,,,,,,,,,
1002312,B-031,Leonardo de Almeida Vieira,884.670.311-15,62 99307-8140,,0,,,,,,,,,,,,,,,,,,,,
1002314,B-081,Abílio,"09374698153",62 99310-6587,,0,,,,,,,,,,,,,,,,,,,,
1002320,P-037,Sophia Caetano Ferreira Leite,,62 98441-2161,,0,,,,,,,,,,,,,,,,,,,,
1002324,B-037,Fernando Fernandes Caixeta,12273619120,61 99663-7351,,0,,,terplan@gmail.com,,,,,,,,,,,,,,,,,
1002335,P-041,Igor Matar,"06854730155",61-982246801,,0,,,,,,,,,,,,,,,,,,,,
1002336,A-062,Regis Viana Macedo,88347494134,62-984214024,,0,,,,,,,,,,,,,,,,,,,,
1002360,P-074,Marcelo Eugênio de Araujo,26743655104,61 99654-5692,,0,,,,,,,,,,,,,,,,,,,,
1002363,J-006,Rose Mary Correia Santos,12294470249,92 99982-4915,,0,,,,,,,,,,,,,,,,,,,,
1002368,B-098,Vitor Hugo Oliveira,"05208265150",61-982932626,,0,,,,,,,,,,,,,,,,,,,,
1002377,O-088,Valeria Silva Ladeira Neiva,15154971191,61 98473-6033,,0,,,,,,,,,,,,,,,,,,,,
1002378,O-088,Edson Carlos Neiva,"02362325172",61 98595-6874,,0,,,,,,,,,,,,,,,,,,,,
1002380,A-050,Helio Marques de Abreu,15456323168,62 99978-1813,,0,,,,,,,,,,,,,,,,,,,,
1002385,G-062,MANOEL JOSÉ PIMENTA,601.649.721-53,64 3455 6323 / 64 99261 6728,,0,,,mauricioberplas@hotmail.com,,,,,,,,,,,,,,,,,
1002386,B-031,Carlos Alberto Vieira,29584779168,62 98406-2830,,0,,,financeiro02@centrocarautoservice,,,,,,,,,,,,,,,,,
1002388,B-031,Maria Luiza Novais,382.323.751-91,62 98593-9381,,0,,,,,,,,,,,,,,,,,,,,
1002389,P-093,JOSE GONCALVES DO NASCIMENTO,31474497187,61 99967-3948,,0,,,mmarquesn@gmail.com,,,,,,,,,,,,,,,,,
1002391,O-072,JOAQUIM RODRIGUES DE OLIVEIRA,23958669115,61 98500-8961 / 61 3358-1124,,0,,,,,,,,,,,,,,,,,,,,
1002393,O-072,Hudson Da Silva Oliveira,71827552115,61 98326-0083,,0,,,,,,,,,,,,,,,,,,,,
1002394,A-047,José Luiz Junior,"02090667176",,,0,,,,,,,,,,,,,,,,,,,,
1002397,P-002,Nicole Draeger Blahobrazoff Grimaldi,10759460930,11 959262678,,0,,,,,,,,,,,,,,,,,,,,
1002404,P-056,Sergio Jose Alves Da Silva,24627135149,62 98151-6060,,0,,,,,,,,,,,,,,,,,,,,
1002405,G-054,ANTONIO DE MELO,658.788.098-34,16 3669 1328    016 997157778,,0,,,terezinhamanco@yahoo.com.br,,,,,,,,,,,,,,,,,
1002406,P-093,Marlene Marques Do Nascimento,38650673104,61 99608-0844,,0,,,,,,,,,,,,,,,,,,,,
1002410,P-001,Luz Marina Alves Borges,151.569.901-34,61 3562 4835 / 61 98487 5996,,0,,,,,,,,,,,,,,,,,,,,
1002454,J-022,Sergio Ricardo Da Silva,26898764187,62 99690-0050,,0,,,,,,,,,,,,,,,,,,,,
1002456,G-051,Marcos Augusto Schliewe,81806418134,61 98593-5958,,0,,,,,,,,,,,,,,,,,,,,
1002508,G-038,Henrique Miranda de Almeida,159.874.341-49,62 98103-8272,,0,,,,,,,,,,,,,,,,,,,,
1002509,P_073,Talitha De Sousa Bloise,"03362014194",61 99693-3029,,0,,,,,,,,,,,,,,,,,,,,
1002511,P-002,Nara Pereira Leite,,64-9 9964-4799,,0,,,,,,,,,,,,,,,,,,,,
1002514,O-010,Priscila Careli Gondim,70584958153,62-9 9132 1928,,0,,,,,,,,,,,,,,,,,,,,
1002516,B-043,Dayana Francyelle Souto Villete,"02407409124",62 981390635,,0,,,,,,,,,,,,,,,,,,,,proprietaria
1002521,J-033,Gabriel Pery,70283922109,64 99247-3871,,0,,,,,,,,,,,,,,,,,,,,
1002523,A-016,Louise Karla Tomazett Nogueira,,11-97594 1155,,0,,,,,,,,,,,,,,,,,,,,Proprietária
1002526,A-016,Sasser Dubee Camargo,51056950110,,,0,,,,,,,,,,,,,,,,,,,,Inquilina
1002528,A-016,Arthur Lima,"02423155184",,,0,,,,,,,,,,,,,,,,,,,,Inquilino
1002529,,Laura Carolina,"02323155156",,,0,,,,,,,,,,,,,,,,,,,,Inquilina
1002534,A-016,Estênio Cardoso,94012857134,62 99866-1011,,0,,,,,,,,,,,,,,,,,,,,Inquilino
1002536,A-016,Júlia Lima,79365710197,62 99811-8800,,0,,,,,,,,,,,,,,,,,,,,Inquilina
1002542,A-016,Ana Clara,,,,0,,,,,,,,,,,,,,,,,,,,Inquilina
1002544,A-016,Aneli Lima ( Nina),28563610115,,,0,,,,,,,,,,,,,,,,,,,,Inquilina
1002546,A-016,Valdivina (Dona Nina),,,,0,,,,,,,,,,,,,,,,,,,,Inquilina
1002552,P-079,Eliana Maria Borges Pereira,28929047149,,,0,,,,,,,,,,,,,,,,,,,,Inquilina
1002554,P-079,Valdivino Alves Martins,27726975172,,,0,,,,,,,,,,,,,,,,,,,,Inquilino
1002555,P-079,Deusmair Antonio De Jesus,44047738115,,,0,,,,,,,,,,,,,,,,,,,,Inquilino
1002556,P-079,Karine Graciely Alves De Jesus,"02303064112",,,0,,,,,,,,,,,,,,,,,,,,Inquilina
1002558,P-079,Thiago Henrrique Borges Pereira,,,,0,,,,,,,,,,,,,,,,,,,,Inquilino
1002559,P-079,Aline Borges Pereira,,,,0,,,,,,,,,,,,,,,,,,,,Inquilino
1002560,P-079,Melina Rodrigues Moraes Pereira,,,,0,,,,,,,,,,,,,,,,,,,,Inquilina
1002561,P-079,Gleiser Luis Da Silva,"02012658180",,,0,,,,,,,,,,,,,,,,,,,,Inquilino
1002562,P-079,Luis Felipe Silva Borges,,,,0,,,,,,,,,,,,,,,,,,,,Inquilino
1002563,P-079,GENESIO PACIFICO MAGALHAES,718.142.488-20,64-9 9977-5256,,0,,,sca53@hotmail.com,,,,,,,,,,,,,,,,,Proprietário
1002564,P-079,Idelbrando  Maria Ferreira,25114832115,,,0,,,,,,,,,,,,,,,,,,,,Inquilino
1002565,P-002,Alfredo Antonio Grimaldi,58277650825,47 99700-7899,,0,,,,,,,,,,,,,,,,,,,,
1002566,P-002,Gisela Sonni Draeger,"07915402862",47 99993-3400,,0,,,,,,,,,,,,,,,,,,,,
1002568,A-038,Carlos Euripides Barbosa,65919351187,61 98115-9100,,0,,,,,,,,,,,,,,,,,,,,
1002569,A-038,Celina De Bessa Paiva,69295450159,61 99393-6446,,0,,,,,,,,,,,,,,,,,,,,
1002574,P-086,Ricardo De Val Borges,64265072100,62 98171-6030,,0,,,,,,,,,,,,,,,,,,,,
1002576,O-013,Lucia Porto de Castro,278.420.961-04,62 99686-2865,,0,,,,,,,,,,,,,,,,,,,,
1002578,O-053,Márcio Paysana Nobre,37630334249,,,0,,,,,,,,,,,,,,,,,,,,
1002582,O-087,Marina Medeiros Carvalho,"04088105133",62 98212-5008,,0,,,,,,,,,,,,,,,,,,,,
1002583,O-087,Arlete Medeiros Carvalho,85958417134,62 98204-1642,,0,,,,,,,,,,,,,,,,,,,,
1002585,G-020,José Dos Reis,42824150106,61 98502-4219 / 61 99978-5965,,0,,,,,,,,,,,,,,,,,,,,
1002586,G-020,Maria Libia Bezerra De Oliveira,21476780153,61 98534-8440,,0,,,,,,,,,,,,,,,,,,,,
1002588,O-016,Ana Paula Oliveira Lima Dias,"00770283179",62-98289 5470,,0,,,,,,,,,,,,,,,,,,,,
1002589,B-102,Larissa Lorrany Silvestre,"03858394130",62-981935238,,0,,,,,,,,,,,,,,,,,,,,
1002590,B-054,Fernando Cavalcante Miranda,93847572172,62 99921-1796,,0,,,,,,,,,,,,,,,,,,,,
1002591,O-030,Michele Magalhaes Barbosa,"00675384109",62 99671-6547,,0,,,,,,,,,,,,,,,,,,,,
1002596,A-076,Natalia Fagundes Andrade Bezerra,059.145.421-11,64-981412085,,0,,,,,,,,,,,,,,,,,,,,
1002599,P-003,Fabiana Vieira Marques,"03524005101",,,0,,,,,,,,,,,,,,,,,,,,
1002601,A-071,Adão Jose  de Azevedo,34331263134,61-99145 9742,,0,,,,,,,,,,,,,,,,,,,,
1002621,P-049,Iara Marques De almeida Assis,"01008418137",62 98533-9438,,0,,,,,,,,,,,,,,,,,,,,
1002630,J-023,Ludimila Vieira Esteves,"02111536130",62 98462-0517,,0,,,,,,,,,,,,,,,,,,,,
1002632,A-061,Neusa Vieira Da Costa,336.927.261-04,62 98123-2953,,0,,,neuzavc@hotmail.com,,,,,,,,,,,,,,,,,
1002633,P-076,Alan de Sousa Rocha,71716769191,61 984283334,,0,,,,,,,,,,,,,,,,,,,,
1002635,G-042,Oldemar Bezerra Antunes,042.380.601-72,61 99994 4328 / 61 3556 4103,,0,,,Rosaantunes2312@gmail.com,,,,,,,,,,,,,,,,,
1002636,G-042,Rosângela Antunes,259.179.001-91,61 98117-7697,,0,,,,,,,,,,,,,,,,,,,,
1002637,G-060,Maria Carolina Silva Alvim,70202628132,62 98339-8090,,0,,,,,,,,,,,,,,,,,,,,
1002641,A-077,Ademar De Barros Lima Junior,52955788104,61 98421-3108,,0,,,,,,,,,,,,,,,,,,,,
1002647,B-015,Elizangela C. Teixeira,997248471870,62 985794958,,0,,,,,,,,,,,,,,,,,,,,
1002648,B-015,Marlene Maria Dias Teixeira,305.024.111-04,62 3283 1172 / 62 99972 7303,,0,,,,,,,,,,,,,,,,,,,,
1002652,j-002,Paulo Rogerio Bizzotto de Carvalho,85830968134,62 998227272,,0,,,,,,,,,,,,,,,,,,,,
1002654,g-021,Wesley Cavalcante Silva,"05365863143",61 999352706,,0,,,,,,,,,,,,,,,,,,,,
1002655,A-011,Maria Micheline Costa Vieira Gonssalves,822.137.041-04,64 99608-9807,,0,,,,,,,,,,,,,,,,,,,,
1002657,O-034,Valcley Jose Da Silva,82572232120,64 99229-6679,,0,,,,,,,,,,,,,,,,,,,,
1002660,O-096,Itaraci Pedreira Lobo,37587455191,61 999896140,,0,,,,,,,,,,,,,,,,,,,,
1002661,O-096,Edilamar De Souza Lobo,48299090130,61 999884163,,0,,,,,,,,,,,,,,,,,,,,
1002665,b-067,Neomar Camelo dos santos,58502084100,(061)999761176,,0,,,,,,,,,,,,,,,,,,,,
1002669,B-039,Estevam José Rebouças E Cruz,"01309508151",62996891052,,0,,,,,,,,,,,,,,,,,,,,
1002670,A-074,Felipe Ribeiro De Souza,,,,0,,,,,,,,,,,,,,,,,,,,
1002671,O-087,Sara Medeiros Carvalho,"02361820137",62 991070839,,0,,,,,,,,,,,,,,,,,,,,
1002675,B-102,Jose Do Carmo Silvestre,331.356.141-15,62 3283 1307 / 62 3283 2107 / 62 981712711,,0,,,,,,,,,,,,,,,,,,,,
1002676,O-098,Ivanio Jose da Rocha Junior,76296121172,62 984011091,,0,,,,,,,,,,,,,,,,,,,,
1002677,J-055,Wander Cardoso Cordeiro,16102398149,62 3281 1513 / 9968 2713,,0,,,stelescordeiro@gmail.com,,,,,,,,,,,,,,,,,
1002682,P-043,Adriana Luciano Silvestre,"04003856198",61 998493819,,0,,,,,,,,,,,,,,,,,,,,
1002683,j-033,Vanessa Ramos,"05782624108",64992939352,,0,,,ramosvanessa335@gmail.com,ramosvanessa335@gmail.com,,,,,,,,,,,,,,,,
1002695,P-043,Andréa Luciano Silvestre,,,,0,,,,,,,,,,,,,,,,,,,,
1002696,P-043,Káren Luciano Mota,,,,0,,,,,,,,,,,,,,,,,,,,
1002697,P-043,Leonardo Luciano Araujo,,,,0,,,,,,,,,,,,,,,,,,,,
1002705,P-044,Ana Maria Lopes,94104204153,64 3455 3673 / 62 98161 9532,,0,,,ti.gilson@hotmail.com,,,,,,,,,,,,,,,,,
1002709,P-044,Ana Paula L. Borges,640338201104,62 98158-3013,,0,,,,,,,,,,,,,,,,,,,,
1002711,P-019,NIVIO VALTER DIAS,240.417.856-34,11 98447-9486,,0,,,nivio52@gmail.com,,,,,,,,,,,,,,,,,
1002712,G-065,Yure Leone Porto,"01219078131",64 98443-2108,,0,,,,,,,,,,,,,,,,,,,,
1002715,O-099,Zilda Ana De Morais,116.550.891-53,64 99334 0660,,0,,,,,,,,,,,,,,,,,,,,
1002743,B-054,Antonio Cavalcante Miranda,085.439.331-53,64 99291 9874 / 62 98460 4567 / 64 3454-5159,,0,,,,,,,,,,,,,,,,,,,,
1002744,A-088,Rosa Critina Batista Resende,99749874153,62 98346-0506,,0,,,,,,,,,,,,,,,,,,,,
1002749,G-019,Sergio F. De Oliveira,"00300279183",61 99552-0164,,0,,,,,,,,,,,,,,,,,,,,
1002751,P-044,Adriano R. L. Borges,25336602809,64 98407-4193,,0,,,,,,,,,,,,,,,,,,,,
1002752,G-016,Rodrigo Andrade Martinez,"08022265778",41-996855759,,0,,,,,,,,,,,,,,,,,,,,
1002754,B-031,Jales Antonio Novais Mendes,010.233.351-31,62 98144-8805,,0,,,,,,,,,,,,,,,,,,,,
1002755,J-028,Aline Gomes da Silva,83227547104,,,0,,,,,,,,,,,,,,,,,,,,
1002756,J-028,Anderson da Cunha Gomes do Amaral,65762959104,61 992550559,,0,,,,,,,,,,,,,,,,,,,,
1002757,A-085,Laura Fernanda Dos Santos,036.309.761-90,62-981904317,,0,,,,,,,,,,,,,,,,,,,,
1002761,O-009,João Paulo Souza Lima,"01328004112",64 99310-8460,,0,,,,,,,,,,,,,,,,,,,,
1002762,O-009,Leonardo Batista de Lima,79949347149,64 98448-5720,,0,,,,,,,,,,,,,,,,,,,,
1002763,G-060,Emilly Carvalho Silva,"02833642113",62 993192354,,0,,,,,,,,,,,,,,,,,,,,
1002764,P-045,Maria Clara Pires Gomes,"02555304126",62 982002424,,0,,,,,,,,,,,,,,,,,,,,
1002765,P-073,SOLANGE LUCIA O. R. CESAR,227.366.971-20,61 3353 2008 / 61 9247 0297,,0,,,ricardo_oliveiracesar@hotmail.com,,,,,,,,,,,,,,,,,
1002768,P-065,Edmundo Gonçalves Lima JR,"00234496169",61 984927845,,0,,,,,,,,,,,,,,,,,,,,
1002777,P-019,Elza Maria da Cunha Bessa Dias,24053856604,11 971866661,,0,,,,,,,,,,,,,,,,,,,,
1002779,O-005,Graziella Carneiro De Oliveira Moraes,83060278172,62 981134160,,0,,,,,,,,,,,,,,,,,,,,
1002781,B-025,Camila Souza Resende,"05563570193",61 982184664,,0,,,,,,,,,,,,,,,,,,,,
1002783,O-020,David Camargo Janzen,"00610767160",63-984670547,,0,,,,,,,,,,,,,,,,,,,,
1002784,o-031,Jeferson Mundou de Sa,"01144653109",62-982749136,,0,,,,,,,,,,,,,,,,,,,,
1002786,B-025,Caio Souza Resende,"07356160196",61-982209664,,0,,,,,,,,,,,,,,,,,,,,
1002787,J-058,Alex Pereira Dias Botelho,87342138134,63 99289-8968,,0,,,,,,,,,,,,,,,,,,,,
1002788,A-061,Claudio Vieira Guimarães  Lima,70122427106,62 98192-7784,,0,,,,,,,,,,,,,,,,,,,,
1002789,G-076,Ozana Silva Donha,55908900630,62 9996845121 / 62 981110171,,0,,,,,,,,,,,,,,,,,,,,
1002791,P-046,Flavio Carlos Rodrigues de Barros,"03639712706",21 964980212,,0,,,,,,,,,,,,,,,,,,,,
1002792,P-045,Myllene Pires de Carvalho Amaral,44027249100,62 999055228,,0,,,,,,,,,,,,,,,,,,,,
1002793,P-045,Rafael Amaral Ruiz,72099305153,62 999065065,,0,,,,,,,,,,,,,,,,,,,,
1002794,P-045,Igor Amaral Ruiz,72099313172,62 981552074,,0,,,,,,,,,,,,,,,,,,,,
1002795,P-031,Maria Cristina de  Castro Borges,88897745687,62 996869464,,0,,,,,,,,,,,,,,,,,,,,
1002796,B-068,Sileda Maria Holanda de Souza Almeida,248003413530,61 986065635,,0,,,,,,,,,,,,,,,,,,,,
1002797,O-005,Priscylla Moraes Dos Santos Bosa,70894140191,77-991180022,,0,,,,,,,,,,,,,,,,,,,,
1002798,O-005,Franco André Bosa,98759558504,77-991153784,,0,,,,,,,,,,,,,,,,,,,,
1002800,P-060,Natalie Guimaraes Rodrigues de Carvalho,727.594.531-20,62-98154 1343,,0,,,,,,,,,,,,,,,,,,,,
1002802,O-029,Geovanne Rodrigues da Silva,97401625172,62 98262-5795,,0,,,,,,,,,,,,,,,,,,,,
1002803,P-059,Gustavo Cirqueira,93319649191,61 98447-3725,,0,,,,,,,,,,,,,,,,,,,,
1002804,J-014,Ione Maria Da Silva,089.495.491-15,62 3550 5000 / 62 99982 5864,,0,,,ionimoveis@globo.com,,,,,,,,,,,,,,,,,
1002808,O-088,MONALISA GOMES ELENO,28596203893,,,0,,,,,,,,,,,,,,,,,,,,
1002809,O-056,ARLAN ISSAC DUTRA,38719886187,62 999913623,,0,,,,,,,,,,,,,,,,,,,,
1002810,B-062,Robson Silva Almeida,"09179077609",34 988897917,,0,,,,,,,,,,,,,,,,,,,,
1002811,B-062,Marina Silva Mundim,"09015198632",34 988897917,,0,,,,,,,,,,,,,,,,,,,,
1002812,O-014,Mauricio Vieira de Carvalho Filho,"01631031198",62-992686541,,0,,,,,,,,,,,,,,,,,,,,
1002824,A-013,Anna Carolina De Oliveira,"03009528132",62 99999-9799,,0,,,,,,,,,,,,,,,,,,,,
1002825,A-013,Rodrigo Faleiro Rosa,"03729523139",62 98203-9104,,0,,,,,,,,,,,,,,,,,,,,
1002827,A-082,Isadora Assis Silva,70293697183,62 99809-2805,,0,,,,,,,,,,,,,,,,,,,,
1002828,A-082,Marcelo Henrique Marcelino De Assis,70196963176,62 99941-7060,,0,,,,,,,,,,,,,,,,,,,,
1002831,P-066,PAULO CESAR PEREIRA,53777638668,34 34271270 / 34 999123180,,0,,,,,,,,,,,,,,,,,,,,
1002832,G-066,Ulysses C. Correia,"00389256137",62 991180912,,0,,,,,,,,,,,,,,,,,,,,
1002834,A-082,Marcelo Marcelino Da Silva,46339221149,62 996614344,,0,,,,,,,,,,,,,,,,,,,,
1002835,g-014,Helder Lucio Rodrigues Silva,25257102153,62-984369065,,0,,,,,,,,,,,,,,,,,,,,
1002836,O-088,Leonardo Luiz Alves Neiva,691185231530,11-971138323,,0,,,,,,,,,,,,,,,,,,,,
1002837,O-088,Monalisa Gomes Eleno,285962038930,11-991354559,,0,,,,,,,,,,,,,,,,,,,,
1002838,A-021,Rhafael Araujo Tolentino,"05512637177",61-999680304,,0,,,,,,,,,,,,,,,,,,,,
1002841,A-023,Paulo Alexandre da Silva Lacerda,92162827115,61-984908390,,0,,,,,,,,,,,,,,,,,,,,
1002859,A-070,Rainer Patricio Alencar Rezende,72755270144,62 99940-6586,,0,,,,,,,,,,,,,,,,,,,,
1002861,A-070,Rosilene Domingas dos Santos,81123132100,45 98417-7525,,0,,,,,,,,,,,,,,,,,,,,
1002863,O-080,HAROLDO DE OLIVEIRA TORRES,228.475.451-15,62 241 9790 / 62 99971-3695,,0,,,hotorres@uol.com.br,,,,,,,,,,,,,,,,,
1002864,A-050,João Monteiro Rios,30210356634,,,0,,,,,,,,,,,,,,,,,,,,
1002870,A-050,Helio Borges De Abreu,92794122134,62996873242,,0,,,hbagyn@gmail.com,,,,,,,,,,,,,,,,,
1002871,A-050,Danielly Monteiro Neves,"02016487178",62  99639-5228,,0,,,,,,,,,,,,,,,,,,,,
1002874,A-050,Claudia Monteiro Neves,"00364089130",62 98282-0783,,0,,,,,,,,,,,,,,,,,,,,
1002876,B-025,Maria Goreth Resende Ribeiro,249.115.931-72,61 3039 7244 / 61 8488 7785,,0,,,,,,,,,,,,,,,,,,,,
1002879,j-024,Helio Leonardo Da Silva Junior,91100658149,"062981391991",,0,,,,,,,,,,,,,,,,,,,,
1002880,j-024,Mirela Rebouças Fernandes de lima,70496420100,62981010830,,0,,,,,,,,,,,,,,,,,,,,
1002881,B-057,Barbara Rodrigues Inacio,"01379556180",62 99815-0425,,0,,,,,,,,,,,,,,,,,,,,
1002884,G-014,Sirlene Rodrigues Silva Santos,46772200187,62 99143-4880,,0,,,,,,,,,,,,,,,,,,,,
1002886,G-014,Cyntia Rodrigues Silva,56594240153,62 98118-8322,,0,,,,,,,,,,,,,,,,,,,,
1002888,P-002,GEORGES BLAHOBRAZOFF,20877552800,62 285 5397,,0,,,,,,,,,,,,,,,,,,,,
1002892,P-077,DEBORA MARQUES DA SILVA PRADO DE SANTANA,"02148281151",62 985195484,,0,,,,,,,,,,,,,,,,,,,,
1002893,P-079,LINEU PIRES DA SILVA NETO,48140733806,19 993700678,,0,,,,,,,,,,,,,,,,,,,,
1002894,P-090,GEOVANA RODRIGUES PEREIRA,"02706542160",65 996275485,,0,,,,,,,,,,,,,,,,,,,,
1002895,P-083,Stefania Gomes Dos Santos,64331334104,,,0,,,,,,,,,,,,,,,,,,,,
1002896,P-077,ENIZELDA SILVA RAMOS,47143126187,62 993658897,,0,,,,,,,,,,,,,,,,,,,,
1002897,G-070,Julio Cesar Fernandes Pires,48653713115,62985410226,,0,,,,,,,,,,,,,,,,,,,,
1002898,j-020,Luciúla Kelly Moraes Coelho,71616993120,61996797079,,0,,,,,,,,,,,,,,,,,,,,
1002900,G-070,Solange Fernandes Pires Vieira,41012445100,62 99351-5656,,0,,,,,,,,,,,,,,,,,,,,
1002902,G-070,Ludimila Pires Vieira,70067829104,73 99967-6273,,0,,,,,,,,,,,,,,,,,,,,
1002903,G-042,Laura Antunes Passos,73515396187,61 99955-4103,,0,,,,,,,,,,,,,,,,,,,,
1002906,A-040,Neusa Maria Da Silva,,3562 6921,,0,,,psmv.fla@gmail.com,,,,,,,,,,,,,,,,,
1002907,P-077,Levy Henrrique Campos de Santana,"00075872102",62 98431-5465,,0,,,,,,,,,,,,,,,,,,,,
1002908,P-077,Marinalva Caldeira Campos de Santana,32207190668,62 98119-1511,,0,,,,,,,,,,,,,,,,,,,,
1002909,A-061,Agenor Guimarães Junior,40634442287,62 98245-2785,,0,,,,,,,,,,,,,,,,,,,,
1002912,O-005,Laryssa Moraes Dos Santos Tannnure,87676575168,66 999617828,,0,,,,,,,,,,,,,,,,,,,,
1002913,O-005,Gislene Moraes,500.433.821-34,62 4018 2801  /  62 98117 0907,,0,,,gislenne2801@gmail.com,,,,,,,,,,,,,,,,,
1002914,P-077,Sabrina Justino Pires da Silva,38613597823,19 992826696,,0,,,,,,,,,,,,,,,,,,,,
1002916,B-002,Adriana Segurado Coelho Lopes,50428136168,61 994192000,,0,,,,,,,,,,,,,,,,,,,,
1002918,p-042,Cledson Marques Soares da silva,85218391115,61 984012016,,0,,,,,,,,,,,,,,,,,,,,
1002919,B-095,Aline Porto de Arruda,89507398104,62 981117918,,0,,,,,,,,,,,,,,,,,,,,
1002920,O-020,Luis Carlos Correa De Mendonça,62562304853,11 984171222,,0,,,,,,,,,,,,,,,,,,,,
1002921,P-069,Juliana Candido Medrado Bona,"00321666135",62-985618442,,0,,,,,,,,,,,,,,,,,,,,
1002922,B-055,Romildo Rodrigues Martins Neto,"06999668175",62-982809090,,0,,,,,,,,,,,,,,,,,,,,
1002927,B-039,Celma Silva Santos Macedo,64937720104,62-999106210,,0,,,,,,,,,,,,,,,,,,,,
1002929,B-039,Darci Lopes De Macedo,439321771,62 98250-0246,,0,,,,,,,,,,,,,,,,,,,,
1002931,G-070,DIVINA CARDOSO Pires,158.910.891-49,62 39412024 / 62 98602-1566,,0,,,stampgrafica@hotmail.com,,,,,,,,,,,,,,,,,
1002935,P-049,Herick Celestino Assis,"00865368180",62 982754879,,0,,,,,,,,,,,,,,,,,,,,
1002936,j-024,Murilo Rebouças Fernandes de Lima,"01215114133",62 992124309,,0,,,,,,,,,,,,,,,,,,,,
1002938,B-002,Geovanne Segurado Coelho Lopes Sales,"06356314150",61 992234004,,0,,,,,,,,,,,,,,,,,,,,
1002939,O-012,Divino Teixeira Machado,"08699640110",61 99989-2880,,0,,,,,,,,,,,,,,,,,,,,
1002942,b-095,HENRIQUE PORTO DE ARRUDA,"00126803110",61 981807233,,0,,,,,,,,,,,,,,,,,,,,
1002944,A-081,MARIA DA GUIA SALMAZO,16174021840,11 942616417,,0,,,,,,,,,,,,,,,,,,,,
1002945,P-032,Jose Mendes Rodrigues,64288820863,,,0,,,,,,,,,,,,,,,,,,,,
1002946,P-032,Maria Elizabete Brançani,93995385834,,,0,,,,,,,,,,,,,,,,,,,,
1002947,P-032,Carlota .B. de Mesquita,25638439870,,,0,,,,,,,,,,,,,,,,,,,,
1002948,P-032,Isabel Mendes Rodrigues,12972473806,,,0,,,,,,,,,,,,,,,,,,,,
1002949,P-032,Vera Lucia .M. Rodrigues,"05212220874",,,0,,,,,,,,,,,,,,,,,,,,
1002950,P-032,Oscar .M. Rodrigues,12908795833,,,0,,,,,,,,,,,,,,,,,,,,
1002951,P-032,Dimas .M. Rodrigues,2026977806,,,0,,,,,,,,,,,,,,,,,,,,
1002952,P-032,Paula .M. Rodrigues Silva,16899302845,,,0,,,,,,,,,,,,,,,,,,,,
1002953,P-032,Simone .M. Rodrigues Climeco,15223900812,,,0,,,,,,,,,,,,,,,,,,,,
1002954,P-032,Alfredo Gomes,85641413887,,,0,,,,,,,,,,,,,,,,,,,,
1002955,P-032,Maria Tereza Gomes de Macedo,"07022671125",,,0,,,,,,,,,,,,,,,,,,,,
1002956,P-032,Leticia .M. Rodrigues Leite,35940622879,,,0,,,,,,,,,,,,,,,,,,,,
1002959,P-070,Caique Lima de Araujo,"00169604160",61 98465-9914,,0,,,,,,,,,,,,,,,,,,,,
1002960,B-079,Carmen Fabiola Faria de Aguiar,65602196153,62 98250-2021,,0,,,,,,,,,,,,,,,,,,,,
1002961,O-089,João Pedro de Castro Porto,"03720768155",62 99912-5604,,0,,,,,,,,,,,,,,,,,,,,
1002965,p-017,victor martins pereira da silva,"05961565106",62 92808899,,0,,,,,,,,,,,,,,,,,,,,
1002966,P-065,Ivani de Souza Rodrigues Morais,56469179134,61 984764868,,0,,,,,,,,,,,,,,,,,,,,
1002967,P-017,Luciana Pereira da Silva,010.422.511-42,62 99158-1500,,0,,,,,,,,,,,,,,,,,,,,
1002969,P-050,ROSANE MIOTTO DE OLIVEIRA,202.036.161-20,67 98108 1937  /  67 99974 1313,,0,,,rosane.miotto@terra.com.br,,,,,,,,,,,,,,,,,
1002975,B-064,Hermann Silveira Dutra,41625900287,64-981115043,,0,,,,,,,,,,,,,,,,,,,,
1002978,B-064,Flaviana de Carvalho Chaves Dutra,"03619746630",64-981047949,,0,,,,,,,,,,,,,,,,,,,,
1002979,O-035,Maria das Graças Pereira Barcelos,,61 98589-7011 /  61 98589-7005,,0,,,,,,,,,,,,,,,,,,,,
1002980,B-077,Emerson Batista Mendes,534.522.591-53,62 985399204,,0,,,mendesemerson@hotmail.com,,,,,,,,,,,,,,,,,
1002982,J-003,Heloisa Passos Vieira de Almeida,61050610130,61 981152992/ 61 33449967,,0,,,,,,,,,,,,,,,,,,,,
1002986,G-032,Reinaldo pereira Do Santos,261.922.416-00,62 3434 7384,,0,,,tafs_dc@yahoo.com.br,,,,,,,,,,,,,,,,,
1002989,O-098,Joari Queiroz de Oliveira,80874363187,62 98448-0088,,0,,,,,,,,,,,,,,,,,,,,
1002990,P-017,WERLEY MARTINS PEREIRA,387.458.791-68,62 98156-6480,,0,,,werleypereira@ig.com.br,,,,,,,,,,,,,,,,,
1002992,B-077,Alisson Batista Mendes,58738843153,62 99284-8605,,0,,,,,,,,,,,,,,,,,,,,
1002994,B-077,Assir Cassimiro Mendes,"03116808104",62 3371-1420,,0,,,,,,,,,,,,,,,,,,,,
1002995,P-072,JOAO BATISTA DE SOUSA,"04466624100",62 981458452,,0,,,,,,,,,,,,,,,,,,,,
1002998,G-049,Maria Aparecida Barbosa,423.075.461-20,64 3453 4582 / 64 3453 1680,,0,,,,,,,,,,,,,,,,,,,,
1003004,G-009,FABRICE KELLY DE MEDEIROS,576.069.861-34,62 999839194,,0,,,,,,,,,,,,,,,,,,,,
1003007,O-068,Sophia Ferraz Borges,70063805103,,,0,,,,,,,,,,,,,,,,,,,,
1003008,P-059,Tatiana Cirqueira,85943134115,61 983817579,,0,,,,,,,,,,,,,,,,,,,,
1003009,B-088,João Batista Pereira De Souza,113.516.161-53,61 99984-0211,,0,,,nubia3010@yahoo.com.br,,,,,,,,,,,,,,,,,
1003010,B-088,Jaqueline Albuquerque Pereira de Souza,,,,0,,,,,,,,,,,,,,,,,,,,
1003011,B-076,Marcelo pires Araujo,763.767.531-91,,,0,,,,,,,,,,,,,,,,,,,,
1003012,B-077,Arlete Costa Perreira,"03802979222",,,0,,,,,,,,,,,,,,,,,,,,
1003013,B-077,Emanuel Costa Oliveira Junior,71558523170,,,0,,,,,,,,,,,,,,,,,,,,
1003014,B-077,Lucas Pimenta Mendes,,,,0,,,,,,,,,,,,,,,,,,,,
1003015,B-077,Assir Cassimiro Mendes,"031168081040",,,0,,,,,,,,,,,,,,,,,,,,
1003016,B-077,Jesuina Batista Mendes,430041531100,,,0,,,,,,,,,,,,,,,,,,,,
1003017,B-077,Alisson Batista Mendes,587388431530,,,0,,,,,,,,,,,,,,,,,,,,
1003018,B-077,Iago Batista Mendes Gonzaga,"03284040129",,,0,,,,,,,,,,,,,,,,,,,,
1003019,B-077,Ligia Faustino Dias,80910467153,,,0,,,,,,,,,,,,,,,,,,,,
1003020,B-077,Juliana Batista Mendes,71053900176,,,0,,,,,,,,,,,,,,,,,,,,
1003022,O-076,Orlando Rodrigues da Silva,87610368149,61 99568-8585,,0,,,,,,,,,,,,,,,,,,,,
1003023,O-096,Uaraci Pedreira Lobo,001.626.121-68,61 3561 1750 / 61 99977 6441,,0,,,pt2lb@uol.com.br,,,,,,,,,,,,,,,,,
1003024,O-017,Joselito Lopes Carvalho,,,,0,,,,,,,,,,,,,,,,,,,,
1003025,O-003,Leandro Ferreira de Castro Moraes,530.495.941-87,62-983012223,,0,,,,,,,,,,,,,,,,,,,,
1003026,A-045,Rui Borges Sena Filho,73291323149,62 991913811,,0,,,,,,,,,,,,,,,,,,,,
1003027,O-003,Ludmilla Ferreira de Castro Moraes,91141435187,62 981404556,,0,,,,,,,,,,,,,,,,,,,,
1003028,G-056,ERLANEA BISPO SIQUEIRA,279.331.561-34,61 9964 5167 / 61 99884 0167,,0,,,erlaneasiqueira@hotmail.com,,,,,,,,,,,,,,,,,
1003029,J-056,Alexandre Pina Antonio,58489932204,69-93020272,,0,,,,,,,,,,,,,,,,,,,,
1003030,G-056,Osvando José Da Silva,,99645-0167,,0,,,,,,,,,,,,,,,,,,,,
1003031,B-059,Vitor Morate,,,,0,,,,,,,,,,,,,,,,,,,,
1003033,,VICTOR MORETTI,15632925722,21-9-7914-3600,,0,,,,,,,,,,,,,,,,,,,,
1003034,O-048,Ana Clara Albuquerque Bertuci,10852245629,34 99866-2679,,0,,,,,,,,,,,,,,,,,,,,
1003036,O-048,Ralfe Jose da Silva Filho,11042340684,34 99915-0929,,0,,,,,,,,,,,,,,,,,,,,
1003037,O-009,Rosana Leconte M. Lima,71803576153,62 981180818,,0,,,,,,,,,,,,,,,,,,,,
1003039,G-033,Rafael Alves Costa,95283862100,61 99618-2521,,0,,,,,,,,,,,,,,,,,,,,
1003040,B-112,Marcia Rabelo de Almeida,87384299187,62 98254-7297,,0,,,,,,,,,,,,,,,,,,,,
1003041,B-112,Socrates Chaves Maranhão Machado,86804863100,61 98208-0159,,0,,,,,,,,,,,,,,,,,,,,
1003042,O-048,AGNALDO BERTUCCI,048.147.448-03,34-991020966,,0,,,janyjaline@yahoo.com.br,,,,,,,,,,,,,,,,,
1003043,O-048,Claudia Cristina Montes da Silva,88345114687,34 98405-0160,,0,,,,,,,,,,,,,,,,,,,,
1003049,A-059,Valdete Rosa Da Silva,467.271.081-53,62 3208 7883 62 99700-0658,,0,,,,,,,,,,,,,,,,,,,,
1003050,B-026,Marlon Dos Santos Teixeira,997.935.801-78,62-99951 3888,,0,,,,,,,,,,,,,,,,,,,,
1003052,A-012,Hugo Mendes,394.828.801-10,62 3088 2048 / 62 99245 1993,,0,,,hugomendespc@hotmail.com,,,,,,,,,,,,,,,,,
1003053,G-076,ALEXANDRE SILVA DONHA (IRMAO),75790459668,61 981037799,,0,,,,,,,,,,,,,,,,,,,,
1003056,G-060,ROMULO ADOLFO ALVIM SOUZA,5378695,64 981186767,,0,,,,,,,,,,,,,,,,,,,,
1003058,B-028,Bruna Cristina Fernandes,70318320126,62 981931196,,0,,,,,,,,,,,,,,,,,,,,
1003059,A-062,Sander Marianio,,,,0,,,,,,,,,,,,,,,,,,,,
1003061,A-062,Antonio .S. Viana,,,,0,,,,,,,,,,,,,,,,,,,,
1003062,A-062,João Viana,,,,0,,,,,,,,,,,,,,,,,,,,
1003063,A-062,Sinara das Viana,,,,0,,,,,,,,,,,,,,,,,,,,
1003064,A-062,Wanessa Viana,,,,0,,,,,,,,,,,,,,,,,,,,
1003065,,Maria das Dores Viana,,,,0,,,,,,,,,,,,,,,,,,,,
1003071,A-047,Valdirene Marques Araujo Martins,65897048134,31 999287924,,0,,,,,,,,,,,,,,,,,,,,
1003072,A-047,Gildenou Velentim Martins,358.148.101-49,61 3254 2191 / 61 98568 8968,,0,,,,,,,,,,,,,,,,,,,,
1003073,G-076,Flavia Catarina Alves Viali,,,,0,,,,,,,,,,,,,,,,,,,,
1003080,J-009,Alcyone Landim Vieira Junior,50938738100,62 992989330,,0,,,,,,,,,,,,,,,,,,,,
1003083,A-026,Roberto Fugimoto,,61 981616363,,0,,,robertofugimoto@gmail.com,,,,,,,,,,,,,,,,,
1003084,A-026,Nair Etsuko Fugimoto,523.673.399-53,,,0,,,nairfugimoto@gmail.com,,,,,,,,,,,,,,,,,
1003095,A-013,Carla Cristina Silva Oliveira,77767047172,62 98563-0470,,0,,,,,,,,,,,,,,,,,,,,
1003096,A-074,Andre Ribeiro De Souza,"01976959144",61 992161140,,0,,,,,,,,,,,,,,,,,,,,
1003097,O-028,CARLOS ANTONIO GONÇALVES,31373984104,61 992830317,,0,,,,,,,,,,,,,,,,,,,,
1003098,G-076,SILVANIA SILVA DONHA,56377436653,62 81505263,,0,,,,,,,,,,,,,,,,,,,,
1003099,J-001,Breno  Portella Borges,"04933748179",62 983178109,,0,,,,,,,,,,,,,,,,,,,,
1003100,J-001,LUCIANA PORTELLA  BORGES,"04448862143",62 982044069,,0,,,,,,,,,,,,,,,,,,,,
1003101,J-001,MarianA de Souza T.  Chaves,"02866747186",64 981327270,,0,,,,,,,,,,,,,,,,,,,,
1003103,O-089,ROBERTO VIEIRA PORTO,003.512.371-00,64 9654 7480,,0,,,janete_educ@hotmail.com,,,,,,,,,,,,,,,,,
1003106,P-051,Carlos Eduardo dos Santos Gomes,94652171153,62 98429-8683,,0,,,,,,,,,,,,,,,,,,,,
1003107,J-024,Patrick Santos Ferreira,99739917100,62 99616-5507,,0,,,,,,,,,,,,,,,,,,,,
1003113,B-107,Tereza Yoshie Mori,"02902460163",61 99115-3492,,0,,,,,,,,,,,,,,,,,,,,
1003114,B-107,Vera Lucia Hitomi Nakano,22124306120,61 98145-1777,,0,,,,,,,,,,,,,,,,,,,,
1003129,J-049,Cleuzemira Pinheiro de Sousa,11535210168,,,0,,,,,,,,,,,,,,,,,,,,
1003130,J-049,Anderson Alves Pinheiro,,,,0,,,,,,,,,,,,,,,,,,,,
1003131,P-025,JOSE VALDO PINHEIRO,088.385.001-00,62 548 3193 / 64 99255 4775,,0,,,pinheirojv27@gmail.com,,,,,,,,,,,,,,,,,
1003134,J-047,Paulo Henrique De O. Silva,"01278817190",61-991262445,,0,,,,,,,,,,,,,,,,,,,,
1003138,o-077,Pedro Alexandre Pereira,29501083187,62 99955-3349 62 98245-7853,,0,,,,,,,,,,,,,,,,,,,,
1003139,O-077,Mara Silva Côrtes de Souza,12441317172,,,0,,,,,,,,,,,,,,,,,,,,
1003140,O-077,Paulo Alexandre,81465165134,,,0,,,,,,,,,,,,,,,,,,,,
1003141,O-077,Anybal Côrtes Bárbaro,74361287104,,,0,,,,,,,,,,,,,,,,,,,,
1003142,p-020,Pedro magalhaes sena Welasco Santana,,61 992355558,,0,,,,,,,,,,,,,,,,,,,,
1003143,P-020,Felipe Souza Pimenta,"03184475174",61 998569894,,0,,,,,,,,,,,,,,,,,,,,
1003144,p-020,Leonardo Henrique Ponte dos Santos,"06614652176",61 981387652,,0,,,,,,,,,,,,,,,,,,,,
1003145,p-020,Wenner Magalhaes Sena Welasco Santana,"04740415143",61 982721999,,0,,,,,,,,,,,,,,,,,,,,
1003147,P-026,Nathalia Barbosa Castro,037.791.171-26,62-998024084,,0,,,,,,,,,,,,,,,,,,,,
1003150,B-015,Hugo Norberto Goncalves Teixeiara,"04518606167",62-996622323,,0,,,,,,,,,,,,,,,,,,,,
1003155,b-069,Jose Luiz Dias da Rocha,,61 98105-7080,,0,,,,,,,,,,,,,,,,,,,,
1003157,A-079,Genesio Laurindo da Silva,72901276172,62 35414515,,0,,,,,,,,,,,,,,,,,,,,
1003160,A-068,André Luiz Gama Barbosa,867.424.421-15,61-984235929,,0,,,,,,,,,,,,,,,,,,,,
1003162,g-074,Marco Wilkem Perez,70277126100,,,0,,,,,,,,,,,,,,,,,,,,
1003163,G-074,Vanessa Raissa Perez,"04282869178",,,0,,,,,,,,,,,,,,,,,,,,
1003164,G-074,Kaiqui Fernando Perez Antunes,"03221805151",,,0,,,,,,,,,,,,,,,,,,,,
1003165,G-074,Walteir Jose Antunes Junior,"04962009176",,,0,,,,,,,,,,,,,,,,,,,,
1003172,,Marcelo Oliveira,,,,0,,,,,,,,,,,,,,,,,,,,
1003173,,Valter Jose dos Anjos,,,,0,,,,,,,,,,,,,,,,,,,,
1003179,O-093,Stefano Maia Silva Calaça,"04204282164",,,0,,,,,,,,,,,,,,,,,,,,
1003186,B-078,CARLOS ROBERTO MIGUEL,,,,0,,,,,,,,,,,,,,,,,,,,
1003187,,ALMIRA MARIA LISBOA,,,,0,,,,,,,,,,,,,,,,,,,,
1003191,G-013,Israel Vilela Pacheco,78344522153,62-992770309,,0,,,,,,,,,,,,,,,,,,,,
1003194,b-076,José Maria Bianchi,182.840.271-00,61 3435 0493 / 61 98260 5410,,0,,,fatimabianchi@gmail.com,,,,,,,,,,,,,,,,,
1003195,b-076,Maria De Fátima C. Bianchi,,,,0,,,,,,,,,,,,,,,,,,,,
1003203,P-040,Alessandro  Zocoli,886.812.381-91,62 99343-2433,,0,,,,,,,,,,,,,,,,,,,,
1003205,P-040,Antonio Gonçalves Gomes,122.069.621-87,62 99973 7980,,0,,,,,,,,,,,,,,,,,,,,
1003206,G-017,Aluisio Pereira Junior,710.170.971-00,62 999142121,,0,,,,,,,,,,,,,,,,,,,,
1003207,G-042,Fernanda Barbosa Antunes,"01198466162",61-99644-2981,,0,,,,,,,,,,,,,,,,,,,,
1003209,A-081,Sandra Maria Ferreira,15537945735,,,0,,,,,,,,,,,,,,,,,,,,
1003220,P-004,Auridea Castro Falcão Fernandes,527.815.774-72,64 9 9226 7312,,0,,,deaimovveiscaldasnovas@gmail.ccom,,,,,,,,,,,,,,,,,
1003230,j-023,victor yuri vieira esteves,"03511722110",,,0,,,,,,,,,,,,,,,,,,,,
1003231,O-067,Lisia Porto de Castro,167.201.991-53,62 98201 18008,,0,,,,,,,,,,,,,,,,,,,,
1003232,G-018,Edmundo Antonio Matias Filho,633.130.732-04,64 98420-8971/ 64 99245-1650,,0,,,,,,,,,,,,,,,,,,,,inquilino
1003244,G-021,ADAUTA CAMPOS DE AGUIAR,33466904153,,,0,,,,,,,,,,,,,,,,,,,,
1003245,G-071,MARIA DE SOUZA OLIVEIRA,69201170106,,,0,,,,,,,,,,,,,,,,,,,,
1003246,G-071,SEBASTIAO CARLOS SALATIEL,34853340553,,,0,,,,,,,,,,,,,,,,,,,,
1003249,G-021,DEBORA CANDIDO,34762639168,,,0,,,,,,,,,,,,,,,,,,,,
1003257,G-021,RAFAEL SOUSA CAMPOS DE AGUIAR,75345684120,,,0,,,,,,,,,,,,,,,,,,,,
1003259,G-021,BRUNO SANTOS AGUIAR,71293597147,,,0,,,,,,,,,,,,,,,,,,,,
1003269,A-018,ROBERTO  APARECIDO DA COSTA,,,,0,,,,,,,,,,,,,,,,,,,,
1003272,A-096,Rosania Aparecida De Moura Oliveira,234.251.991-53,62 3253 1359 / 62 99143 0372,,0,,,,,,,,,,,,,,,,,,,,
1003278,B-069,Rodrigo Vidal,70999457187,61 992586470,,0,,,,,,,,,,,,,,,,,,,,
1003283,,ALVAMIR FARIA DOS ANJOS NETO,,,,0,,,,,,,,,,,,,,,,,,,,IRAMÃO DA POLIANA
1003287,G-014,GUILHERME DANI M.,,,,0,,,,,,,,,,,,,,,,,,,,
1003298,A-022,VICENTE ALVES FERREIRA,"05688710144",,,0,,,,,,,,,,,,,,,,,,,,
1003299,A-022,MARIA NEUSA ALVES,37765108115,,,0,,,,,,,,,,,,,,,,,,,,
1003301,A-022,KELVYS RICHARD FERREIRA QUEIROZ,"04808972123",,,0,,,,,,,,,,,,,,,,,,,,
1003305,p-030,MARIA SOLENE RIBEIRO PIRES,17039053187,,,0,,,,,,,,,,,,,,,,,,,,
1003307,P-030,JOSE DE LIMA RIBEIRO,52656691168,,,0,,,,,,,,,,,,,,,,,,,,
1003329,J-027,RENATO AUGUSTO ALVES OLIVEIRA,"00861824121",6298402 5531,,0,,,,,,,,,,,,,,,,,,,,STRADA ONZ 5851    /  GOL ONY 8659
1003330,J-027,POLLYANA RODRIGUES DE OLIVEIRA,"00839235194",,,0,,,,,,,,,,,,,,,,,,,,CARROS :STRADA ONZ 5851   GOL ONY 8659
1003333,G-073,Celso Costa Filho,047.574.243-53,11 98731-3840,,0,,,,,,,,,,,,,,,,,,,,
1003334,G-073,CELIZE GOMES COSTA,30676245803,64 992318596,,0,,,,,,,,,,,,,,,,,,,,MORADOR PRISMA GAX7105
1003335,G-073,Izabel da Conceição gomes,,64 98111-1014,,0,,,,,,,,,,,,,,,,,,,,
1003343,P-023,Ana Maria Lemes Coelho,70017476100,,,0,,,,,,,,,,,,,,,,,,,,Locatária Mensal
1003344,P-023,VICTOR HUGO LEMES COELHO,,,,0,,,,,,,,,,,,,,,,,,,,
1003345,P-023,ANA CAROLINA LEMES COELHO,,,,0,,,,,,,,,,,,,,,,,,,,
1003346,P-023,ALINE S.BRANQUINIO FERREIRA,,,,0,,,,,,,,,,,,,,,,,,,,
1003348,B-070,CRISTIANO PAMPLONA,57298610104,64 984560002,,0,,,,,,,,,,,,,,,,,,,,
1003350,J-008,ADISALAO LIBAINO DE ALMEIDA,11502029120,,,0,,,,,,,,,,,,,,,,,,,,
1003352,J-008,ABIMAEL LIBANIO DE ALMEIDA,"05999035133",,,0,,,,,,,,,,,,,,,,,,,,
1003355,o-012,DEVANEI RODRIGUES MACHADO,69465509191,61 998814060,,0,,,,,,,,,,,,,,,,,,,,
1003359,,FELIPE ANDRE,,,,0,,,,,,,,,,,,,,,,,,,,
1003361,G-033,MARIA LIBÂNIO DE ALMEIDA COSTA,,61 99953 5393,,0,,,mlibanio1@gmail.com,,,,,,,,,,,,,,,,,
1003371,O- 029,Mariana Rodrigues de Oliveira,70232542180,62983002251,,0,,,,,,,,,,,,,,,,,,,,
1003375,G-021,ALISSON CAMPOS DE AGUIAR,82175063100,62 992162861,,0,,,,,,,,,,,,,,,,,,,,
1003376,G-021,PATRICIA SOUZA SILVA AGUIAR,82657890172,62 992433331,,0,,,,,,,,,,,,,,,,,,,,
1003377,G-021,GABRIEL BRINA AGUIAR,70321974182,,,0,,,,,,,,,,,,,,,,,,,,
1003378,G-021,ADENIL FERRAZ DE AGUIAR (PAI),14905841100,99904 4050,,0,,,,,,,,,,,,,,,,,,,,
1003381,G-021,ADENIL CAMPOS DE AGUIAR,60735244120,62 985784109,,0,,,,,,,,,,,,,,,,,,,,
1003384,G-021,ADEMIL CAMPOS DE AGUIAR,"00372580793",,,0,,,,,,,,,,,,,,,,,,,,
1003387,G-021,JOELIA DA SILVA MOURA,70513678115,,,0,,,,,,,,,,,,,,,,,,,,
1003388,G-021,BRUNA MARIA DOS SANTOS,81321953100,,,0,,,,,,,,,,,,,,,,,,,,
1003392,a-061,ELISA VIEIRA GUIMARAES LIMA,70122426126,62 985116119,,0,,,,,,,,,,,,,,,,,,,,
1003393,j-007,Ricardo Paysano Marrocos,465.917.027-68,61 3272 5403 / 61 99967 1701,,0,,,ricardomarrocos@gmail.com,,,,,,,,,,,,,,,,,
1003394,J-007,Serly Catarina de Morais,239.164.941-04,61 99999-8740,,0,,,,,,,,,,,,,,,,,,,,
1003396,J-016,CLOVIS PEREIRA DA SLVA,71610120159,(61)98430 7067 ZAP    (61)98654 3200,,0,,,,,,,,,,,,,,,,,,,,NAO LIBERA NINGUEM SEM AUTORIZAÇAO
1003400,O-001 e J-041,Maria Machado Dos Santos,986.809.516-68,64 99221-6159,,0,,,,,,,,,,,,,,,,,,,,
1003401,A-060,DEBORA LUANE ARAUJO SILVA,"03535830141",,,0,,,,,,,,,,,,,,,,,,,,
1003408,A-081,Maria da Paz Gomes F. Oliveira,119.616.878-44,11 4075 3456 / 11 994347337,,0,,,m.p.deoliveira@hotmail.com,,,,,,,,,,,,,,,,,
1003412,B-092,ERICK RAYNER SOUZA AMARAL,14483509601,,,0,,,,,,,,,,,,,,,,,,,,
1003415,B-092,ANA CRISTINAN AMARAL,61771511672,62 983125472,,0,,,,,,,,,,,,,,,,,,,,
1003429,B-092,ELISSON JOSE DO AMARAL,43347029615,62,,0,,,,,,,,,,,,,,,,,,,,
1003430,B-092,GISELLE STEFANY SOUZA AMARAL,14483795635,62-981123706,,0,,,,,,,,,,,,,,,,,,,,
1003437,o-076,ayla fernanda de souza rodrigues,"05716277144",,,0,,,,,,,,,,,,,,,,,,,,
1003450,B-014,ROSANGELA RIBEIRO VIANA,34332316134,,,0,,,,,,,,,,,,,,,,,,,,
1003451,B-016,Gilberto De Castro,319.831.628-68,61 3435 4114,,0,,,virtualbel@gmail.com,,,,,,,,,,,,,,,,,
1003452,P-023,NICE GARCIA,,,,0,,,,,,,,,,,,,,,,,,,,
1003458,G-071,PRISCILA DE SOUZA MEDEIROS,"01420594125",,,0,,,,,,,,,,,,,,,,,,,,
1003460,B-014,JOSE FRANCISCO DAS CHAGAS VIANA,"09635254334",061 98116 5686,,0,,,,,,,,,,,,,,,,,,,,
1003461,B-014,THALLYSON RIBEIRO VIANA,"01975499182",,,0,,,,,,,,,,,,,,,,,,,,
1003466,P-073,LUCIMAR OLIVEIRA SILVA,50415670187,61 33728857,,0,,,,,,,,,,,,,,,,,,,,
1003468,,Rangel oliveira dos anjos,"06918823710",64992612633 outro 992357221,,0,,,,,,,,,,,,,,,,,,,,
1003474,B-103,ADAILTON SILVA DA COSTA,47143142115,"061992133194",,0,,,,,,,,,,,,,,,,,,,,
1003475,B-103,Juanita Ferreira De Araujo Costa,428.465.951-00,61 35360613 / 61 981214417,,0,,,juanita.costa@gmail.com,,,,,,,,,,,,,,,,,
1003476,B-043,ITALO DE ALCANTARA BASTOS,"03183240165",,,0,,,,,,,,,,,,,,,,,,,,
1003477,B-010,Maria Aparecida Alves Vieira Santos,26857235104,61 992865600,,0,,,,,,,,,,,,,,,,,,,,
1003484,J-008,ABISSALAO LIBAINO DE ALMEIDA,"05699040137",,,0,,,,,,,,,,,,,,,,,,,,
1003486,G-071,ANA CRISTINA SOUZA SALATIEL,75759438115,,,0,,,,,,,,,,,,,,,,,,,,
1003490,B-002,Ana Luiza Coelho Sales,"05400602169",61 991076995,,0,,,,,,,,,,,,,,,,,,,,
1003509,B-100,Isabel de OLiveira  Dourado Silva,700.309.241-70,62-991201477,,0,,,,,,,,,,,,,,,,,,,,
1003515,B-014,THIAGO RIBEIRO VIANA,"00029767148",,,0,,,,,,,,,,,,,,,,,,,,
1003522,G-006,YURI SILVA PIRES,50908260130,"063981242058",,0,,,,,,,,,,,,,,,,,,,,
1003524,G-006,SONIA CLARA RODRIGUES VASCONCELOS,77941764172,"064984040133",,0,,,,,,,,,,,,,,,,,,,,
1003528,P-038,ANDRE MATTAR,53852680115,61 996480248,,0,,,,,,,,,,,,,,,,,,,,
1003530,P-038,FLAVIA ALMEIDA DE SOUZA,,,,0,,,,,,,,,,,,,,,,,,,,
1003533,J-31,socrates americano do brasil camilo,92701485134,62 991660401,,0,,,,,,,,,,,,,,,,,,,,
1003537,P-073,MATHEUS NOLASCO DE OLIVEIRA,"00848722175",,,0,,,,,,,,,,,,,,,,,,,,
1003541,B-100,FERNANDO DE OLIVEIRA DIAS MACIEL,54971969187,62 985940908,,0,,,,,,,,,,,,,,,,,,,,
1003545,A-042,Karoline Siqueira,"04274009106",62 999694585,,0,,,,,,,,,,,,,,,,,,,,
1003549,O-039,ORAIDE LELES DE ALMEIDA,36059048153,34984000367,,0,,,,,,,,,,,,,,,,,,,,
1003551,O-039,FABIO DE SENNA FERREIRA,78329132153,,,0,,,,,,,,,,,,,,,,,,,,
1003554,B-028,Maria Divina Borges Fernandes,281.027.701-04,62 98123-1614,,0,,,,,,,,,,,,,,,,,,,,
1003558,A-022,MARCELO ALVES FERREIRA,52024679153,45 999412980,,0,,,,,,,,,,,,,,,,,,,,
1003561,G-007,ANGELICA DE FATIMA SILVA BARRETO,72762268168,,,0,,,,,,,,,,,,,,,,,,,,
1003564,A-056,ARTUR FELIPE C.SILVA,,,,0,,,,,,,,,,,,,,,,,,,,
1003565,A-056,GUILHERME FELIPE,,,,0,,,,,,,,,,,,,,,,,,,,(NETO)
1003566,A-056,FABIO NUNES,,,,0,,,,,,,,,,,,,,,,,,,,(GENRO)
1003568,A-034,MAURA DOMICIANO SOBRINHO,12443239187,,,0,,,,,,,,,,,,,,,,,,,,
1003569,A-034,ARTHUR DOMICIANO RESENDE,"09958935198",,,0,,,,,,,,,,,,,,,,,,,,
1003571,A-034,ISABELA FERREIRA AMORIM,"09959029174",,,0,,,,,,,,,,,,,,,,,,,,
1003572,A-034,SERGIMARIA DOS SANTOS OLIVEIRA,39216993120,,,0,,,,,,,,,,,,,,,,,,,,
1003573,A-034,DIEGO DOMICIANO RESENDE,"09958982196",,,0,,,,,,,,,,,,,,,,,,,,
1003574,A-034,JOSE RESENDE DE AMORIM NETO,82319294104,,,0,,,,,,,,,,,,,,,,,,,,
1003578,B-094,LEANDRO MOURA,25358725873,62 981440550,,0,,,,,,,,,,,,,,,,,,,,
1003583,G-009,MARIA CLARA ANDRADE,,,,0,,,,,,,,,,,,,,,,,,,,
1003584,G-009,MIGUEL CAMARGO ANDRADE,,,,0,,,,,,,,,,,,,,,,,,,,
1003585,G-009,DAVI CAMARGO ANDRADE,,,,0,,,,,,,,,,,,,,,,,,,,
1003586,G-009,VANIA CAMARGO,,,,0,,,,,,,,,,,,,,,,,,,,
1003587,G-009,JOAO GIUMARAES,,,,0,,,,,,,,,,,,,,,,,,,,
1003591,A-022,FABIANA PRISCILA DOS SANTOS FERREIRA,31436071810,45 999852696,,0,,,,,,,,,,,,,,,,,,,,
1003593,A-022,ANDRE VICENTE FERREIRA RIBEIRO,"06688613123",,,0,,,,,,,,,,,,,,,,,,,,
1003595,P-073,PEDRO HENRIQUE ALVES DE OLIVEIRA REZENDE,"00848728106",,,0,,,,,,,,,,,,,,,,,,,,
1003596,P-018,SILVANIA SANTOS RODRIGUES,32318499187,61 981850011,,0,,,,,,,,,,,,,,,,,,,,
1003598,P-018,VITORINO NELIO PINTAL RODRIGUES,74546333153,61 981850011,,0,,,,,,,,,,,,,,,,,,,,
1003599,P-074,LUIS FELIPE MOREIRA DE ARAUJO,"02717609156",,,0,,,,,,,,,,,,,,,,,,,,NETO DO SR JESUS
1003601,P-054,IVAN ALEXANDRE LEME,,,,0,,,,,,,,,,,,,,,,,,,,
1003602,P-054,THIAGO MUHLBEIER,,,,0,,,,,,,,,,,,,,,,,,,,
1003603,O-098,Evandro Alves Rocha,"03874193659",61 99929-6560,,0,,,,,,,,,,,,,,,,,,,,
1003611,A-005,Sebastião Ferreira Mendes,042.641.856-53,34 3223 8604 / 34 9688 8604,,0,,,preludiomusica@gmail.com,,,,,,,,,,,,,,,,,
1003613,p-018,lara livia santos da silva,"00530411199",62 982107475,,0,,,,,,,,,,,,,,,,,,,,
1003616,A-022,BRUNA ELVITA RODRIGUES ESTACIO DOS SANTOS,"02321988100",,,0,,,,,,,,,,,,,,,,,,,,AUTORIZADO PELO SR MARCELO ALVES (VIA GMAIL)
1003618,P-065,FABRICIO SANTOS MONTEIRO,"04732042155",,,0,,,,,,,,,,,,,,,,,,,,
1003620,A-081,DANIELI VITAL SANTOS,,,,0,,,,,,,,,,,,,,,,,,,,
1003621,A-081,MARIA MARLENE FERREIRA,,,,0,,,,,,,,,,,,,,,,,,,,
1003622,A-081,ROIRONIS VITAL SANTOS,,,,0,,,,,,,,,,,,,,,,,,,,
1003623,O-017,Jader Lucas Lacerda Lopes,"05489339101",61-991440476,,0,,,,,,,,,,,,,,,,,,,,
1003624,b-014,amanda santos durate viana,"00552746177",61 991125972,,0,,,,,,,,,,,,,,,,,,,,
1003626,B-102,THIAGO RAMOS NUNES,"01225083192",,,0,,,,,,,,,,,,,,,,,,,,
1003630,G-074,Walteir Jose Antunes,88726304791,61 98290-0288,,0,,,,,,,,,,,,,,,,,,,,
1003631,G-074,Guacyrema Monteiro dos Santos,39688291234,61 981675928,,0,,,,,,,,,,,,,,,,,,,,
1003637,P-093,Douglas Marques Do Nascimento,"06598717183",,,0,,,,,,,,,,,,,,,,,,,,
1003639,O-096,Taiguara Pedreira Lobo,56128126120,61 999740937,,0,,,,,,,,,,,,,,,,,,,,
1003640,O-096,Taynã Nery Correa Lobo,53852320178,61 999749443,,0,,,,,,,,,,,,,,,,,,,,
1003644,G-021,ALDEIR CAMPOS DE AGUIAR,33367701149,,,0,,,,,,,,,,,,,,,,,,,,
1003645,O-034,Aleandra Pereira Macedo Carvalho,92891543149,62 99224-0722,,0,,,,,,,,,,,,,,,,,,,,
1003651,P-049,Hector Marcelino Celestino Assis ( CABELIM),72394277149,64 99230-5003,,0,,,,,,,,,,,,,,,,,,,,
1003655,B-012,JOSE VALDENOR QUEIROZ JUNIOR,145.037.941-91,61 3577 1798  /  61 99161 0552,,0,,,valdenorqj@gmail.com,,,,,,,,,,,,,,,,,
1003656,B-064,Kelly Cristina Guimaraes Franco,69357773134,62 981749777,,0,,,,,,,,,,,,,,,,,,,,
1003657,B-064,Cleidson Alves Franco,36061425104,64 993054027,,0,,,,,,,,,,,,,,,,,,,,
1003658,P-041,CAMILA SANTA ROSA MATTAR,,,,0,,,,,,,,,,,,,,,,,,,,FILHA DO PROPRIETARIO FARID MATTAR
1003674,O-039,DIOGO SILVA SENA,,,,0,,,,,,,,,,,,,,,,,,,,
1003675,O-039,KIMBERLLY SILVA SENA,,,,0,,,,,,,,,,,,,,,,,,,,
1003676,O-039,MARILENE PEREIRA DA SILVA,"00927940175",,,0,,,,,,,,,,,,,,,,,,,,
1003677,O-039,LISSANDRA P. DA SILVA,80020801149,,,0,,,,,,,,,,,,,,,,,,,,
1003678,O-039,JUNIOR PAULINO DA SILVA,93154003134,,,0,,,,,,,,,,,,,,,,,,,,
1003679,O-039,ELIANE APOLO DA SILVA,79793576120,,,0,,,,,,,,,,,,,,,,,,,,
1003681,P-080,Leandro Caldas de Carvalho,564.924.301-82,47 98448-0503 / 64-98406 2051,,0,,,,,,,,,,,,,,,,,,,,Inquilino
1003683,G-009,Evaldo Nunes de Andrade,96174757153,49 999093598,,0,,,,,,,,,,,,,,,,,,,,
1003685,G-019,MARCOS CARLOS ARANTES,56459904120,,,0,,,,,,,,,,,,,,,,,,,,
1003690,O-63,MARIANE CARNEIRO CARVALHO,,,,0,,,,,,,,,,,,,,,,,,,,
1003692,O-063,NEUSA CARNEIRO CARVALHO,71049835115,62 33214523 / 62 996462417,,0,,,,,,,,,,,,,,,,,,,,
1003694,P-020,JULIANA WELASCO SANTANA,"01984805126",,,0,,,,,,,,,,,,,,,,,,,,
1003695,P-020,LEANDRO DE SOUZA LOPES,"08861149693",,,0,,,,,,,,,,,,,,,,,,,,
1003696,P-020,OLDAIR DO NASCIMENTO,39262227191,,,0,,,,,,,,,,,,,,,,,,,,
1003702,A-099,Vinicius Santos Silva,70387888179,62 999621710,,0,,,,,,,,,,,,,,,,,,,,
1003704,G-019,Wagner FERREIRA DE OLIVEIRA,72564731115,,,0,,,,,,,,,,,,,,,,,,,,
1003710,A-092,Cristiane da costa cunha,78899257191,62 98507-6429,,0,,,,cristianecostacunha@hotmail.com,,,,,,,,,,,,,,,,
1003727,G-055,RENAN DE SOUZA CAMPOS,40964426234,69 999992312,,0,,,,,,,,,,,,,,,,,,,,
1003731,P-014,PATRICIA RODRIGUES RIBEIRO BORBA,71014225191,61992008817,,0,,,,,,,,,,,,,,,,,,,,
1003732,P-014,DENIS DALMY BORBA,89534247120,61991458165,,0,,,,,,,,,,,,,,,,,,,,
1003733,P-014,LOHAINE ALEXANDRA RODRIGUES,,,,0,,,,,,,,,,,,,,,,,,,,
1003734,P-014,CAIO CICRUS ALVAREZ,,,,0,,,,,,,,,,,,,,,,,,,,
1003736,P-014,IGOR HENRIQUE R. RIBEIRO,,,,0,,,,,,,,,,,,,,,,,,,,
1003737,P-014,JACKELINE MORINO,,,,0,,,,,,,,,,,,,,,,,,,,
1003738,P-014,ELVIRA RODRIGUES RIBEIRO,,,,0,,,,,,,,,,,,,,,,,,,,
1003739,P-014,HELIO DALMY BORBA,,,,0,,,,,,,,,,,,,,,,,,,,
1003740,P-014,WELLINGTON DALMY BORBA,,,,0,,,,,,,,,,,,,,,,,,,,
1003741,P-014,ADRIANNY BORBA,,,,0,,,,,,,,,,,,,,,,,,,,
1003742,P-014,CESAR AUGUSTO CAMPOS,,,,0,,,,,,,,,,,,,,,,,,,,
1003743,P-014,ANA FLAVIA PAULINO,,,,0,,,,,,,,,,,,,,,,,,,,
1003761,P-023,Vitor Hugo Lemes Coelho,"03734780110",62 996107187,,0,,,,,,,,,,,,,,,,,,,,
1003763,O-071,JORDANA FERNANDES DE OLIVEIRA,"02935239164",,,0,,,,,,,,,,,,,,,,,,,,
1003775,B-094,GELIEL DA SILVA PEREIRA,45854061821,64 992807042,,0,,,,,,,,,,,,,,,,,,,,
1003778,B-088,Jacqueline Barros Palmerston,71210458187,64 992816000,,0,,,,,,,,,,,,,,,,,,,,
1003779,B-088,Marcelo Dias Pacheco,89839013149,62 984505064,,0,,,,,,,,,,,,,,,,,,,,
1003788,J-034,ENZO BAILONI PIZANO,72976500134,,,0,,,,,,,,,,,,,,,,,,,,
1003800,O-059,ELIAS MOURA DE ALENCAR,10305673106,,,0,,,,,,,,,,,,,,,,,,,,
1003801,G-035,Vera Lucia Muniz Silva,198.887.676-15,64 98160 1521,,0,,,,,,,,,,,,,,,,,,,,
1003802,G-035,Celio Aparecido Luiz,"03866856814",16 991420153,,0,,,,,,,,,,,,,,,,,,,,
1003806,O-059,BRAZ DIMITRI F.MOURA,"02714265197",62 982337404,,0,,,,,,,,,,,,,,,,,,,,
1003809,O-063,MILENA CARNEIRO CARVALHO,,,,0,,,,,,,,,,,,,,,,,,,,
1003811,A-081,VANESSA SALMAZO,21506428835,,,0,,,,,,,,,,,,,,,,,,,,
1003829,P-026,ALBERTO DE CASTRO E SILVA,059.361.791-68,64 99800 5954,,0,,,betimcs@bol.com.br,,,,,,,,,,,,,,,,,
1003830,G-048,Adolfo Neves de Oliveira Junior,348.051.171-58,62-991623955,,0,,,,,,,,,,,,,,,,,,,,
1003834,B-028,Lindaura Larissa Souza,70022268197,62 99268092,,0,,,,,,,,,,,,,,,,,,,,
1003835,G-013 e G-018,Silvia Beatriz De Carvalho Vilela Pacheco,,,,0,,,,,,,,,,,,,,,,,,,,
1003842,J-036,MARCELI AP.DA SILVA MORAIS,42763363172,,,0,,,,,,,,,,,,,,,,,,,,ALUGUEL  (DEA FALÂO)
1003843,J-036,HENOCH JOSE DE MORAIS,"08810302187",,,0,,,,,,,,,,,,,,,,,,,,ALUGUEL  (DEA FALÂO)
1003845,J-036,SOPHIA BARBOSA GOMES,71540418111,,,0,,,,,,,,,,,,,,,,,,,,ALUGUEL  (DEA FALÂO)
1003846,J-036,NAPOLEÃO BARBOSA,,,,0,,,,,,,,,,,,,,,,,,,,ALUGUEL  (DEA FALÂO)
1003847,J-036,JOCENI GOMES BARBOSA,55209904504,,,0,,,,,,,,,,,,,,,,,,,,ALUGUEL  (DEA FALÂO)
1003850,J-002,Telmo Augusto De carvalho,031.359.341-87,62 3313 1926 / 62 99617 3634,,0,,,bizzottoangela@yahho.com.br,,,,,,,,,,,,,,,,,
1003857,O-024,IZABEL TAILA BINI,"00139842098",62 983318500,,0,,,,,,,,,,,,,,,,,,,,AUTORIZADO PELO EMAIL
1003864,O-059,JOSE DOS SANTOS MARTINS DE MOURA,23556323168,062 99639 5362   062 32732028,,0,,,,,,,,,,,,,,,,,,,,PROPRIETARIO
1003866,O-059,LUCIMAR FRUTUOSO DE MOURA,37016237168,,,0,,,,,,,,,,,,,,,,,,,,
1003868,A-022,RITA  GABRIELLE DE PADUA FERREIRA,"08736818941",,,0,,,,,,,,,,,,,,,,,,,,
1003869,A-022,MAIRA BIANCA ALVES FERREIRA,"02034193164",,,0,,,,,,,,,,,,,,,,,,,,
1003870,A-022,NIVALDO PEREIRA DA SILVA,63355744115,,,0,,,,,,,,,,,,,,,,,,,,
1003871,A-022,GISELLE DE ARAUJO ALVES,90741102153,,,0,,,,,,,,,,,,,,,,,,,,
1003874,O-030,SUEIDE DE JESUS BARBOSA DE A,16875150182,062- 996143079,,0,,,,,,,,,,,,,,,,,,,,
1003875,O-059,SURIA NAIARA FRUTUOSO M.,"03847236164",62 984915317,,0,,,,,,,,,,,,,,,,,,,,
1003876,O-059,ANDRE ELIAS DE ALENCAR,"02678043185",62 981925576,,0,,,,,,,,,,,,,,,,,,,,
1003878,O-044,Rafael Peçanha Fonseca Da Costa,"03264012103",62 995510173,,0,,,,,,,,,,,,,,,,,,,,
1003889,A-043,jairo silva neiva,84464445187,,,0,,,,,,,,,,,,,,,,,,,,
1003894,B-091,SANSÃO ROBERTO BARCELOS,,,,0,,,,,,,,,,,,,,,,,,,,
1003896,B-91,SERGISMUNDO NETO,,,,0,,,,,,,,,,,,,,,,,,,,
1003897,B-091,MYRIAM CHISTIANA,,,,0,,,,,,,,,,,,,,,,,,,,
1003898,B-091,NATALIA BARCELOS,,,,0,,,,,,,,,,,,,,,,,,,,
1003899,B-091,THIAGO BARCELOS,,,,0,,,,,,,,,,,,,,,,,,,,
1003900,B-091,ELENICE BARCELOS,,,,0,,,,,,,,,,,,,,,,,,,,
1003901,B-091,VICTOR LOPES,,,,0,,,,,,,,,,,,,,,,,,,,
1003902,B-091,ROBERTA BARCELOS,,,,0,,,,,,,,,,,,,,,,,,,,
1003903,B-091,MARIA EDUARDA,,,,0,,,,,,,,,,,,,,,,,,,,
1003904,B-091,ROBERTO BARCELOS,,,,0,,,,,,,,,,,,,,,,,,,,
1003905,B-091,RAFAEL BARCELOS,,,,0,,,,,,,,,,,,,,,,,,,,
1003906,B-091,RENAN BARCELOS,,,,0,,,,,,,,,,,,,,,,,,,,
1003907,B-091,ALEXANDRA BARCELOS,,,,0,,,,,,,,,,,,,,,,,,,,
1003908,B-091,GERALDO PEREIRA LIMA,,,,0,,,,,,,,,,,,,,,,,,,,
1003909,B-091,PAULO PEREIRA LIMA,,,,0,,,,,,,,,,,,,,,,,,,,
1003910,B-091,DULCE AUGUSTA LIMA,,,,0,,,,,,,,,,,,,,,,,,,,
1003911,B-091,MARIA ELIZABET DE LIMA,,,,0,,,,,,,,,,,,,,,,,,,,
1003912,B-091,WAGNER C. LIMA,,,,0,,,,,,,,,,,,,,,,,,,,
1003913,B-091,WESLEY DE C.,,,,0,,,,,,,,,,,,,,,,,,,,
1003919,A-024 A-025,BC BUSINESS CORPORATION S.A.,127.158.831-53,62994312239,,0,,,nairfugimoto@gmail.com,,,,,,,,,,,,,,,,,
1003924,A-024 A-025,ISAQUE MORAES ARAUJO,16459764670,,,0,,,,,,,,,,,,,,,,,,,,
1003927,G-031,NELSON SIMOES JUNIOR,82830142691,17709122293,,0,,,,,,,,,,,,,,,,,,,,
1003928,G-031,FAYLENNY RODRIGUES FERREIRA,70068631120,17709122495,,0,,,,,,,,,,,,,,,,,,,,
1003929,B-107,Renato Massao Mori,70102139172,61-993330735,,0,,,,,,,,,,,,,,,,,,,,
1003932,G-019,Renato Alves Costa,78408989120,061 993243652,,0,,,,,,,,,,,,,,,,,,,,
1003938,A-050,Tatiane Borges de Abreu,90910354120,,,0,,,,,,,,,,,,,,,,,,,,
1003939,B-098,Antonio Halan Coutinho Oliveira,621.056.123-34,61-992995275,,0,,,,,,,,,,,,,,,,,,,,
1003941,O-091,VALDA DE FATIMA,"02065703172",64 99224 7850,,0,,,,,,,,,,,,,,,,,,,,PROPRIETARIO
1003943,O-091,VERA LUCIA FREIRE DE MOURA,"08304629100",64 99322 8878,,0,,,,,,,,,,,,,,,,,,,,PROPRIETARIA
1003947,O-095,VINICIUS PIRES STRAUSS,37037967823,,,0,,,,,,,,,,,,,,,,,,,,
1003955,A-024 A-025,GLEISTON LUCIO ARAUJO,90804341612,62 994312239,,0,,,,,,,,,,,,,,,,,,,,
1003956,A-024 A-025,DAVI LUCAS MORAES ARAUJO,"01985458608",62 986298580,,0,,,,,,,,,,,,,,,,,,,,
1003957,O-082,Marcus Menezes Barros,845.657.801-00,62 98401-1285,,0,,,,,,,,,,,,,,,,,,,,
1003961,G-007,ORLENE PEREIRA DA SILVA BARRETO,28065085172,,,0,,,,,,,,,,,,,,,,,,,,
1003963,O-070,ANDERSON DA ROCHA MACAMBIRA,76313859120,61 985797757,,0,,,,,,,,,,,,,,,,,,,,
1003965,O-070,AURELINA RODRIGUES MACAMBIRA,068.173.001-34,61 3245 4269,,0,,,,,,,,,,,,,,,,,,,,
1003966,P-010,SAMARA ARANTES,,,,0,,,,,,,,,,,,,,,,,,,,
1003967,P-009,BENTO ROKUROU HAMATSU,760.039.818-49,11 95986 7440    11 94927 6614,,0,,,lan.cell.sp@gmail.com,,,,,,,,,,,,,,,,,
1003982,A-043,Sinara Marques Do Couto,699.000.941-15,61 99335-9595,,0,,,,,,,,,,,,,,,,,,,,
1003983,B-062,Plinio Henrrique MELO  Mundim,"06283300650",,,0,,,,,,,,,,,,,,,,,,,,
1003992,J-025,MARIA APARECIDA MENDES DE QUEIROZ,24671206856,,,0,,,,,,,,,,,,,,,,,,,,
1003996,J-025,ISMAEL LOPES DE QUEIROZ,76909514815,,,0,,,,,,,,,,,,,,,,,,,,
1003999,J-025,ELZA MENDES BALHE,"04244805818",,,0,,,,,,,,,,,,,,,,,,,,
1004001,J-025,RENATO BALHE JUNIOR,36781612867,,,0,,,,,,,,,,,,,,,,,,,,
1004005,B-112,Jose Heitor De Almeida,"02159619191",62 3287 3013 / 62 98164 0620,,0,,,,,,,,,,,,,,,,,,,,
1004008,J-025,RENATO BALHE,"04309861814",,,0,,,,,,,,,,,,,,,,,,,,
1004009,A-054,MARCELLO GONÇALVES BORGES,63399172168,,,0,,,,,,,,,,,,,,,,,,,,
1004013,J-009,Alcione Landin Vieira,13125524172,62 981153232,,0,,,,,,,,,,,,,,,,,,,,
1004015,J-025,FLÁVIO MENDES LOPES DE QUEIROZ,25176443813,11  99940 0570,,0,,,,,,,,,,,,,,,,,,,,
1004016,J-025,ANTONIO MENDES GONÇALVES  DE QUEIROZ,77078567836,11 971775614,,0,,,,,,,,,,,,,,,,,,,,
1004024,J-025,MARIA CECILIA G DE QUEIROZ,30122675819,,,0,,,,,,,,,,,,,,,,,,,,
1004027,A-024 A-025,CLEUSA SOUZA,"03518307665",,,0,,,,,,,,,,,,,,,,,,,,
1004028,A-024 A-025,GUILHERME HENRIQUE M. ARAUJO,"01985455684",,,0,,,,,,,,,,,,,,,,,,,,
1004032,J-021,Francisco Alves De Mendonça,101.935.101-20,61 3547 5284 / 61 98188 0692,,0,,,,,,,,,,,,,,,,,,,,
1004035,P-069,CAROLINA DINIZ GARCIA GOMES,"01562887106",,,0,,,,,,,,,,,,,,,,,,,,
1004036,P-069,ANA PAULA DANTAS FROTA,"01108295142",,,0,,,,,,,,,,,,,,,,,,,,
1004037,P-069,GIOVAMRA ALVES RODRIGUES,"04522256112",,,0,,,,,,,,,,,,,,,,,,,,
1004038,P-069,CASSIA HELENA GOMES,25328365172,,,0,,,,,,,,,,,,,,,,,,,,
1004039,P-069,FELIPE AUGUSTO GOMES FEREIRA,75057956191,,,0,,,,,,,,,,,,,,,,,,,,
1004041,P-069,ELIANA CANDIDO,50854887172,,,0,,,,,,,,,,,,,,,,,,,,
1004046,O-025,MARIA DE LOURDES M. ARAUJO,219.499.561-72,61 3044 4817 / 61 99291 2393,,0,,,boletoacontece@gmail.com,,,,,,,,,,,,,,,,,
1004053,B-048,Diego Raphael De S. Santos,72650419172,61 991839086,,0,,,,,,,,,,,,,,,,,,,,
1004054,O-051,JAIR CALACIO JUSTINO JUNIOR,,,,0,,,,,,,,,,,,,,,,,,,,
1004055,J-025,SUZANA MENDES DE QUEIROZ NUNES,14202006828,11 972742180,,0,,,,,,,,,,,,,,,,,,,,
1004056,J-025,JACKSON DIAS NUNES,19239036830,11 964745476,,0,,,,,,,,,,,,,,,,,,,,
1004057,J-025,FLAVIA MENDES DE QUEIROZ DIAS NUNES,45710868817,11 973433125,,0,,,,,,,,,,,,,,,,,,,,
1004067,O-054,JOAO VICTOR B.GONÇALVES,,,,0,,,,,,,,,,,,,,,,,,,,FILHO DO RENY PROCURADOR
1004068,O-054,ANA CLARA B.GONÇALVES,,,,0,,,,,,,,,,,,,,,,,,,,FILHO DO RENY PROCURADOR
1004071,B-034,Valteci de Paula Machado,122.053.891-49,62 98115-7439,,0,,,,,,,,,,,,,,,,,,,,
1004072,A-058,Floracy Rosa Da Silva,23550384149,62 99609-1228,,0,,,floracysilva@hotmail.com,,,,,,,,,,,,,,,,,
1004077,B-067,Jeanne Gomes P. Lima,64762815187,61 986036807,,0,,,,,,,,,,,,,,,,,,,,
1004078,A-005,Alexandre F. Mendes,846.334.686-34,34 99974-1411,,0,,,,,,,,,,,,,,,,,,,,
1004087,J-049,Nivaldo Batista Costa,038.361.341-87,61 99801-9035,,0,,,,,,,,,,,,,,,,,,,,
1004088,B-079,FABIANA FARIA DE AGUIAR,88773558168,62 985101994,,0,,,,,,,,,,,,,,,,,,,,
1004091,B-079,DIOGO COELHO DA COSTA,99424878168,62 984572979,,0,,,,,,,,,,,,,,,,,,,,
1004092,O-003,KARINE HELENA IWAMOTO DOS SANTOS,75148641134,62 996702399,,0,,,,,,,,,,,,,,,,,,,,
1004094,B-003,FRANCIELY CARDOZO BRANDAO,75044560120,62 991048167,,0,,,,,,,,,,,,,,,,,,,,
1004097,P-040,IRACIMAR MARIA DFA CRUZ,70115192115,6299229 0500,,0,,,,,,,,,,,,,,,,,,,,
1004099,P-040,MARIA EDUARDA DA CRUZ .G,,,,0,,,,,,,,,,,,,,,,,,,,
1004101,J-045,FABIO COELHO DE OLIVEIRA,59476478268,,,0,,,,,,,,,,,,,,,,,,,,ACRECENTADO PELO PROPRIETARIO ( ADM CAROL)
1004102,J-045,ELIGLELLY AIRES R. DA SILVA,94953023153,,,0,,,,,,,,,,,,,,,,,,,,ACRECENTADO PELO PROPRIETARIO ( ADM CAROL)
1004103,J-045,GABRIELLY AIRES COELHO,"02378549296",,,0,,,,,,,,,,,,,,,,,,,,ACRECENTADO PELO PROPRIETARIO ( ADM CAROL)
1004104,J-045,JOÃO PEDRO AIRES COELHO,"02378559259",,,0,,,,,,,,,,,,,,,,,,,,ACRECENTADO PELO PROPRIETARIO ( ADM CAROL)
1004112,o-030,wilson marinho de oliveira,"08780196187",,,0,,,,,,,,,,,,,,,,,,,,
1004114,B-110,Isis Flavia Reis Silva,"04374774106",62 98132-3252,,0,,,,,,,,,,,,,,,,,,,,
1004115,A-087,WANESSA LORENÇO,,012 982520495,,0,,,,,,,,,,,,,,,,,,,,
1004133,B-068,ARYANE CRUZ DE FREITAS,"02911453100",,,0,,,,,,,,,,,,,,,,,,,,
1004138,G-035,Christían Henrique Muniz Silva,"04174629641",64 98150-3690,,0,,,,,,,,,,,,,,,,,,,,
1004139,J-022,Romero Borges Campos (MORADOR),125.194.051-04,62 255 7551,,0,,,robcampos2010@hotmail.com,,,,,,,,,,,,,,,,,
1004140,G-040,ANDREIA MARIA ROCHA DE SOUZA,82674884215,69 992660778      75 998471548,,0,,,,andreia.dpero@gmail.com,,,,,,,,,,,,,,,,
1004142,,ANGEL DANIEL ROCHA CORTEZ,,,,0,,,,,,,,,,,,,,,,,,,,
1004143,,ALEXIA ACACIA ROCHA CORTEZ,,,,0,,,,,,,,,,,,,,,,,,,,
1004144,,ALLAN RICHARD ROCHA DE OLIVEIRA,,,,0,,,,,,,,,,,,,,,,,,,,
1004145,,RICHARDSON DE SOUZA OLIVEIRA,,,,0,,,,,,,,,,,,,,,,,,,,
1004146,,SEBASTIANA ROCHA DE SOUZA,,,,0,,,,,,,,,,,,,,,,,,,,
1004147,G-040,ANGEL DANIEL ROCHA CORTEZ,,,,0,,,,,,,,,,,,,,,,,,,,
1004148,,ALEXIA ARICIA ROCHA CORTEZ,,,,0,,,,,,,,,,,,,,,,,,,,
1004149,g-040,ALLAN RICHARD ROCHA DE OLIVEIRA,,,,0,,,,,,,,,,,,,,,,,,,,
1004151,G-040,ALEXIA ARICIA ROCHA CORTEZ,,,,0,,,,,,,,,,,,,,,,,,,,
1004153,G-040,SEBASTIANA ROCHA DE SOUZA,,,,0,,,,,,,,,,,,,,,,,,,,
1004157,G-008,CARLOS JOSÉ,307.787.351-68,62 99976 1132 / 62 3284 6996,,0,,,germannameloo@gmail.com,,,,,,,,,,,,,,,,,
1004158,G-021,LORRANA CAMPOS DE OLIVEIRA AGUIAR,"03749120170",,,0,,,,,,,,,,,,,,,,,,,,
1004162,B-032,Elaine Cristina Sodre De Melo,487.039.822-20,64 3453 4206 / 64 99273 2626,,0,,,advogadaelainemelo@gmail.com,,,,,,,,,,,,,,,,,
1004167,G-001,CLEBER WILHIAMRIBEIRO DO AMARAL,"00300884613",,,0,,,,,,,,,,,,,,,,,,,,
1004181,B-051,THAIS PORTO DE CASTRO AMADO,"00507483395",,,0,,,,,,,,,,,,,,,,,,,,
1004182,B-051,MARCOS LEAL LOPES,"00445144802",,,0,,,,,,,,,,,,,,,,,,,,
1004183,A-040,LUIZ HENRIQUE SILVA,,,,0,,,,,,,,,,,,,,,,,,,,
1004184,B-003 / B-078,DEIVID HENRIQUE IWAMOTO DOS SANTOS,75148633115,62 991192255,,0,,,,,,,,,,,,,,,,,,,,
1004185,B-043,Luiz Croda,,64 99648-0099,,0,,,,,,,,,,,,,,,,,,,,
1004190,,THAIS SOUZA LINS,,,,0,,,,,,,,,,,,,,,,,,,,
1004191,,LAIS SOUZA LINS,,,,0,,,,,,,,,,,,,,,,,,,,
1004196,B-028,Larissa da CRUZ Mendonça,99518805172,,,0,,,,,,,,,,,,,,,,,,,,
1004197,B-028,Diego Mendonça da Silva,73442887100,,,0,,,,,,,,,,,,,,,,,,,,
1004198,B-059,LUIZ ANTONIO GOMES SILVA,"07202838680",,,0,,,,,,,,,,,,,,,,,,,,
1004199,B0-59,VALDELICE GOMES,,,,0,,,,,,,,,,,,,,,,,,,,
1004213,O-030,Lucas Rodrigues Silva,94930562104,62 99679-0779,,0,,,,,,,,,,,,,,,,,,,,
1004228,A-100,CAROLINA MENDES F. CARNEIRO,,,,0,,,,,,,,,,,,,,,,,,,,
1004229,A-100,MARCOS PAULO,,,,0,,,,,,,,,,,,,,,,,,,,
1004239,A-100,LOREMILDA P.CASTRO MARTINS,21657815153,,,0,,,,,,,,,,,,,,,,,,,,PROPRIETARIO
1004251,B-020,CICERO EDUARDO,,,,0,,,,,,,,,,,,,,,,,,,,
1004255,O-068,GUSTAVO BORGES VASCONCELOS,77646460168,62 981159903 / 64 993105160,,0,,,,,,,,,,,,,,,,,,,,
1004258,G-033,Renata Amanda ALVES  Costa,98757334153,,,0,,,,,,,,,,,,,,,,,,,,
1004260,B-092,SERGIO CESARIO GOMES DE ALMEIDA,"01337728616",,,0,,,,,,,,,,,,,,,,,,,,
1004262,P-073,Maria de Lourdes Oliveira Rezende,"09862676191",,,0,,,,,,,,,,,,,,,,,,,,
1004264,P-073,KARLA NADLA ALVES DE OLIVEIRA,"00848717171",,,0,,,,,,,,,,,,,,,,,,,,
1004269,O-016,MARCELLE SOUZA FERREIRA,75582791191,62982861999,,0,,,,,,,,,,,,,,,,,,,,
1004271,B-020,MARIA ELEUSA ALVES LINS,"08549296813",66984423969,,0,,,,,,,,,,,,,,,,,,,,
1004272,G-066,ULYANA DE ALMEIDA CORREIA,91900344149,62996668184,,0,,,,,,,,,,,,,,,,,,,,
1004279,B-045,LORENZO THURM,,,,0,,,,,,,,,,,,,,,,,,,,ALUGUEL (DEA FALCÃO)
1004281,B-045,JOAO LEPRE,,,,0,,,,,,,,,,,,,,,,,,,,ALUGUEL (DEA FALCÃO)
1004285,G-032,FABIANA DA SILVA SANTOSFRANCO,79317707149,34996575914,,0,,,,,,,,,,,,,,,,,,,,
1004286,J-008,ELISA GERALDA FEITOSA,24408689149,6199966 3005,,0,,,,,,,,,,,,,,,,,,,,
1004287,G-038,Deborah R. R. Miranda,83054243168,62 99215-1860   62 99115 7689,,0,,,,,,,,,,,,,,,,,,,,
1004288,J-022,Mateus Dib,,64 992674348,,0,,,,,,,,,,,,,,,,,,,,
1004290,A-010,CARCIZIO CARDOSO GUEDES,41423585100,62 986020300,,0,,,,,,,,,,,,,,,,,,,,
1004291,A-010,LUCIMAR LISBOA DA CUNHA LEMES,57410976187,62 985780604,,0,,,,,,,,,,,,,,,,,,,,
1004292,G-058,Walisson Alves Miranda,031.083.161-09,61-991944833,,0,,,,,,,,,,,,,,,,,,,,
1004297,G-075,SUELI PEREIRA DE PAULA,209.649.271-87,61 99931 1301 / 99354 2506,,0,,,spaula7@gmail.com,,,,,,,,,,,,,,,,,
1004299,A-101,Carlos Roberto Alves Rodrigues,125.554.011-72,34 999929789,,0,,,,,,,,,,,,,,,,,,,,
1004300,A-101,ANA ISABEL R. RODRIGUES,15870979153,,,0,,,,,,,,,,,,,,,,,,,,
1004302,A-101,CAROLINA RIBEIRO RODRIGUES,"04689868638",,,0,,,,,,,,,,,,,,,,,,,,
1004304,A-101,ANA LIZ M. R. RODRIGUES,"09894443680",,,0,,,,,,,,,,,,,,,,,,,,
1004305,A-101,MARIA EDUARDA M. R.  RODRIGUES,10908364652,,,0,,,,,,,,,,,,,,,,,,,,
1004306,A-101,CARLOS EDUARDO M. RIBEIRO RODRIGUES,"06988665170",,,0,,,,,,,,,,,,,,,,,,,,
1004307,A-101,HELOIZA REIS RIBEIRO,14230948670,,,0,,,,,,,,,,,,,,,,,,,,
1004308,A-101,MAITE HELOIZA R.RIBEIRO,18461291689,,,0,,,,,,,,,,,,,,,,,,,,
1004309,A-101,TATIANA  W. RIBEIRO RODRIGUES,26072540864,,,0,,,,,,,,,,,,,,,,,,,,
1004310,A-101,CLAUDIONE REIS RIBEIRO,"01460313690",,,0,,,,,,,,,,,,,,,,,,,,
1004311,A-101,RUBENS RODRIGUES DE CARVALHO FILHO,,,,0,,,,,,,,,,,,,,,,,,,,
1004312,A-101,MARIA LUIZA ALVES RODRIGUES,,,,0,,,,,,,,,,,,,,,,,,,,
1004313,A-101,JULIANO ALVES NASCIMENTO,53318617172,,,0,,,,,,,,,,,,,,,,,,,,
1004314,A-101,JULIO ALVES NASCIMENTO,"03606125127",,,0,,,,,,,,,,,,,,,,,,,,
1004316,O-087,LUCIANO SILVA MAIA,41357019149,,,0,,,,,,,,,,,,,,,,,,,,
1004317,A-101,GISELE ALVES DE SÁ QUIMELHI,73221891491,,,0,,,,,,,,,,,,,,,,,,,,
1004319,A-101,ASTOLFO ALVES RODRIGUES,"02088266100",,,0,,,,,,,,,,,,,,,,,,,,
1004320,A-002,MARIA APARECIDA TACASSI PORTELLA,46942068187,62 98575 9090,,0,,,,,,,,,,,,,,,,,,,,
1004323,,Sheila Maria de Oliveira,,,,0,,,,,,,,,,,,,,,,,,,,
1004326,p-086,Alexandre Magnus Ramos,,,,0,,,,,,,,,,,,,,,,,,,,
1004327,p-086,Elaine Cristina Ramos,,,,0,,,,,,,,,,,,,,,,,,,,
1004329,p-086,Rodrigo Macedo,,,,0,,,,,,,,,,,,,,,,,,,,
1004331,A-033,MIRIAM GUERREIRO REZENDE DA SILVA,"09074771866",,,0,,,,,,,,,,,,,,,,,,,,
1004333,,BENEDITO R DA SILVA,,,,0,,,,,,,,,,,,,,,,,,,,
1004339,A-033,BENEDITO REZENDE DA SILVA,"05219434187",,,0,,,,,,,,,,,,,,,,,,,,
1004340,p-086,Paulo Magnus Ramos,61049972104,,,0,,,,,,,,,,,,,,,,,,,,
1004347,O-037,JOAO PAULO MARTINS DE SOUZA,029.361.271-49,61 99957-3067 / 61 3223-5521,,0,,,mgamart@gmail.com,,,,,,,,,,,,,,,,,
1004353,A-010,WAYSTTEN MAX ALVES GUEDES,"02148616196",,,0,,,,,,,,,,,,,,,,,,,,
1004354,A-010,LIDYANNE RODRIGUES DE MELO GUEDES,"03618953135",,,0,,,,,,,,,,,,,,,,,,,,
1004357,G-001,JOSE MOISES DE CARVALHO,"08516723100",,,0,,,,,,,,,,,,,,,,,,,,
1004359,B-020,NILTON ALVES LINS,9404776687,,,0,,,,,,,,,,,,,,,,,,,,
1004360,b-040,Luiz Carlos Machado Leao,"08883408187",,,0,,,,,,,,,,,,,,,,,,,,
1004362,j-015,Renato Batista Pires Neto,"03160820157",62 992297873,,0,,,,,,,,,,,,,,,,,,,,
1004365,P-014,ARIELA APARECIDA RODRIGUES RIBEIRO,"00319479137",61 982346097,,0,,,,,,,,,,,,,,,,,,,,
1004367,O-006,ISABEL CRISTINA BARBOSA FERNANDES,70269831134,62 992569702,,0,,,,,,,,,,,,,,,,,,,,
1004370,O-006,Alfredo Dair Fernandes,075.079.251-53,62 984043000,,0,,,,,,,,,,,,,,,,,,,,
1004371,O-006,Carmemlucia Barbosa Fernandes,71880020106,"062992569702",,0,,,,,,,,,,,,,,,,,,,,
1004373,b-038,Jamille Cristine G. Vidal,"03733837118",,,0,,,,,,,,,,,,,,,,,,,,
1004374,b-038,Jaqueline Cristine G. Vidal,"05804127179",,,0,,,,,,,,,,,,,,,,,,,,
1004375,b-038,Thiago Viana,"03723928145",,,0,,,,,,,,,,,,,,,,,,,,
1004382,O-072,MARIA FERNANDES DE OLIVEIRA,22573267172,,,0,,,,,,,,,,,,,,,,,,,,
1004385,O-072,PAULO CORREIA DE OLIVEIRA,34635556380,,,0,,,,,,,,,,,,,,,,,,,,
1004386,O-072,ALEF GABRIEL CORREIA,"04020442150",,,0,,,,,,,,,,,,,,,,,,,,FILHO DA DONA ROSANGELA
1004389,O-072,LEONARDO CARNEIRO T. DE OLIVEIRA,"01233797174",,,0,,,,,,,,,,,,,,,,,,,,
1004390,O-072,JUAREZ FERNANDES DE OLIVEIRA,18644724134,,,0,,,,,,,,,,,,,,,,,,,,
1004392,O-072,AURINO DE OLIVEIRA FILHO,27370712168,6198500 8961,,0,,,,,,,,,,,,,,,,,,,,
1004411,O-071,YANKO BATISTA LLOBET,75550288168,062 98141 4407      062 3624 8926,,0,,,,,,,,,,,,,,,,,,,,
1004412,A-003,Aline Campos Pimentel,,,,0,,,,,,,,,,,,,,,,,,,,
1004413,A-003,NEIDE CARVALHO PIMENTEL,63500078168,62 995768252,,0,,,npimente@terra.com.br,,,,,,,,,,,,,,,,,
1004414,A-003,CLAIRE PIMENTEL MARAR,"06059684114",,,0,,,,,,,,,,,,,,,,,,,,
1004415,A-003,Eduardo Campos Oliveira,"06059672108",,,0,,,,,,,,,,,,,,,,,,,,
1004416,A-003,Alessandra Campos Pimentel,52428583145,,,0,,,,,,,,,,,,,,,,,,,,
1004417,A-003,Rodrigo Campos Pimentel,70852453100,,,0,,,,,,,,,,,,,,,,,,,,
1004423,G-033,Romero Rosa da  Costa,,,,0,,,,,,,,,,,,,,,,,,,,
1004433,J-042,REIMER DE ALMEIDA ROCHA,95319794154,,,0,,,,,,,,,,,,,,,,,,,,
1004435,J-042,GILDA SOARES DE ALMEIDA,60506180115,,,0,,,,,,,,,,,,,,,,,,,,
1004440,A-075,APARECIDA REGINA PINHEIRO DE AGUILAR,"09102459833",11 99649 8717,,0,,,,,,,,,,,,,,,,,,,,
1004443,O-086  / J-042,IZABELLA LOBO SEVERO,"02117749100",62 992068911,,0,,,,,,,,,,,,,,,,,,,,
1004444,J-041,Heber Soares Sanches,839.342.942-00,64 99601-3948,,0,,,,,,,,,,,,,,,,,,,,
1004445,J-041,Taynara Maria Pelegrino,,,,0,,,,,,,,,,,,,,,,,,,,
1004446,J-041,Pedro Selestino Sanches,013.729.632-00,64 99954 1852 / 64 99226 8013,,0,,,pcsanches_1@yahoo.com.br,,,,,,,,,,,,,,,,,
1004447,J-041,Jhulija Medeiros Sanches,,,,0,,,,,,,,,,,,,,,,,,,,
1004449,A-075,FAUSTINO ALVES RODRIGUES,36967416120,,,0,,,,,,,,,,,,,,,,,,,,
1004450,O-045,VALFREDO VIEGAS DO VALLE,116.203.071-20,61 98162-4114,,0,,,valfredo.valle@hotmail.com,,,,,,,,,,,,,,,,,
1004454,B-087,Jacinto fialho dos santos,13178539115,61999708836,,0,,,,,,,,,,,,,,,,,,,,
1004458,B-087,Plinio Gustavo de Santana Saldanha,"00082356190",,,0,,,,,,,,,,,,,,,,,,,,
1004463,B-087,Glauber Nascimento timo,89300084100,,,0,,,,,,,,,,,,,,,,,,,,
1004485,J-005,Getúlio Marques,027.646.953-49,64992929910,,0,,,,,,,,,,,,,,,,,,,,
1004491,O-035,DIEGO MAURICIO ABREU SANTOS DA CONCEIÇÃO,"02083619102",64 992757422,,0,,,,,,,,,,,,,,,,,,,,
1004499,B-052,DIOGO RODRIGUES LOIOLA,"01287248110",,,0,,,,,,,,,,,,,,,,,,,,
1004500,B-052,ATILA LOIOLA RODRIGUES,90949790125,,,0,,,,,,,,,,,,,,,,,,,,
1004504,B-052,MARIA CLARA RODRIGUES DA SILVA,71229709142,,,0,,,,,,,,,,,,,,,,,,,,
1004505,B-052,JOAO PEDRO RODRIGUES DA SILVA,,,,0,,,,,,,,,,,,,,,,,,,,
1004506,B-052,ICARO RODRIGUES DA SILVA,,,,0,,,,,,,,,,,,,,,,,,,,
1004508,B-052,IAN LUCCA RODRIGUES WENBLIG,,,,0,,,,,,,,,,,,,,,,,,,,
1004509,B-052,ALICE RODRIGUES DA SILVA,,,,0,,,,,,,,,,,,,,,,,,,,
1004510,B-052,ISABELA RODRIGUES DA SILVA,,,,0,,,,,,,,,,,,,,,,,,,,
1004512,b-052,Cristiano dos Santos Ambrosio,80229557104,,,0,,,,,,,,,,,,,,,,,,,,
1004513,b-052,Flavia dos Santos Ambrosio,71453458115,,,0,,,,,,,,,,,,,,,,,,,,
1004516,b-052,saskia lima dos santos,"06648358130",,,0,,,,,,,,,,,,,,,,,,,,
1004519,b-052,elicia stephania gomes santos,"06120408100",,,0,,,,,,,,,,,,,,,,,,,,
1004522,b-052,lorrane dos santos ambrosiu valadares,,,,0,,,,,,,,,,,,,,,,,,,,
1004523,b-052,kauan ambrosio valadares,"09011920155",,,0,,,,,,,,,,,,,,,,,,,,
1004524,b-052,luna saphie santos de souza,63493174829,,,0,,,,,,,,,,,,,,,,,,,,
1004541,g0-53,Pietro Vian do Prado,,,,0,,,,,,,,,,,,,,,,,,,,
1004553,O-077,WESLEY JORGE CARDOSO,54352410144,62 99300 3814,,0,,,,,,,,,,,,,,,,,,,,
1004556,O-077,JOSIANA INOCENCIO BORGES,"01219632171",,,0,,,,,,,,,,,,,,,,,,,,
1004558,A-060,Iara,,,,0,,,,,,,,,,,,,,,,,,,,
1004559,P-054,Shirley Vieira De C. Teixeira,90141067853,,,0,,,,,,,,,,,,,,,,,,,,
1004561,P-054,PATRICIA L. NASCIMENTO ZAIAS,21959007840,,,0,,,,,,,,,,,,,,,,,,,,
1004562,P-054,GUSTAVO NASCIMENTO ZAIAS,50890485844,,,0,,,,,,,,,,,,,,,,,,,,
1004564,P-054,VICTOR NASCIMENTO ZAIAS,50890550840,,,0,,,,,,,,,,,,,,,,,,,,
1004565,P-054,TIAGO BONALDO ZAIAS,32731300833,,,0,,,,,,,,,,,,,,,,,,,,
1004568,P-054,KATIA C. DE OLIVEIRA ZAIAS,36790892877,,,0,,,,,,,,,,,,,,,,,,,,
1004569,P-054,GABRIEL DE OLIVEIRA ZAIAS,45260657810,,,0,,,,,,,,,,,,,,,,,,,,
1004570,P-054,LARISSA DE OLIVEIRA ZAIAS,45260682840,,,0,,,,,,,,,,,,,,,,,,,,
1004571,P-054,JAIR ZAIAS,88080757887,,,0,,,,,,,,,,,,,,,,,,,,
1004572,P-054,NEUSA AP. BONALDO ZAIAS,"03554552852",,,0,,,,,,,,,,,,,,,,,,,,
1004574,B-052,MARIzETE DOS SANTOS AMBROSIO,64592073134,61992275137,,0,,,marizetesaantosambrosio@gmail.com,,,,,,,,,,,,,,,,,
1004577,B-052,MARIZA RODRIGUES DOS SANTOS,37299122334,6191310806,,0,,,,,,,,,,,,,,,,,,,,
1004579,P-054,ANDERSON BONALDO ZAIAS,360514988100,11 997365756,,0,,,,,,,,,,,,,,,,,,,,
1004580,A-022,BEATRIZ ARROYO SOARES FERREIRA,10037402196,,,0,,,,,,,,,,,,,,,,,,,,
1004581,A-022,TATIANA ARROYO SOARES FERREIRA,90838289134,,,0,,,,,,,,,,,,,,,,,,,,
1004583,b-052,ITALO GONÇALVES DOS SANTOS,"07380732102",,,0,,,,,,,,,,,,,,,,,,,,
1004586,O-081,DEBORA QUEIROZ AFONSO,,,,0,,,,,,,,,,,,,,,,,,,,
1004587,O-081,MAURO QUEIROZA AFONSO,,,,0,,,,,,,,,,,,,,,,,,,,
1004588,O-081,VALERIA QUEIROZ AFONSO,,,,0,,,,,,,,,,,,,,,,,,,,
1004595,A-078,NAYANE BAETA,"03219740189",,,0,,,,,,,,,,,,,,,,,,,,
1004597,A-078,HARUKI OTANI,,,,0,,,,,,,,,,,,,,,,,,,,
1004599,A-078,LEONARDO LORRENÇO,"05157478151",,,0,,,,,,,,,,,,,,,,,,,,
1004602,a-078,RAYAN DE PADUA,"03219735185",,,0,,,,,,,,,,,,,,,,,,,,
1004607,A-033,LEONIDAS FRANCISCO SILVA,"02891979807",,,0,,,,,,,,,,,,,,,,,,,,
1004608,G-060,Paulo Moreira da Silva,46778659149,62 992437325,,0,,,,,,,,,,,,,,,,,,,,
1004610,A-095,Viviane Francisco Moura,86574027187,62 982778572,,0,,,,,,,,,,,,,,,,,,,,
1004611,O-063,LEANDRO CARNEIRO CARVALHO,,,,0,,,,,,,,,,,,,,,,,,,,
1004612,b-094,Gilmar Jesus Rodrigues,035637044-57,062-99298-2621,,0,,,,,,,,,,,,,,,,,,,,
1004613,O-095,Sônia Mª da C Strauns,97128392815,,,0,,,,,,,,,,,,,,,,,,,,
1004614,O-095,Durval da C Stauns,"07010954974",,,0,,,,,,,,,,,,,,,,,,,,
1004615,O-095,Eliane Pires Struns,,,,0,,,,,,,,,,,,,,,,,,,,
1004617,O-095,Victor Pires Strauns,,,,0,,,,,,,,,,,,,,,,,,,,
1004618,O-095,Sirley Strauns Correa,,,,0,,,,,,,,,,,,,,,,,,,,
1004619,O-095,Eliziário Correa,,,,0,,,,,,,,,,,,,,,,,,,,
1004620,O-095,Pedro Luiz S Correa,,,,0,,,,,,,,,,,,,,,,,,,,
1004621,O-095,Paulo Henrique S. Correa,,,,0,,,,,,,,,,,,,,,,,,,,
1004622,O-095,Giovana Strauns Correa,,,,0,,,,,,,,,,,,,,,,,,,,
1004625,A-075,SUELLEN RODRIGUES AGUILAR,41866892886,,,0,,,,,,,,,,,,,,,,,,,,(FILHO PROPRIETARIO)
1004626,A-075,SYLAS RODRIGUES AGUILAR,52442803844,,,0,,,,,,,,,,,,,,,,,,,,(FILHO PROPRIETARIO)
1004632,p-088,Sonia Marcia Domingo Gomes,37764373672,,,0,,,,,,,,,,,,,,,,,,,,
1004633,P-088,NIVALDO ROBERTO GOMES,10198970153,61 999698833,,0,,,,,,,,,,,,,,,,,,,,
1004634,O-096,Patrícia Maria De Sousa Pedreira,52765458120,61 999517198,,0,,,,,,,,,,,,,,,,,,,,
1004636,O-096,Sandro Curcino Pedreira,,,,0,,,,,,,,,,,,,,,,,,,,
1004653,B-052,DENUBIA RODRIGUES LOIOLA,72332352108,61 983096419,,0,,,,,,,,,,,,,,,,,,,,
1004663,b-079,Flavia Cristina faria Aguiar,86517716149,62 981525962,,0,,,,,,,,,,,,,,,,,,,,
1004676,b-101,NEIRE ZANIA MONTEIRO,21634122100,,,0,,,,,,,,,,,,,,,,,,,,
1004677,B-101,Jurandir Monteiro Pires,79988067887,62 992215090,,0,,,hipertintas@bol.com.br,,,,,,,,,,,,,,,,,
1004678,P-023,Henrique Celio Martins Coelho,36042218115,62 991468119,,0,,,,,,,,,,,,,,,,,,,,
1004680,,Raimundo Magalhaes de Silva Junior,,,,0,,,,,,,,,,,,,,,,,,,,
1004682,B-025,José Renato Resende,599.191.081-20,61 3964 2495 / 61 98218 4666,,0,,,,,,,,,,,,,,,,,,,,
1004687,G-050,Raimundo Magalhaes de Silva Junior,49316257620,64 999639863,,0,,,,,,,,,,,,,,,,,,,,
1004688,B-059,THIAGO GOMES SILVA,"01482450640",34 998894950,,0,,,,,,,,,,,,,,,,,,,,
1004689,o-039,Mario de Sena Ferreira,85357073104,,,0,,,,,,,,,,,,,,,,,,,,
1004716,A-005,Sebastião F. Mendes Fillho,78350182687,45 991419464,,0,,,,,,,,,,,,,,,,,,,,
1004723,A-045,RAUL BORGES SENA NEVES,70225684136,,,0,,,,,,,,,,,,,,,,,,,,
1004724,B-027,ALESSANDRO MIGUEL SILVA,79045138115,62 984154181,,0,,,,,,,,,,,,,,,,,,,,
1004725,b-027,LUCIA MARA DE OLIVEIRA,90067215149,62 984643973,,0,,,,,,,,,,,,,,,,,,,,
1004734,G-075,Gabriel Ferreira De Paula,"04652404107",61 9855616825,,0,,,,,,,,,,,,,,,,,,,,
1004737,A-036,MARILENE A. DE BRITO ROCHA,24822753859,,,0,,,,,,,,,,,,,,,,,,,,
1004738,A-036,LUCIANA HUDSON,,,,0,,,,,,,,,,,,,,,,,,,,
1004739,G-042,Rafaela Barbosa Antunes Bernardes,,,,0,,,,,,,,,,,,,,,,,,,,
1004743,p-039,Luis Roberto A. Freitas,,,,0,,,,,,,,,,,,,,,,,,,,
1004744,p-039,Daniele Freitas Duarte,,,,0,,,,,,,,,,,,,,,,,,,,
1004745,p-039,Cyro Diego A. Freitas,,,,0,,,,,,,,,,,,,,,,,,,,
1004746,p-039,Gabrielle a. Freitas,,,,0,,,,,,,,,,,,,,,,,,,,
1004748,p-039,Caio Cesar A. Freitas,,,,0,,,,,,,,,,,,,,,,,,,,
1004749,p-039,Ana  Luisa A. Freitas,,,,0,,,,,,,,,,,,,,,,,,,,
1004750,p-039,Giovanna Freitas Duarte,,,,0,,,,,,,,,,,,,,,,,,,,
1004751,p-039,Arthur Freitas Duarte,,,,0,,,,,,,,,,,,,,,,,,,,
1004761,po-013,Julia Fleury Avelar Skaf,"04917837103",,,0,,,,,,,,,,,,,,,,,,,,
1004762,P-069,FRANCISCO MIGUEL CANDIDO,219.503.931-00,62 98193 5150 / 62 3281 6252,,0,,,hugogcandido@gmail.com,,,,,,,,,,,,,,,,,
1004768,A-019,EVELINE DE FATIMA PEREIRA,"05416118601",,,0,,,,,,,,,,,,,,,,,,,,PROPRIETARIO
1004774,a-089,Marina Garcia Almeida,,,,0,,,,,,,,,,,,,,,,,,,,
1004779,A-089,FRANCISCO ANTONIO BEZERRA MARQUES,29658926134,61 991345356,,0,,,franciscoamarques1@gmail.com,,,,,,,,,,,,,,,,,
1004780,a-089,CLECIA ALMEIDA MARQUES,374097961115,,,0,,,,,,,,,,,,,,,,,,,,
1004782,P-069,JOAO MIGUEL CANDIDO NETO,"01502435138",,,0,,,,,,,,,,,,,,,,,,,,
1004783,b-112,Gersilei Rabelo de Almeida Costa,46359001187,62 991308449,,0,,,,,,,,,,,,,,,,,,,,
1004791,P-005,FABIO TIAGO VIEIRA SOARES MARQUES,"03524004121",,,0,,,,,,,,,,,,,,,,,,,,
1004793,B-074,MAYRA RODRIGUES TYRKA,69608512115,,,0,,,,,,,,,,,,,,,,,,,,
1004794,p-011,debora farias tolentino,73193720100,,,0,,,,,,,,,,,,,,,,,,,,
1004795,p-011,Beatris farias tolentino,"04726309110",,,0,,,,,,,,,,,,,,,,,,,,
1004797,p-011,Luis felipe farias cordeiro,"06532371114",,,0,,,,,,,,,,,,,,,,,,,,
1004798,a-074,Artur (pai ),,,,0,,,,,,,,,,,,,,,,,,,,
1004799,a-074,Artur ( filho ),,,,0,,,,,,,,,,,,,,,,,,,,
1004801,a-074,Paula Bruna,,,,0,,,,,,,,,,,,,,,,,,,,
1004802,a-074,Paulo Junior,,,,0,,,,,,,,,,,,,,,,,,,,
1004806,A-003,LORENE BASTOS L. PIMENTEL,14095856100,,,0,,,,,,,,,,,,,,,,,,,,
1004808,a-026,Nourival Santos Jr.,,,,0,,,,,,,,,,,,,,,,,,,,
1004809,a-026,Cristiane Ribeiro,,,,0,,,,,,,,,,,,,,,,,,,,
1004815,J-017,Elsa Aparecida Bernardo leite Antunes,045.697.768-68,64 3453 8307 / 11 9 6617 8291,,0,,,cleberantunes.ca@gmail.com,,,,,,,,,,,,,,,,,
1004825,P-073,CARLOS DE OLIVEIRA REZENDE,49806475100,,,0,,,,,,,,,,,,,,,,,,,,
1004826,J-030,Paulo Sebastião Martins,521.525.028-68,11 5523-7580 SP,,0,,,,,,,,,,,,,,,,,,,,
1004827,p-011,maria eduarda farias cordeiro,"06532364177",,,0,,,,,,,,,,,,,,,,,,,,
1004832,A-070,Douglas Roberto Ferreira,54541158191,,,0,,,,,,,,,,,,,,,,,,,,
1004833,A-070,Sebastião Gonçalves Rezende,056.159.381-91,62 3991 3713 / 62 99973 3759,,0,,,,,,,,,,,,,,,,,,,,
1004835,G-053,DIOGO DO PRADO OLIVEIRA,93401167120,,,0,,,,,,,,,,,,,,,,,,,,
1004843,g-001,Osvaldina Maria Pinheiro Amaral,,,,0,,,,,,,,,,,,,,,,,,,,
1004855,A-026,Adrielle Rocha,,,,0,,,,,,,,,,,,,,,,,,,,
1004856,A-026,Fabricio Borges dos Santos,82011303168,,,0,,,,,,,,,,,,,,,,,,,,
1004857,o-097,Lorena Ferreira da Cunha,,,,0,,,,,,,,,,,,,,,,,,,,
1004860,o-097,Tania Maria Ferreira da Silva Cunha,,,,0,,,,,,,,,,,,,,,,,,,,
1004861,A-022,ELISE ARAUJO SILVA,,,,0,,,,,,,,,,,,,,,,,,,,028126015520131003231520183475-14 CERTIDAO DE NASCIMENTO
1004862,A-022,ELOA ARAUJO SILVA,,,,0,,,,,,,,,,,,,,,,,,,,02812601552017100379244020036765 CERTIDAO DE NASCIMENTO
1004864,PORTARIA,PORTARIA,,,,0,,,,,,,,,,,,,,,,,,,,
1004867,A-066,FILIPPO CHIARION,70623814110,,,0,,,,,,,,,,,,,,,,,,,,
1004871,J-009,Maria das Graças Vieira,12964921172,62 982746066,,0,,,,,,,,,,,,,,,,,,,,
1004873,J-009,EDSON CAVALCANTE DE OLIVEIRA,11476982104,,,0,,,,,,,,,,,,,,,,,,,,
1004874,B-075,José Mauro De Oliveira Ferreira,011.124.306-87,62 3289-7272 / 62 99976 4774,,0,,,j_mauro_ferreira@hotmail.com,,,,,,,,,,,,,,,,,Sou  proprietário do lote 75 da etapa B.
1004882,O-078,ANA CLAUDIA DE CARVALHO MELLO,85125105104,62 981985679,,0,,,,,,,,,,,,,,,,,,,,
1004900,O-083,DINAIR PEREIRA DA SILVA,"00977421716",61992559202,,0,,,,,,,,,,,,,,,,,,,,
1004902,O-083,LUIZ ANTONIO DA SILVA,"03009955120",61999865822,,0,,,,,,,,,,,,,,,,,,,,
1004903,o-083,Luis Antonio da costa e Silva,,,,0,,,,,,,,,,,,,,,,,,,,
1004916,A-066,NICO CHIARION,75141680100,,,0,,,,,,,,,,,,,,,,,,,,
1004932,B-035,Hugo Tormin Almeida,710.931.681-53,62-999251414,,0,,,,,,,,,,,,,,,,,,,,
1004938,B-044,Raimundo Batista de Meneses,032.917.231-04,61 99982-1699,,0,,,,,,,,,,,,,,,,,,,,
1004940,j-008,Rafael Libanio de Almeida,"01167306171",,,0,,,,,,,,,,,,,,,,,,,,
1004960,O-076,FERNANDO RODRIGUES DA SILVA,"09326308120",61 3547 7877,,0,,,,,,,,,,,,,,,,,,,,
1004963,a-073,Taynan Mina Muniz,,,,0,,,,,,,,,,,,,,,,,,,,
1004964,a-073,Clarice Muniz,11776820100,62 984289661,,0,,,,,,,,,,,,,,,,,,,,
1004969,B-020,MARIA ELEDA ALVES,"09409796630",,,0,,,,,,,,,,,,,,,,,,,,
1004970,B-010,ALESSANDRO PEREIRA SILVA,10312469837,,,0,,,,,,,,,,,,,,,,,,,,ALUGUEL
1004971,B-010,EVELYN PAIS,16615393867,"034984405427",,0,,,,,,,,,,,,,,,,,,,,ALUGUEL
1004972,G-016,TEREZA ANDRADE MARTINEZ,,,,0,,,,,,,,,,,,,,,,,,,,
1004973,G-016,MIGUEL MARTINEZ,,,,0,,,,,,,,,,,,,,,,,,,,
1004979,P-002,PITER DRAEGER BLAHOBRAZOFF,,,,0,,,,,,,,,,,,,,,,,,,,
1004981,G-014,Katia Mendes de Magalhaes,95813713115,62 991585156,,0,,,,,,,,,,,,,,,,,,,,
1004983,o-053,Daniel Lira Amaral,,,,0,,,,,,,,,,,,,,,,,,,,
1004984,O-53,MATEUS LIRA AMARAL (LOCATARIO),,,,0,,,,,,,,,,,,,,,,,,,,
1004986,A-022,MICHEL WENDEL FERREIRA,90489489168,,,0,,,,,,,,,,,,,,,,,,,,
1004987,o-041,Jose Roberto Leitão e Silva,"00327883126",61 991959076,,0,,,,Phelipe94.Silva@gmail.com,,,,,,,,,,,,,,,,
1004988,o-041,Rita de Cassia e Silva,28675730787,,,0,,,,,,,,,,,,,,,,,,,,
1004989,o-041,Gabriela Silva de Araujo,94690007113,,,0,,,,,,,,,,,,,,,,,,,,
1004990,o-041,Madalena Lima e Silva,"005355074",,,0,,,,,,,,,,,,,,,,,,,,
1004992,A-103 /O-075,Pedro Apolinario da Silva,72759313468,64 9 9954 5606,,0,,,,,,,,,,,,,,,,,,,,
1004993,A-051,JULIANA DE ARRUDA CASTRO,88513868187,,,0,,,,,,,,,,,,,,,,,,,,
1004994,A-051,GABRIEL DE ARRUDA CASTRO,"01981433112",,,0,,,,,,,,,,,,,,,,,,,,
1004997,A-051,SAMUEL LIMA DE OLIVEIRA,,,,0,,,,,,,,,,,,,,,,,,,,
1004998,A-051,BRUNA PINHEIRO CASTRO,"02843738180",,,0,,,,,,,,,,,,,,,,,,,,
1005004,B-022,Margarida Evaristo Souza Avarino,130020058-86,62 99252-6960,,0,,,,,,,,,,,,,,,,,,,,
1005005,B-022,CAROLINE SOUZA KHAZAM,,,,0,,,,,,,,,,,,,,,,,,,,
1005006,B-022,EMANUELLA SOUZA KHAZZAM DE ANDRADE,,,,0,,,,,,,,,,,,,,,,,,,,
1005007,B-022,ALICIA SOUZA KHAZZAM DOMINGUES,,,,0,,,,,,,,,,,,,,,,,,,,
1005009,a-069,Nicolly Mendes Melo,70744253102,,,0,,,,,,,,,,,,,,,,,,,,
1005020,P-012,JOSUE RIBEIRO DA SILVA,51601621191,61 992233323,,0,,,,,,,,,,,,,,,,,,,,
1005023,A-033,LEOMAR REZENDE DA SILVA,38679060178,62 985886350,,0,,,,,,,,,,,,,,,,,,,,
1005029,O-012,Eunicia Teixeira Machado,,,,0,,,,,,,,,,,,,,,,,,,,
1005032,A-067,Frederico Teixeira De Miranda,706.844.051-72,62 98291 8435,,0,,,fredericotm1@hotmail.com,,,,,,,,,,,,,,,,,PROPRIETARIO
1005036,O-097,EDMILSON ALVES DA CUNHA,255.879.351-91,61 03591 5900,,0,,,norteminas@hotmail.com.br,,,,,,,,,,,,,,,,,
1005039,O-002,Iracelia Da Silva,,64 993287292,,0,,,,,,,,,,,,,,,,,,,,
1005043,O-093,STEFANO MAIA SILVA CALAÇA,,,,0,,,,,,,,,,,,,,,,,,,,
1005044,B-034,Maria Tereza dos Santos,310.651.551-15,62 98275-4991,,0,,,,,,,,,,,,,,,,,,,,
1005045,B-020,GENIVALDO JOSE DOS SANTOS,35252375100,(66)98417 4779,,0,,,,,,,,,,,,,,,,,,,,PROPRIETARIO
1005050,P-050,Vitor Miotto Oliveira,,,,0,,,,,,,,,,,,,,,,,,,,
1005053,A-065,Rafael Cunha de Paula,,,,0,,,,,,,,,,,,,,,,,,,,''inquilino''
1005054,A-065,Marcela Cunha de Paula,,,,0,,,,,,,,,,,,,,,,,,,,''inquilino''
1005056,G-001,JOSE EURIPEDES AMARAL FERREIRA,16808924104,,,0,,,,,,,,,,,,,,,,,,,,
1005058,o-008,Silvia Peixoto da Silva,,,,0,,,,,,,,,,,,,,,,,,,,
1005059,o-008,Giovana Peixoto Alves,,,,0,,,,,,,,,,,,,,,,,,,,
1005061,,Pietro Miguel Peixoto de Carvalho,,,,0,,,,,,,,,,,,,,,,,,,,
1005062,o-008,Cristiane Maria Freire da Silveira Peixoto,,,,0,,,,,,,,,,,,,,,,,,,,
1005066,P-061,Manoel Nazareno E Silva,052.199.651-15,62 992866933,,0,,,maxmazareno@hotmail.com,,,,,,,,,,,,,,,,,
1005067,J-002,Sergio Augusto Bizzoto de Carvalho,699.217.251-49,62-98117 3273,,0,,,,,,,,,,,,,,,,,,,,
1005071,g-054,Heitor,,,,0,,,,,,,,,,,,,,,,,,,,
1005074,g-054,Ademir Picolo M. Granado,,,,0,,,,,,,,,,,,,,,,,,,,
1005075,g-054,Fabio Gaspareto Granado,,,,0,,,,,,,,,,,,,,,,,,,,
1005076,,Maria Elizabeth G. Granado,,,,0,,,,,,,,,,,,,,,,,,,,
1005078,g-054,Antonela,,,,0,,,,,,,,,,,,,,,,,,,,
1005079,g-054,Maria Elizabeth G. Granado,,,,0,,,,,,,,,,,,,,,,,,,,
1005080,g-054,Natalia,,,,0,,,,,,,,,,,,,,,,,,,,
1005084,g-054,Diego Gasparoto Granado,90965480104,,,0,,,,,,,,,,,,,,,,,,,,
1005085,a-073,Miguel Arcanjo Mina,70447950800,64 992383230,,0,,,miguelclarice@hotmail.com,,,,,,,,,,,,,,,,,
1005086,B-087,Lorena Ennes F dos Santos,92980317187,,,0,,,,,,,,,,,,,,,,,,,,
1005088,B-087,Joana Darc Alves dos Santos,21570884153,,,0,,,,,,,,,,,,,,,,,,,,
1005089,B-012,HELOISA HELENA FERREIRA QUEIROZ,12761850149,"061991167762",,0,,,,,,,,,,,,,,,,,,,,
1005091,A-065,Marcelo Dutra  de Paula,46724990149,64-999532015,,0,,,,,,,,,,,,,,,,,,,,''inquilino''
1005098,B-069,ZITA De FATIMA. G. VIDAL Rocha,,,,0,,,,,,,,,,,,,,,,,,,,
1005102,b-012,levi ferreira queiros obs filho,,,,0,,,,,,,,,,,,,,,,,,,,
1005103,b-012,renee luiza ferreira queiros obs filha,,,,0,,,,,,,,,,,,,,,,,,,,
1005104,G-007,JOSE ARAUJO BARRETO,30532558120,,,0,,,,,,,,,,,,,,,,,,,,
1005124,A-082,Rivaldo Alves De Assis,049.181.691-04,62 3204 1095 / 62 99959 1095,,0,,,,,,,,,,,,,,,,,,,,
1005126,P-081,WASHINGTON JOSE DE LYRA JUNIOR,66662311120,,,0,,,,,,,,,,,,,,,,,,,,FILHO PROPRIETARIO
1005133,A-010,MYCHELLE WASLESKA LISBOA LEMES,,,,0,,,,,,,,,,,,,,,,,,,,FILHA
1005134,A-010,MATHEUS AUGUSTO LINS E SILVA,"03937067108",,,0,,,,,,,,,,,,,,,,,,,,GENRO
1005135,A-010,EMILLY M.LISBOA LEMES,,,,0,,,,,,,,,,,,,,,,,,,,(FILHA)
1005136,A-010,MARIA FRANCISCA DA CUNHA LISBOA,,,,0,,,,,,,,,,,,,,,,,,,,
1005137,A-010,SEBASTIAO FERREIRA LISBOA,,,,0,,,,,,,,,,,,,,,,,,,,( PAI )
1005138,A-010,SILVIO FARIAS DA CUNHA,,,,0,,,,,,,,,,,,,,,,,,,,( PRIMO)
1005139,A-010,MARIA DAS GRAÇAS  PEREIRA FERREIRA,,,,0,,,,,,,,,,,,,,,,,,,,
1005140,A-010,RENATO FERREIRA,,,,0,,,,,,,,,,,,,,,,,,,,
1005141,A-010,SILVIO DA CUNHA FARIAS,,,,0,,,,,,,,,,,,,,,,,,,,
1005142,O-034,Lucia Fatima De Carvalho,"06740391300",61 981830353,,0,,,,,,,,,,,,,,,,,,,,
1005144,o-034,Ana Regina Carvalho de Medeiros,,,,0,,,,,,,,,,,,,,,,,,,,
1005161,G-077,ENES MOREIRAALVES,17049687634,,,0,,,,,,,,,,,,,,,,,,,,
1005162,G-077,SOLANGE MARIA DE A.MOREIRA,51519224168,,,0,,,,,,,,,,,,,,,,,,,,
1005168,P-027,BERNARDO MONTICELLI GUIMARES MANSO,75064596120,,,0,,,,,,,,,,,,,,,,,,,,
1005171,P-027,NATALIA MONTICELLI GUIMARAES MANSO,,,,0,,,,,,,,,,,,,,,,,,,,
1005173,A-095,Renato Francisco de Moura,707.766.951-34,62 98104-4702,,0,,,,,,,,,,,,,,,,,,,,
1005180,B-019,ANA CLARA PEREIRA LIMA,,,,0,,,,,,,,,,,,,,,,,,,,
1005181,B-019,SUELI ESSADO PEREIRA,28106296172,6299606 4446,,0,,,,,,,,,,,,,,,,,,,,PROPRIETARIO
1005182,B-019,ERNESIO CARDOSO PEREIRA,,,,0,,,,,,,,,,,,,,,,,,,,
1005185,B-019,GABRIELA ESSADO PEREIRA LIMA,,,,0,,,,,,,,,,,,,,,,,,,,
1005188,G-022,JOÃO PEDRO DE BARROS SILVA,"09083629198",,,0,,,,,,,,,,,,,,,,,,,,
1005189,G-022,MIGUEL CORDOVAL DE B.SILVA,,,,0,,,,,,,,,,,,,,,,,,,,
1005192,G-022,Vanessa Batista de Godoi,72318864187,61 984291601,,0,,,,,,,,,,,,,,,,,,,,
1005194,G-022,LEISSON REIS SANTOS,70694508187,61 984042955,,0,,,,,,,,,,,,,,,,,,,,
1005195,G-022,JOSE CORDOVAL DE BARROS R. NETO,71114181153,61 99142 5559,,0,,,,,,,,,,,,,,,,,,,,
1005197,G-022,SABRINA SILVA CHAVES DE BARROS,"02896825177",61 992234500,,0,,,,,,,,,,,,,,,,,,,,
1005198,G-022,ADRIANO CORDOVAL DE BARROS,"01634547101",61 991710706,,0,,,,,,,,,,,,,,,,,,,,
1005199,G-022,LUCAS REIS BATISTA DE GODOI,"09006177130",61 994533255,,0,,,,,,,,,,,,,,,,,,,,
1005204,J-019,CLAUDIA ELAINE FERREIRA PEREIRA,,,,0,,,,,,,,,,,,,,,,,,,,
1005206,J-019,EDUARDO PEREIRA SOUSA,,,,0,,,,,,,,,,,,,,,,,,,,
1005207,J-019,CAROLINE LARA PEREIRA SOUSA,,,,0,,,,,,,,,,,,,,,,,,,,
1005208,J-019,ARTHUR FERREIRA TEIXEIRA,,,,0,,,,,,,,,,,,,,,,,,,,
1005209,J-019,MARIA LUISA PEREIRA SILVA,,,,0,,,,,,,,,,,,,,,,,,,,
1005210,J-019,ISABELLE LUCAS PEREIRA DA SILVA,,,,0,,,,,,,,,,,,,,,,,,,,
1005213,J-019,LAURA MARIA DE J. MOTA,,,,0,,,,,,,,,,,,,,,,,,,,
1005214,G-001,JOSE MOISES DE CARVALHO JUNIOR,88053091687,,,0,,,,,,,,,,,,,,,,,,,,
1005216,A-087,Flora Lorenço Silva,881.050.676-68,34 99166 0676,,0,,,vivianelorenco@hotmail.com,,,,,,,,,,,,,,,,,proprietaria
1005217,A-087,Viviane Lorenço Silva,,64 98140-8557,,0,,,,,,,,,,,,,,,,,,,,
1005218,A-065,Ana Cristina da C. D. de Pula,,,,0,,,,,,,,,,,,,,,,,,,,''inquilino''
1005231,P-012,ISAC VIEIRA CARVALHO,"05882479100",,,0,,,,,,,,,,,,,,,,,,,,FILHO DO SEU ELIEL CARVALHO
1005234,J-049,Daniel C. Pinheiro e Maria Cristina P.C,72196254134,64 981177936,,0,,,mcristina.pinheiro14@gmail.com,,,,,,,,,,,,,,,,,
1005237,J-042,RENATO DE ALMEIDA ROCHA,"02485602123",,,0,,,,,,,,,,,,,,,,,,,,
1005239,O-049,NATHIA SANTOS,,,,0,,,,,,,,,,,,,,,,,,,,CONJUGE JAIR
1005240,O-049,JOAO VICTOR,,,,0,,,,,,,,,,,,,,,,,,,,
1005241,O-049,MARIA LUIZA,,,,0,,,,,,,,,,,,,,,,,,,,
1005242,O-049,MARIA SILU,,,,0,,,,,,,,,,,,,,,,,,,,
1005243,O-049,JAIRO,,,,0,,,,,,,,,,,,,,,,,,,,
1005244,O-052,CARLA BEATRIZ LOPES DOS SANTOS,"04981525109",64 993272350,,0,,,,,,,,,,,,,,,,,,,,
1005245,O-052,Matheus Calacio Justino,054-180.231-36,64-992393011,,0,,,,,,,,,,,,,,,,,,,,
1005247,P-091,ESTEVÃO CAMPOS BARBOZA,"03671228121",,,0,,,,,,,,,,,,,,,,,,,,FILHO DO SEU ERALDO
1005249,B-038,MARTA GUIMARAES VIDAL,24013781115,61 992268989,,0,,,,,,,,,,,,,,,,,,,,
1005250,G-010,Gustavo Rodrigues de Lacerda,"01720133131",64 996129682,,0,,,,,,,,,,,,,,,,,,,,
1005251,P-077,Carlos Aparacido Morgado,"05396017805",62981386600,,0,,,,,,,,,,,,,,,,,,,,
1005253,B-023,Francisco Célio Bezerra,235.054.601-25,62 3942 5866 / 62 9157 8697,,0,,,,,,,,,,,,,,,,,,,,
1005254,O-005,Allysson Moraes Dos Santos,80215246187,62 982106539,,0,,,,,,,,,,,,,,,,,,,,
1005256,B-027,SARA CRISTINA MIGUEL DOS SANTOS,"03862921166",,,0,,,,,,,,,,,,,,,,,,,,
1005257,o-058,Marcio Marciano Costa,76328627149,62 983009333,,0,,,,,,,,,,,,,,,,,,,,
1005258,b-052,lucas santos ambrosiu valadares,"05612838182",,,0,,,,,,,,,,,,,,,,,,,,
1005259,P-092,BELCHIOR CLEMENTE DA COSTA,11463210159,61 39647472 / 61 8116 5802,,0,,,belchiorc@gmail.com,,,,,,,,,,,,,,,,,
1005263,P-092,Michelle Silvestre da Costa,"00217367151",61 91364496,,0,,,,,,,,,,,,,,,,,,,,
1005267,P-092,THIAGO AUGUSTO PELLES MARQUES,"03432011199",,,0,,,,,,,,,,,,,,,,,,,,
1005269,O-091,JOSE PEDRO FRANCO,,,,0,,,,,,,,,,,,,,,,,,,,FAMILIARES
1005270,O-091,DENISE FREIRE FRANCO,,,,0,,,,,,,,,,,,,,,,,,,,FAMILIARES
1005271,O-091,DEIDSON FREIRE FRANCO,,,,0,,,,,,,,,,,,,,,,,,,,FAMILIARES
1005272,O-091,IARA FREIRE FRANCO,,,,0,,,,,,,,,,,,,,,,,,,,FAMILIARES
1005273,O-091,CESAR,,,,0,,,,,,,,,,,,,,,,,,,,FAMILIARES
1005274,O-091,DIDIMO CANDIDO FREIRE,,,,0,,,,,,,,,,,,,,,,,,,,FAMILIARES
1005275,O-091,LUCIA HELENA V. FREIRE,,,,0,,,,,,,,,,,,,,,,,,,,FAMILIARES
1005276,O-091,GERSON FREIRE JUNIOR,,,,0,,,,,,,,,,,,,,,,,,,,FAMILIARES
1005277,O-091,ALDECINA,,,,0,,,,,,,,,,,,,,,,,,,,FAMILIARES
1005278,O-091,NILVANDO VICENTE SILVA,,,,0,,,,,,,,,,,,,,,,,,,,FAMILIARES
1005279,O-091,CECILIA MARCIA,,,,0,,,,,,,,,,,,,,,,,,,,FAMILIARES
1005280,O-091,VILMA CARVALHO FONSECA,,,,0,,,,,,,,,,,,,,,,,,,,FAMILIARES
1005282,O-091,BENEDITA EDNA CASTRO,,,,0,,,,,,,,,,,,,,,,,,,,FAMILIARES
1005283,O-091,RENATO PIMENTA,,,,0,,,,,,,,,,,,,,,,,,,,FAMILIARES
1005284,O-091,LEILA MARIA BORGES,,,,0,,,,,,,,,,,,,,,,,,,,FAMILIARES
1005285,O-091,ANGELA MARIA DE REZENDE,,,,0,,,,,,,,,,,,,,,,,,,,FAMILIARES
1005286,O-091,RODRIGO ARRAIS,,,,0,,,,,,,,,,,,,,,,,,,,FAMILIARES
1005287,O-091,GISELLE FREIRE ARRAIS,,,,0,,,,,,,,,,,,,,,,,,,,FAMILIARES
1005288,O-091,FABRIZZIO FREIRE,,,,0,,,,,,,,,,,,,,,,,,,,FAMILIARES
1005289,O-091,ANNE COSTA,,,,0,,,,,,,,,,,,,,,,,,,,FAMILIARES
1005290,O-91,CELIA MARIA,,,,0,,,,,,,,,,,,,,,,,,,,FAMILIARES
1005291,O-091,JOAO SAMPAIO,,,,0,,,,,,,,,,,,,,,,,,,,FAMILIARES
1005292,O-091,MARIA LUCIO FREIRE,,,,0,,,,,,,,,,,,,,,,,,,,FAMILIARES
1005293,O-091,ALESSANDRA SAMPAIO,,,,0,,,,,,,,,,,,,,,,,,,,FAMILIARES
1005294,O-091,ALBERTINO M.RODRIGUES,,,,0,,,,,,,,,,,,,,,,,,,,FAMILIARES
1005295,O-091,LETICIA SAMPAIO RODRIGUES,,,,0,,,,,,,,,,,,,,,,,,,,FAMILIARES
1005297,O-091,ALFREDO,18572057153,,,0,,,,,,,,,,,,,,,,,,,,FAMILIARES
1005298,O-091,ALINA,32299613668,,,0,,,,,,,,,,,,,,,,,,,,FAMILIARES
1005299,O-091,LARINE,,,,0,,,,,,,,,,,,,,,,,,,,FAMILIARES
1005300,O-091,GERUZA,,,,0,,,,,,,,,,,,,,,,,,,,FAMILIARES
1005301,O-091,EDUARDO,,,,0,,,,,,,,,,,,,,,,,,,,FAMILIARES
1005302,O-091,AUGUSTO,,,,0,,,,,,,,,,,,,,,,,,,,FAMILIARES
1005303,O-091,ALINE,,,,0,,,,,,,,,,,,,,,,,,,,FAMILIARES
1005304,O-091,VAGNER FREIRE,,,,0,,,,,,,,,,,,,,,,,,,,FAMILIARES
1005305,O-091,ROSELI FREIRE,,,,0,,,,,,,,,,,,,,,,,,,,FAMILIARES
1005306,O-091,WALTER FREIRE,,,,0,,,,,,,,,,,,,,,,,,,,FAMILIARES
1005307,O-091,GERSON FREIRE JUNIOR,,,,0,,,,,,,,,,,,,,,,,,,,FAMILIARES
1005318,G-064,VALDENIRA PEREIRA MAIA,,,,0,,,,,,,,,,,,,,,,,,,,
1005320,P-007,MARCUS VINICIUS AMARAL MEIRA,"03342036192",,,0,,,,,,,,,,,,,,,,,,,,NETO  DO SENHOR JESO
1005321,O-054,Iago Felipe Gonçalves Xavier,032.148.541-60,61 98112-2154,,0,,,,,,,,,,,,,,,,,,,,
1005322,G-007,HENRIQUE SILVA BARRETO,72762233106,,,0,,,,,,,,,,,,,,,,,,,,
1005324,a-072,Pedro Alves da Rocha,,,,0,,,,,,,,,,,,,,,,,,,,
1005327,B-065,GABRIELLA S.SANTOS DE MORAIS,"04607039195",,,0,,,,,,,,,,,,,,,,,,,,
1005328,B-065,ELISANDO JOSE DE MORAIS,29625815104,,,0,,,,,,,,,,,,,,,,,,,,
1005329,B-065,MARIA DE LOURDES B.MORAIS,27827151191,,,0,,,,,,,,,,,,,,,,,,,,
1005330,J-024,DANILO REBOLÇAS F. LIMA,,,,0,,,,,,,,,,,,,,,,,,,,
1005331,J-024,CEJANA REBOLÇAS F. LIMA,,,,0,,,,,,,,,,,,,,,,,,,,
1005332,J-024,GUSTAVO REBOLÇAS F. LIMA,,,,0,,,,,,,,,,,,,,,,,,,,
1005333,J-024,MURILO REBOLÇAS F. LIMA,"02115114135",,,0,,,,,,,,,,,,,,,,,,,,
1005334,J-024,VERA LUCIA M REBOLÇAS F. LIMA,19191251168,62999764453,,0,,,,,,,,,,,,,,,,,,,,
1005335,J-020,JOAO FERREIRA DE LIMA FILHO,"07558880491",62996147344,,0,,,,,,,,,,,,,,,,,,,,
1005340,P-020,GABRIEL GOMES NASCIMENTO,"01710301171",,,0,,,,,,,,,,,,,,,,,,,,SOBRINHO
1005342,G-061,Joaquim Morivaldo dos Reis Junior,71313516104,63 984512241 / 63 991179189,,0,,,,,,,,,,,,,,,,,,,,
1005343,G-061,Luzia Martins Silva Reis,50952617153,63-984791192,,0,,,,,,,,,,,,,,,,,,,,
1005344,O-098,Zilma Alves da Rocha,026.031.601-68,62 98125-4444,,0,,,,,,,,,,,,,,,,,,,,
1005346,p-070,Kailla Galvão Fernandes,,,,0,,,,,,,,,,,,,,,,,,,,
1005347,p-070,Elda Maria Lima de Araujo,,,,0,,,,,,,,,,,,,,,,,,,,
1005348,p-070,Caetano Fernandes de Araujo,28927818172,991340468,,0,,,,,,,,,,,,,,,,,,,,
1005349,G-061,Kerley Alessandra Barbosa Reis,,,,0,,,,,,,,,,,,,,,,,,,,
1005352,B-052,RODRIGO RAMOS DE SOUZA,42422141897,,,0,,,,,,,,,,,,,,,,,,,,
1005355,B-052,TABATA SANTOS DA SILVA,"05303099121",,,0,,,,,,,,,,,,,,,,,,,,
1005356,b-052,Isnã dos santos ambrosiu,81914660153,61 991291803,,0,,,,,,,,,,,,,,,,,,,,
1005357,b-052,keuvin lima dos santos,"06196095161",,,0,,,,,,,,,,,,,,,,,,,,
1005358,B-052,LORRANE DOS S.AMBROSIO VALADARES,,,,0,,,,,,,,,,,,,,,,,,,,NETA
1005368,B-090,Jorge Fernando Londe Barros,36921764818,62 998472149,,0,,,,,,,,,,,,,,,,,,,,
1005371,P-007,EDUARDO MACHADO MEIRA,"07773254117",,,0,,,,,,,,,,,,,,,,,,,,NETO
1005375,A-072,OSLANDINA ROSA PERREIRA ROCHA,76346463853,,,0,,,,,,,,,,,,,,,,,,,,PROPRIETARIA
1005378,a-072,Andreia,,,,0,,,,,,,,,,,,,,,,,,,,
1005381,p-070,Alessandra F. de Medeiros Melo,,,,0,,,,,,,,,,,,,,,,,,,,
1005383,p-070,Dani Medeiros Melo,"05379416144",,,0,,,,,,,,,,,,,,,,,,,,
1005384,p-070,Emily Medeiros Melo,,,,0,,,,,,,,,,,,,,,,,,,,
1005385,p-070,Maria do Amparo Melo,77153829100,61 991489977,,0,,,,,,,,,,,,,,,,,,,,
1005386,p-070,Francisco Avelino Melo,"03277500144",,,0,,,,,,,,,,,,,,,,,,,,
1005388,P-046,Susan Priscila Rodrigues de Araujo,"00509985106",21 974463292,,0,,,,,,,,,,,,,,,,,,,,
1005389,P-086,Elaine Cristine  Ramos Borges,83237593168,62 98186-5675,,0,,,,,,,,,,,,,,,,,,,,
1005390,P-086,kaua Bastiani Ramos,"04187928103",06299173.1015,,0,,,,,,,,,,,,,,,,,,,,
1005393,B-038,CLOVIS GONCALVES VIDAL,11661208134,61 992119014     61992268989,,0,,,,,,,,,,,,,,,,,,,,
1005395,p-021,Jessica Amorim da Silva,"03877953166",61998660170,,0,,,,,,,,,,,,,,,,,,,,
1005396,p-021,Eduardo Pereira Sousa,"01925366138",61992207169,,0,,,eduardopereirasousa@outlook.com,,,,,,,,,,,,,,,,,
1005402,G-061,Vitoria Martins Dos Reis Ribeiro,702.239.001-09,62 98307-8121,,0,,,,,,,,,,,,,,,,,,,,
1005404,P-001,Graziele Alves Borges,82194998187,,,0,,,,,,,,,,,,,,,,,,,,
1005426,j-038,Rosicler da costa freire,79543405115,62 992785392,,0,,,rosiclerdacostafreire2401@gmail.com,,,,,,,,,,,,,,,,,
1005432,j-038,ONICIA JOSE DE SOUZA SILVA,31044891149,,,0,,,,,,,,,,,,,,,,,,,,
1005433,j-038,Carlos Henrique F. Castro,"05246905101",,,0,,,,,,,,,,,,,,,,,,,,
1005434,J-038,THAIS GABRIELE F.J,"05280917273",,,0,,,,,,,,,,,,,,,,,,,,
1005435,P-007,MARIA FATIMA MENDES MEIRA,35888440159,,,0,,,,,,,,,,,,,,,,,,,,
1005437,P-007,FERNANDA MACHADO MEIRA,"07773252173",,,0,,,,,,,,,,,,,,,,,,,,
1005438,P-007,Marcelo Carlos Mendes Meira,86388983120,61 99974-2377,,0,,,,,,,,,,,,,,,,,,,,
1005439,P-007,Prycilla Bueno Amaral Meira,936.427.171-87,61 99671-7998,,0,,,,,,,,,,,,,,,,,,,,
1005440,P-007,BIANCA AMARAL MEIRA,"04391617110",,,0,,,,,,,,,,,,,,,,,,,,
1005441,P-007,VIRGINIA PAULA MEIRA DE MENESES,,,,0,,,,,,,,,,,,,,,,,,,,
1005452,,NAELSON,,,,0,,,,,,,,,,,,,,,,,,,,
1005454,p-080,Margarida Maria de Sousa Bloise,,64 984373029,,0,,,,,,,,,,,,,,,,,,,,
1005462,J-035,Mariula Mendonça Dos Santos,275.934.951-91,64 99232 5235,,0,,,consultedf@yahoo.com.br,,,,,,,,,,,,,,,,,
1005463,p-080,Danilo Jose de Sousa Bloise,"01452515190",,,0,,,,,,,,,,,,,,,,,,,,
1005473,a-089,Presley Almeida Marques,"03480701108",,,0,,,,,,,,,,,,,,,,,,,,
1005475,O-008,Walquiria Peixoto Alves,355.334.041-04,62 99979-6268,,0,,,alveswp@hotmail.com,,,,,,,,,,,,,,,,,
1005476,G-007,Pedro Henrique Pires Vieira,"02732487155",62982516804,,0,,,,,,,,,,,,,,,,,,,,
1005477,A-005,paulo cezar jiticovski,94016151953,34 999654139,,0,,,,,,,,,,,,,,,,,,,,
1005484,O-037,VLADSON A .MARTINS,,,,0,,,,,,,,,,,,,,24/02/1981,,,,,,
1005485,O-037,THOMPSON A. MARTINS,,,,0,,,,,,,,,,,,,,10/06/1972,,,,,,
1005487,O-037,CYNTHIA O. MARTINS,,,,0,,,,,,,,,,,,,,11/03/1977,,,,,,
1005488,O-037,TATIANE A. MELO,,,,0,,,,,,,,,,,,,,28/02/1977,,,,,,
1005489,O-037,MICHELE F . MARTINS,,,,0,,,,,,,,,,,,,,01/10/1980,,,,,,
1005490,O-037,ALYSSON ARAUJO MARTINS,66555795115,6199961 1769,,0,,,,,,,,,,,,,,07/01/1975,,,,,,FILHO DO SR JOAO PAULO
1005495,j-009,Guilherme Henrique Fonseca Vieira,70266610196,,,0,,,,,,,,,,,,,,,,,,,,
1005497,J-046,Solange Arruda Marques,277.180.341-00,62 3223 4875 / 62 99988-1138,,0,,,solarrudama@hotmail.com,,,,,,,,,,,,,,,,,
1005503,G-061,Marlos Tiano Almeida Ribeiro,885.306.985-68,62 98107-7626,,0,,,,,,,,,,,,,,,,,,,,
1005505,P-082,ARTUR,,,,0,,,,,,,,,,,,,,,,,,,,
1005510,G-054,GISELE PEREIRA DE SOUZA,28001746844,64993057676,,0,,,,,,,,,,,,,,,,,,,,"ALUGUEL;LOCATARIOS"
1005512,G-054,KLEBER PEREIRA,72796286649,,,0,,,,,,,,,,,,,,,,,,,,"ALUGUEL;LOCATARIOS"
1005525,A-010,walley maxwel alves guedes,"02148618130","062996806543",,0,,,,,,,,,,,,,,,,,,,,
1005526,A-074,PAULO SERGIO PECIOLI,,,,0,,,,,,,,,,,,,,,,,,,,
1005528,A-041,Ana Claudia Araujo De Castro,89423046134,85 98557-5596,,0,,,,,,,,,,,,,,,,,,,,
1005532,A-031,CONÇEIÇÃO MARIA BERREDO REIS DE SOUSA,"04394909287",,,0,,,,,,,,,,,,,,,,,,,,ESPOSA DO SR JOEL  PROPRIETARIO CASA AZALEIA 31 E O LOTE: AZ 32
1005533,A-031,JOEL DOS REIS DE SOUSA,"08324204172",62 3123 1101   62 99693 6661,,0,,,,,,,,,,,,,,,,,,,,PROPRIETARIO .CASA:AZ 031         LOTE AZALEIA 032
1005542,A-031,GIOVANA VENDITI BERREDO,10821967118,,,0,,,,,,,,,,,,,,,,,,,,DEPENDENTES
1005543,A-031,FILIPE BERREDO REIS DE SOUSA,"06258902138",,,0,,,,,,,,,,,,,,,,,,,,DEPENDENTES
1005544,A-031,ALEXANDRE BERREDO REIS,,,,0,,,,,,,,,,,,,,,,,,,,DEPENDENTES
1005550,B-032,MANOEL RESENDE DOS SANTOS,17433185291,64 99330-5213,,0,,,,,,,,,,,,,,,,,,,,
1005551,B-002,MARCUS VINICIOS SEGURADO COELHO,65805542153,991845203,,0,,,,,,,,,,,,,,,,,,,,
1005556,B-002,MARINALVA GUNTHER,46480048172,61 983154433,,0,,,,,,,,,,,,,,,,,,,,SR MARCUS QUE  AUTORIZOU  DIA 24/03/23
1005557,B-100,ROSANGELA DE OLIVEIRA NAVES,,,,0,,,,,,,,,,,,,,,,,,,,
1005562,b-031,Claudio Novaes,33107661104,,,0,,,,,,,,,,,,,,,,,,,,
1005564,g-072,Marta Fussi,"00122260771",,,0,,,,,,,,,,,,,,,,,,,,
1005565,g-072,Leonardo Carvalho Fussi,71794220800,,,0,,,,,,,,,,,,,,,,,,,,
1005566,A-079,PEDRO AUGUSTO DE OLIVEIRA JORGE,70474307174,,,0,,,,,,,,,,,,,,,,,,,,
1005567,G-003,Vilmar Avelino da Silva (MANI_,19683782191,62 992264300,,0,,,,,,,,,,,,,,,,,,,,
1005568,p-039,Luiz Felipe A. Freitas,,,,0,,,,,,,,,,,,,,,,,,,,
1005569,B-035,Geraldo Nei De Almeida,136.311.871-49,62 98114 8658 / 62 3214 3009,,0,,,,,,,,,,,,,,,,,,,,
1005571,G-041,WANESSA CRISTINA VIANA,99843862104,,,0,,,,,,,,,,,,,,,,,,,,
1005573,G-041,CARLOS ANTONIO DE SOUZA LOPES,37875795249,,,0,,,,,,,,,,,,,,,,,,,,
1005574,G-041,RAFAEL SILVA RODRIGUES,80203590104,,,0,,,,,,,,,,,,,,,,,,,,
1005578,G-041,JOAO SILVA VIANA,16831306187,63 99981 4571,,0,,,,,,,,,,,,,,,,,,,,
1005580,G-041,SINARA DAS D.VIANA RODRIGUES,"00894272110",,,0,,,,,,,,,,,,,,,,,,,,
1005583,J-019,LUCIANA MARIA FERREIRA PEREIRA,,,,0,,,,,,,,,,,,,,,,,,,,
1005585,B-082,IDELSON DIAS ANDRADE,69489416134,64 984115961,,0,,,,,,,,,,,,,,,,,,,,
1005587,B-038,MAURO EGBERTO GUIMARAES VIDAL,"00796874158",,,0,,,,,,,,,,,,,,,,,,,,FILHO DO PROPRIETARIO
1005591,g-013,Pedro Pacheco Mendes,70105035165,,,0,,,,,,,,,,,,,,,,,,,,
1005594,J-028,ROSA MARIA GOMES FERNANDES DOS REIS E SILVA,24755575168,61 999708123,,0,,,,,,,,,,,,,,,,,,,,LOCATARIO
1005596,J-028,NISA GOMES DOS REIS,,,,0,,,,,,,,,,,,,,,,,,,,LOCATARIOS
1005597,J-028,MARCOS MANOEL DA SILVA,,,,0,,,,,,,,,,,,,,,,,,,,LOCATARIOS
1005598,J-028,EZIO  DOS REIS ESILVA,"02423680136",,,0,,,,,,,,,,,,,,,,,,,,LOCATARIOS
1005599,J-028,NATALY,,,,0,,,,,,,,,,,,,,,,,,,,LOCATARIOS
1005600,J-009,ANA PAULA VIEIRA CHAVEIRO,"07808648671",,,0,,,,,,,,,,,,,,,,,,,,DEPENDENTE
1005601,a-037,Jose Ribamar Chagas,"00933660197",,,0,,,,,,,,,,,,,,,,,,,,
1005602,a-037,Marta Sonia Vieira Chagas,6511539210,,,0,,,,,,,,,,,,,,,,,,,,
1005607,b-055,Humberto de Oliveira Macedo,11598409549,,(inquilino),0,,,,,,,,,,,,,,,,,,,,
1005611,P-082,Natalia Melo Barbosa Borges,"02784016196",62 99828-0306,,0,,,,,,,,,,,,,,,,,,,,
1005612,A-066,SIMONE ALVES DE BRITO,93300298172,64 981745505,,0,,,mariabarbara.p@hotmail.com,,,,,,,,,,,,,,,,,PROPRIETARIA
1005616,j-038,Robson Jose Freire,71890696153,62 993900062,,0,,,,,,,,,,,,,,,,,,,,
1005617,J-038,Fernanda Martins do Nascimento,"00021919119",62 994250468,,0,,,,,,,,,,,,,,,,,,,,
1005619,A-092,ULLI DA COSTA CUNHA MARTINS,"04661345177",,,0,,,,,,,,,,,,,,,,,,,,
1005635,P-052,BRUNA PEREIRA FARIAS,"01177396181",61 98421 0327,,0,,,,,,,,,,,,,,,,,,,,PROPRIETARIO
1005636,P-052,ALVARINDA PEREIRA FARIAS,15084094120,,,0,,,,,,,,,,,,,,,,,,,,
1005637,P-052,ANTONIO CICERO FARIAS,"05963613191",,,0,,,,,,,,,,,,,,,,,,,,
1005638,P-052,DANIELLE PEREIRA FARIAS,984607731,,,0,,,,,,,,,,,,,,,,,,,,
1005639,P-052,PEDRO MARCELO PEREIRA FARIAS,60249595168,,,0,,,,,,,,,,,,,,,,,,,,
1005640,P-052,ROGIA COELHO FARIAS,"04067318375",,,0,,,,,,,,,,,,,,,,,,,,
1005641,P-052,BENJAMIM COELHO FARIAS,,,,0,,,,,,,,,,,,,,,,,,,,MENOR
1005643,A-031,LEOPOLDO BERREDO REIS SOUSA,85333620210,,,0,,,,,,,,,,,,,,,,,,,,DEPENDENTES
1005645,A-030,Danilo Miranda Macedo Rodrigues,"01978069103",64 981203344,,0,,,,,,,,,,,,,,,,,,,,
1005669,a-086,Maria Candida  Guerra,,,,0,,,,,,,,,,,,,,,,,,,,
1005670,a-086,Sonia Maria Guerra,,,,0,,,,,,,,,,,,,,,,,,,,
1005671,a-086,Marcelo Fonseca de Carvalho,,,,0,,,,,,,,,,,,,,,,,,,,
1005672,a-086,Kimmer Sobrinho,,,,0,,,,,,,,,,,,,,,,,,,,
1005673,a-086,Maria Julia F. Guerra,,,,0,,,,,,,,,,,,,,,,,,,,
1005674,a-086,Maylhe Guerra Vasconcelos,,,,0,,,,,,,,,,,,,,,,,,,,
1005677,a-086,Luis Carlos da Silva,49174444115,,,0,,,,,,,,,,,,,,,,,,,,
1005678,a-086,Marcelo Fonseca CarvalhoFilho,,,,0,,,,,,,,,,,,,,,,,,,,
1005683,g-068,Eleuza Oliveira V. Soares,"05241529187",,,0,,,,,,,,,,,,,,,,,,,,
1005684,g-068,Enzo Aurelio N. V.,"05286195270",,,0,,,,,,,,,,,,,,,,,,,,
1005685,g-068,Lucas Aurelio N. V.,"02364709229",,,0,,,,,,,,,,,,,,,,,,,,
1005687,A-031,CINTHIA VENDITI DE FREITAS,99750929187,,,0,,,,,,,,,,,,,,,,,,,,DEPENDENTES
1005688,O-014,Mauricio Vieira De Carvalho,"04035275115",62 3223 3170 / 62 99268 6541,,0,,,elizabethbeltrao@gmail.com,,,,,,,,,,,,,,,,,
1005692,B-067,Eduarda Lorena Camêlo Vieira,"06396897105",,,0,,,,,,,,,,,,,,,,,,,,
1005693,P-069,HYGOR GOMES CANDIDO,75678551191,,,0,,,,,,,,,,,,,,,,,,,,
1005694,P-069,HEITOR GOMES CANDIDO,"03103752156",,,0,,,,,,,,,,,,,,,,,,,,
1005700,G-012,LUIZ GONZAGA FILHO,118.847.201-10,61 3383 1023,,0,,,fatimagonzaga08@gmail.com,,,,,,,,,,,,,,,,,
1005701,P-055,LEA TEIXEIRA,,,,0,,,,,,,,,,,,,,,,,,,,
1005702,P-055,ANDRE JURGEL PIRES,,,,0,,,,,,,,,,,,,,,,,,,,
1005703,P-055,CLEUSA TEIXEIRA DAS NEVES,"02334038172",61 99979 5843  61 33452052,,0,,,,,,,,,,,,,,,,,,,,PROPRIETARIA
1005711,A-044,Maria Deuserina Barbosa de Souza Santos,267.274.471-87,62 985377675,,0,,,deusa@saneago.com.br,,,,,,,,,,,,,,,,,
1005715,P-082,VITOR MATÃ DA COSTA ALMEIDA,"04780496179",62 999801606,,0,,,,,,,,,,,,,,,,,,,,SOBRINHO SR NORVAL (AUTORIZAÇAO VIA GMAIL E  ZAP)
1005719,b-080,haroldo pereira lima,26844791860,,,0,,,,,,,,,,,,,,,,,,,,
1005725,b-080,Ana Julia,44631577519,,,0,,,,,,,,,,,,,,,,,,,,
1005726,b-080,JANAINA DOS SANTOS SENA,30646353870,,,0,,,,,,,,,,,,,,,,,,,,
1005727,b-080,Giovanna Jardim,46787370814,,,0,,,,,,,,,,,,,,,,,,,,
1005739,b-093,Helena Ferreira Sousa,,,,0,,,,,,,,,,,,,,,,,,,,
1005750,g-006,Wanderley Barbosa da Silva,22554556172,61  992575897,,0,,,,,,,,,,,,,,,,,,,,
1005754,g-006,Cleonice Afonço da Silva,,,,0,,,,,,,,,,,,,,,,,,,,
1005755,A-034,DEBORAH  MARA DOMICIANO FERREIRA,87170906104,062 999919404,,0,,,,,,,,,,,,,,,,,,,,
1005756,G-014,DOUGLAS ALEXANDRE MARTINS BATISTA,"01120847109",62 99665 0727,,0,,,,,,,,,,,,,,,,,,,,(LOCATARIOS)
1005758,G-014,MARIA DO SOCORRO MARTINS,22662359153,,,0,,,,,,,,,,,,,,,,,,,,(LOCATARIOS) (MÃE)
1005759,G-014,JOSE LOURENÇO DE BRITO FILHO,,,,0,,,,,,,,,,,,,,,,,,,,(LOCATARIOS)  PADRASTO
1005760,G-014,KLEBER CARLOS BORGES,,,,0,,,,,,,,,,,,,,,,,,,,(LOCATARIOS)
1005761,G-014,KARLA CRISTINA CARDOSO BORGES,,,,0,,,,,,,,,,,,,,,,,,,,(LOCATARIOS)
1005762,G-014,PEDRO LUCAS CARDOSO BORGES,,,,0,,,,,,,,,,,,,,,,,,,,(LOCATARIOS)
1005763,G-014,MARIA EDUARDA CARDOSO BORGES,,,,0,,,,,,,,,,,,,,,,,,,,(LOCATARIOS)
1005764,G-014,LUCIANA BRIGITH DE QUIRINO PAIVA,,,,0,,,,,,,,,,,,,,,,,,,,(LOCATARIOS)
1005765,A-006,Pedro Antônio Moreira Modesto,73080039149,,,0,,,,,,,,,,,,,,,,,,,,
1005767,P-076,Maria Selma de Oliveira Gontijo,238.536.031-49,61-98101 2277,,0,,,,,,,,,,,,,,,,,,,,
1005768,P-012,ANDREIA CAMPOS COSTA RIBEIRO,84531975120,,,0,,,,,,,,,,,,,,,,,,,,
1005769,G-072,FERNANDO CARVALHO FUSSI,"01044775122",62 999564050,,0,,,,,,,,,,,,,,,,,,,,
1005770,O-061,Gabriel Santil Meireles,,61-998505182,,0,,,,,,,,,,,,,,,,,,,,
1005772,o-002,Rogerio Oliveira Silva,55638600191,,,0,,,,,,,,,,,,,,,,,,,,
1005773,o-002,Kenia Patricia da Silva,,,,0,,,,,,,,,,,,,,,,,,,,
1005780,B-050,Flavio Jose Da Silva,828.723.841-20,62 9847 6198 / 62 8476 1198,,0,,,flaviojds089@gmail.com,,,,,,,,,,,,,,,,,
1005788,P-013,Israel Paluch Mendonça,79576435234,,Filho do proprietario,0,,,,,,,,,,,,,,,,,,,,Filho
1005789,p-013,Ismael Paluch Mendonça,87899655234,,Filho do proprietario,0,,,,,,,,,,,,,,,,,,,,
1005790,P-013,Jordana Paluch Mendonça,91311373268,,Filha do proprietario,0,,,,,,,,,,,,,,,,,,,,
1005791,P-013,Alda Paluch Mendonça,58088806291,,esposa do proprietario,0,,,,,,,,,,,,,,,,,,,,
1005794,P-013,Mizael Printes,,,genro do proprietario,0,,,,,,,,,,,,,,,,,,,,
1005796,P-013,Miguel Paluch Printes,,,neto do proprietario,0,,,,,,,,,,,,,,,,,,,,
1005797,P-013,Melissa Paluch Printes,,,neta do proprietario,0,,,,,,,,,,,,,,,,,,,,
1005798,p-013,Andreia Bonfim,,,Nora do proprietario,0,,,,,,,,,,,,,,,,,,,,
1005799,p-013,Henrique,,,neto do proprietario,0,,,,,,,,,,,,,,,,,,,,
1005804,P-081,ISIS MIRANDA DE SOUZA LYRA,9273382460,,,0,,,,,,,,,,,,,,,,,,,,CONJUGE
1005805,P-081,GABRIEL FARIA LYRA,"01101067179",,,0,,,,,,,,,,,,,,,,,,,,
1005807,B-028,Fernando Fernandes da silva,,,,0,,,,,,,,,,,,,,,,,,,,
1005812,a-040,Paulo Sergio de Melo Vaz,"02994933187",,,0,,,,,,,,,,,,,,,,,,,,
1005813,A-101,CARLOS RIBEIRO RODRIGUES,"03300587692",,,0,,,,,,,,,,,,,,,,,,,,
1005814,O-039,CARLA DA SILVA FERREIRA,85330590191,03498400 0367,,0,,,,,,,,,,,,,,,,,,,,
1005815,A-062,Edna Viana Macedo,418.191.281-72,62 984575393,,0,,,ednavima@icloud.com,,,,,,,,,,,,,,,,,
1005817,A-088,JULIA RESENDE,,,,0,,,,,,,,,,,,,,,,,,,,NETA
1005819,A-088,CECILIA RESENDE MORAIS,,,,0,,,,,,,,,,,,,,,,,,,,NETA
1005820,A-088,RAFAELA RESENDE MORAIS,,,,0,,,,,,,,,,,,,,,,,,,,NETA
1005822,A-088,SAMUEL SILVA FERREIRA,70433048140,,,0,,,,,,,,,,,,,,,,,,,,NETO
1005823,A-088,MARGARETH SILVA BATISTA,,,,0,,,,,,,,,,,,,,,,,,,,CUNHADA
1005824,A-088,CATIA DIAS MARQUES,,,,0,,,,,,,,,,,,,,,,,,,,CUNHADA
1005825,A-088,POLYANA,,,,0,,,,,,,,,,,,,,,,,,,,NORA
1005844,g-068,Suelene N. de Oliveira,80041150277,,,0,,,,,,,,,,,,,,,,,,,,
1005846,B-007,Giovana de Oliveira,"05032492116",,,0,,,,,,,,,,,,,,,,,,,,
1005850,A-021,EXPEDITO MESQUITA DE ARAUJO,,,,0,,,,,,,,,,,,,,,,,,,,PAI DO PROPRIETARIA DONA CARLA  ( IRA CUIDAR DA CASA)
1005853,O-087,AMAURI AMARANTE RABELO,33962464700,,,0,,,,,,,,,,,,,,,,,,,,
1005860,p-086,Sheila Maria de Oliveira Ramos,38091810130,62 982811025,,0,,,,,,,,,,,,,,,,,,,,
1005864,p-029,virgina xavier de sousa,68975740153,,,0,,,,,,,,,,,,,,,,,,,,
1005865,p-029,marcela xavier de sousa,713774139,,,0,,,,,,,,,,,,,,,,,,,,
1005866,p-029,paulo roberto neves de sousa,"03724107153",,,0,,,,,,,,,,,,,,,,,,,,
1005868,p-029,terezinha xavier da silva,,,,0,,,,,,,,,,,,,,,,,,,,
1005869,O-007,AURELIANO MIRANDA PEREIRA,"00825294185",,,0,,,,,,,,,,,,,,,,,,,,
1005871,P-044,Paulo lopes Neto,82325405168,64 99293-3018,,0,,,,,,,,,,,,,,,,,,,,
1005873,B-028,Almi Bezerra Mendonça,085.767.181-20,62 99847-5293,,0,,,,,,,,,,,,,,,,,,,,
1005877,J-051,Edna monteiro da Silva,50025929100,,,0,,,,,,,,,,,,,,,,,,,,
1005879,J-051,Diogo Silva Monteiro,"02699050148",,,0,,,,,,,,,,,,,,,,,,,,
1005880,J-051,Guilherme Monteiro de Castro,"05216498117",,,0,,,,,,,,,,,,,,,,,,,,
1005881,B-093,ANTONIO FERREIRA DE MEDEIROS   [PROPIETARIO],"03734730104",,,0,,,,,,,,,,,,,,,,,,,,
1005882,A-051,Maria Clara dos Santos Arruda Castro,856.759.388-34,61 99968-1826,,0,,,,,,,,,,,,,,,,,,,,
1005883,G-042,JOAQUIM BRANDINI NETO,"00968193801",,,0,,,,,,,,,,,,,,,,,,,,PROPRIETARIO
1005890,j-051,Leide de Lima,75881268172,,,0,,,,,,,,,,,,,,,,,,,,
1005891,j-051,Gabriel Monteiro de Lima,"04659731162",,,0,,,,,,,,,,,,,,,,,,,,
1005892,j-051,Amanda Monteiro de Lima,71072744147,,,0,,,,,,,,,,,,,,,,,,,,
1005896,j-051,Mauro Monteiro de Castro,40237249120,996385015,,0,,,,,,,,,,,,,,,,,,,,
1005898,J-042,RAFAEL MICHELINI BRANDINI,38796847824,,,0,,,,,,,,,,,,,,,,,,,,
1005900,G-021,FERNANDA DE OLIVEIRA AGUIAR,75274850197,62 991934063,,0,,,,,,,,,,,,,,,,,,,,
1005903,O-072,REINALDA PEREIRA NEVES,56141769187,,,0,,,,,,,,,,,,,,,,,,,,
1005907,,Marcos Jose H. Gonçalves,,,,0,,,,,,,,,,,,,,,,,,,,
1005908,a-056,Ellen Caroline Carvalho e Silva,"00399472118",64 992227335,,0,,,,,,,,,,,,,,,,,,,,
1005910,J-003,Terezinha Dos Passos Lima,033.309.901-04,61 3274 2150 / 61 99913 3430,,0,,,,,,,,,,,,,,,,,,,,
1005911,J-003,PEDRO DIAS VIEIRA,"00228788153",,,0,,,,,,,,,,,,,,,,,,,,
1005912,J-003,WALKIRIA PASSO V.CARNEIRO,69048673100,,,0,,,,,,,,,,,,,,,,,,,,
1005913,J-003,RUBENS C.M.CARNEIRO,84520647134,,,0,,,,,,,,,,,,,,,,,,,,
1005914,J-003,CAIO VIEIRA SILVA,"06589582165",,,0,,,,,,,,,,,,,,,,,,,,
1005917,J-003,HORMINO DE ALMEIDA JUNIOR,87956799600,61 981152929,,0,,,,,,,,,,,,,,,,,,,,
1005918,J-003,MARIANA P.V.ALMEIDA,,,,0,,,,,,,,,,,,,,,,,,,,
1005919,J-003,CECILIA P.V. ALMEIDA,,,,0,,,,,,,,,,,,,,,,,,,,
1005920,j-051,Mario Cesar Monteiro de Castro,24666190163,62-996243671,,0,,,,,,,,,,,,,,,,,,,,
1005921,j-051,Aparecida de Fatima S, Monteiro,,,,0,,,,,,,,,,,,,,,,,,,,
1005923,,Leonardo Monteiro,"00588951161",,,0,,,,,,,,,,,,,,,,,,,,
1005924,j-051,Tyago Mateus de Paula,98095137120,,,0,,,,,,,,,,,,,,,,,,,,
1005925,j-051,Juliana S. Monteiro,"02549267117",,,0,,,,,,,,,,,,,,,,,,,,
1005927,j-051,Joao Pedro Monteiro,,,,0,,,,,,,,,,,,,,,,,,,,
1005929,j-051,Franceele A. Monteiro,"00016007187",,,0,,,,,,,,,,,,,,,,,,,,
1005931,B-108,joão Batista Borges,81164629891,011 959132757,,0,,,,,,,,,,,,,,,,,,,,
1005941,j-011,Ronaldo Machado Rocha,19545967153,62  999839388,,0,,,,,,,,,,,,,,,,,,,,
1005942,j-011,Ricardo de Almeida Rocha,"09553028154",,,0,,,,,,,,,,,,,,,,,,,,
1005943,B-039,Cloris dias dos santos Reboucas,36130672187,62-995744040,,0,,,,,,,,,,,,,,,,,,,,
1005944,J-044,LUCIO ALENCAR MIRANDA,66473330100,6299135 5254,,0,,,,,,,,,,,,,,,,,,,,LOCATARIO PRIMO WILLIAM
1005946,J-044,RAFAELA ROCHA ARAUJO,"04785753196",,,0,,,,,,,,,,,,,,,,,,,,LOCATARIO ESPOSA DO SR LUCIO
1005948,j-044,willian del duque dela,54787041134,62    999997331,,0,,,,,,,,,,,,,,,,,,,,PROPRIETARIO
1005950,B-039,NORIS VALERIA DIAS DOS SANTOS REBOUÇAS,"01234205122",,,0,,,,,,,,,,,,,,,,,,,,FILHA
1005962,O-006,OBS: PROIBIDO A ENTRADA DE QUALQUER OUTRA PESSOA,,,,0,,,,,,,,,,,,,,,,,,,,
1005963,B-007,GILZA RODRIGUES DE O. C.,,,,0,,,,,,,,,,,,,,,,,,,,
1005965,O-053,GUSTAVO DA SILVA MACHADO,"04309233171",(61) 99627 4735,,0,,,,,,,,,,,,,,,,,,,,ALUGUEL
1005966,O-053,SANÇÃO PEREIRA MACHADO,"06627200163",,,0,,,,,,,,,,,,,,,,,,,,ALUGUEL
1005969,O-053,Lucas da Silva Machado,,,,0,,,,,,,,,,,,,,,,,,,,
1005982,A-026,Irani,42694949134,62 991133846  MARIDO 062 99421 4236,,0,,,,,,,,,,,,,,,,,,,,
1005983,A-026,BRENDA INARI BORGES,,,,0,,,,,,,,,,,,,,,,,,,,
1005985,A-026,MARCELLA LIMA SANTOS,"09242622441",,,0,,,,,,,,,,,,,,,,,,,,
1005986,G-018,REBECA VILELA PACHECO MENDES,59883759100,"062999165429",,0,,,,,,,,,,,,,,,,,,,,
1005987,G-018,Cleiber Matheus Martins,492.356.561-68,6298138 5671,,0,,,,,,,,,,,,,,,,,,,,
1005988,G-018,Augusto Pacheco Mendes,,,,0,,,,,,,,,,,,,,,,,,,,
1005989,P-088,RAFAEL DOMINGOS GOMES,"00577033107",,,0,,,,,,,,,,,,,,,,,,,,
1005991,J-019,ADEMIR ADELINO,,,,0,,,,,,,,,,,,,,,,,,,,
1005994,b-039,João Rebouças de Souza Filho,,62 992026401,,0,,,,,,,,,,,,,,,,,,,,
1005997,A-016,BRENO GUIMARAES DE M.MESSIAS,,,,0,,,,,,,,,,,,,,,,,,,,ALUGUEL
1005999,A-016,OSANIA GUIMARAES SANTOS,"04486530608",,,0,,,,,,,,,,,,,,,,,,,,ALUGUEL
1006008,G-072,DULCINEIA DE SOUZA,"02662845821",62 3286 7030,,0,,,dulcineiasouza@hotmail.com,,,,,,,,,,,,,,,,,
1006010,O-035,ERICK NUNES DA SILVA,70921838123,,,0,,,,,,,,,,,,,,,,,,,,
1006011,O-035,CLARA VALENTINA,60898809819,,,0,,,,,,,,,,,,,,,,,,,,
1006012,O-035,CARLA ERINALDA,95941380178,,,0,,,,,,,,,,,,,,,,,,,,
1006013,j-051,Leonardo dos santos Monteiro,,,,0,,,,,,,,,,,,,,,,,,,,
1006014,j-051,Eduardo dos Santos  Monteiro,96757132168,,,0,,,,,,,,,,,,,,,,,,,,
1006015,A-069,LILIA MENDES SALLES,98543369134,,,0,,,,,,,,,,,,,,,,,,,,
1006019,A-069,PAULO EDUARDO CAIXETA DE CASTRO,"07072394192",,,0,,,,,,,,,,,,,,,,,,,,
1006021,A-040,Gabriel Demetrius da Silva Vaz,"00096021195",61 992228197,,0,,,,,,,,,,,,,,,,,,,,
1006022,A-040,PAULO ESTEVÃO DA SILVA VAZ,"02212914156",,,0,,,,,,,,,,,,,,,,,,,,
1006023,A-040,LUIZ HENRIQUE DA SILVA,89600029172,,,0,,,,,,,,,,,,,,,,,,,,
1006024,A-040,VITOR HUGO DA SILVA,99872722153,,,0,,,,,,,,,,,,,,,,,,,,
1006025,P-081,FELIPE HENRIQUE GOMES LYRA,"05908560146",,,0,,,,,,,,,,,,,,,,,,,,
1006031,A-069,WALLAS CARLOS COSTA,86332848120,,,0,,,,,,,,,,,,,,,,,,,,
1006038,J-048,LUCAS SANTOS NASCIMENTO,"01519331118",63 99933366,,0,,,,,,,,,,,,,,,,,,,,
1006039,A-076,Agnaldo Andrade Bezerra,323525221-53,62 99199 9569,,0,,,,,,,,,,,,,,,,,,,,
1006040,BAR,Ricardo Frota,60459042220,64 99307-8338,,0,,,,,,,,,,,,,,,,,,,,
1006041,a-099,LORRANY SANTOS SILVA,"03601263165",62 998003010,,0,,,,,,,,,,,,,,,,,,,,
1006042,A-042,Fabrício Fernandes De Barros,,,,0,,,,,,,,,,,,,,,,,,,,
1006043,B-048,Maria Celeste De Souza Santos,105.653.533-49,61 3352 7441 / 61 9141 4915 61 991816986,,0,,,,,,,,,,,,,,,,,,,,
1006044,B-048,CASSIO DE SOUZA SANTOS,"05301189123",,,0,,,,,,,,,,,,,,,,,,,,
1006045,B-048,FERNANDO AUGUSTO N.FERREIRA,"06794318105",,,0,,,,,,,,,,,,,,,,,,,,
1006047,J-051,MARIANY REIS M.SANTOS,99369241008,,,0,,,,,,,,,,,,,,,,,,,,
1006048,J-051,JOAO SANTOS,97346993187,,,0,,,,,,,,,,,,,,,,,,,,
1006049,J-051,FELIPE R. DOS SANTOS,,,,0,,,,,,,,,,,,,,,,,,,,NETO
1006050,J-051,MATEUS R.DOS SANTOS,,,,0,,,,,,,,,,,,,,,,,,,,NETO
1006052,J-051,DANIELLA RAMOS MARTINS,69813426187,,,0,,,,,,,,,,,,,,,,,,,,NORA
1006053,J-051,LUISA MELL MARTINS REIS,9999508197,,,0,,,,,,,,,,,,,,,,,,,,NETA
1006054,J-051,RAVI DANIEL MARTINS REIS,"09520114173",,,0,,,,,,,,,,,,,,,,,,,,NETO
1006055,J-051,DAIANY MONTEIRO REIS,"00574446176",,,0,,,,,,,,,,,,,,,,,,,,
1006056,J-051,CLEBER RODRIGUES R.JUNIOR,64816273387,,,0,,,,,,,,,,,,,,,,,,,,GENRO
1006057,J-051,ANA CLARA M.MONTEIRO,"05256645137",,,0,,,,,,,,,,,,,,,,,,,,NETA
1006059,G-019,MATHEUS RODRIGUES DE OLIVEIRA,70874354188,,,0,,,,,,,,,,,,,,,,,,,,
1006061,o-006,Leandro Barbosa Pires,,,,0,,,,,,,,,,,,,,,,,,,,
1006062,o-006,Moises Pires Guimarães,,,,0,,,,,,,,,,,,,,,,,,,,
1006063,o-006,Karen V. Fernandes,,,,0,,,,,,,,,,,,,,,,,,,,
1006064,o-006,Lara V. Azzi,,,,0,,,,,,,,,,,,,,,,,,,,
1006065,o-006,Lilian Pires da Costa,95700242168,,,0,,,,,,,,,,,,,,,,,,,,
1006066,B-084,Maria Dayse Magalhaês A.M. Figueredo,62919342720,92981995683,,0,,,,,,,,,,,,,,,,,,,,
1006067,B-084,Jose marcos C.M. Figueredo,22021817687,92982219356,,0,,,,,,,,,,,,,,,,,,,,
1006068,B-084,Madalena Magalhães,"02198545217",,,0,,,,,,,,,,,,,,,,,,,,
1006072,A-076,ALINE SOUZA LIMA SABBATINI,"06241734610",,,0,,,,,,,,,,,,,,,,,,,,
1006074,A-076,LUIZ CARLOS SABBATINI DA SILVA FILHO,80703429191,,,0,,,,,,,,,,,,,,,,,,,,
1006075,A-076,ANA CAROLINA SABBATINI,70312650108,,,0,,,,,,,,,,,,,,,,,,,,
1006078,P-066,MARIO SERGIO NOGUEIRA,,,,0,,,,,,,,,,,,,,,,,,,,
1006079,P-066,MARCO TULIO BARBOSA DA SILVA,,,,0,,,,,,,,,,,,,,,,,,,,
1006080,P-066,PAULO RICARDO A. PEREIRA,,,,0,,,,,,,,,,,,,,,,,,,,
1006081,P-066,DOUGLAS CASSIANO A. PEREIRA,,,,0,,,,,,,,,,,,,,,,,,,,
1006082,P-066,PAULO CESAR PEREIRA,,,,0,,,,,,,,,,,,,,,,,,,,
1006083,B-103,LETICIA ARAUJO COSTA,"07036003111",,,0,,,,,,,,,,,,,,,,,,,,
1006084,B-103,AMANDA ARAUJO COSTA,"05186628107",,,0,,,,,,,,,,,,,,,,,,,,
1006085,A-076,SANTIAGO SABBATINI DA SILVA FILHO,"04836331196",,,0,,,,,,,,,,,,,,,,,,,,
1006086,A-076,WANESSA TELES MARINHO,"01440743118",,,0,,,,,,,,,,,,,,,,,,,,
1006087,A-076,MANUELA BASTOS CISNEIRO SABBATINI,79628087134,,,0,,,,,,,,,,,,,,,,,,,,
1006089,A-076,KARLA JESSYKA DE MEDEIROS,"03644558108",,,0,,,,,,,,,,,,,,,,,,,,
1006092,A-076,GUSTAVO SABBATINI DA SILVA FILHO,"01905203616",,,0,,,,,,,,,,,,,,,,,,,,
1006093,A-076,ERICA THESLLEY FRANCISCA PIRES,"02851265121",,,0,,,,,,,,,,,,,,,,,,,,
1006094,A-076,BRUNO SABBATINI DA SILVA,70472208101,,,0,,,,,,,,,,,,,,,,,,,,
1006097,a-076,Glaicy Aparecida Pereira,19304154145104,,,0,,,,,,,,,,,,,,,,,,,,
1006098,a-076,Elza Martins Souza Lima,58045646649,,,0,,,,,,,,,,,,,,,,,,,,
1006101,B-012,SIMONE KAPPEL QUEIROZ,,,,0,,,,,,,,,,,,,,,,,,,,
1006102,B-012,WARISTON FERREIRA,,,,0,,,,,,,,,,,,,,,,,,,,
1006103,B-012,GUTEMBERG FERREIRA,,,,0,,,,,,,,,,,,,,,,,,,,
1006105,j-051,ABEL RODRIGO MONTEIRO CHAVEIRO,"00387427139",,,0,,,,,,,,,,,,,,,,,,,,
1006106,j-051,DANIEL RODRIGO,71218875178,,,0,,,,,,,,,,,,,,,,,,,,
1006107,j-051,ISABELA MONTEIRO,71218889128,,,0,,,,,,,,,,,,,,,,,,,,
1006108,j-051,GABRIELA MONTEIRO,"08946057122",,,0,,,,,,,,,,,,,,,,,,,,
1006109,j-051,MARTA INES R. SOUZA MONTEIRO,27719154134,,,0,,,,,,,,,,,,,,,,,,,,
1006110,j-051,FABIANO DE SOUZA,86947330104,,,0,,,,,,,,,,,,,,,,,,,,
1006111,j-051,ANA CLAUDIA,86415727168,,,0,,,,,,,,,,,,,,,,,,,,
1006112,j-051,SARAH MAYLIS ROSSATTE,"07334750195",,,0,,,,,,,,,,,,,,,,,,,,
1006113,j-051,FABIO ROSSATTI MARTINS,"07428597110",,,0,,,,,,,,,,,,,,,,,,,,
1006114,j-051,MILTON MOREIRA,,,,0,,,,,,,,,,,,,,,,,,,,
1006115,j-051,FRANCIELLY,,,,0,,,,,,,,,,,,,,,,,,,,
1006116,j-051,ANA LUIZA,,,,0,,,,,,,,,,,,,,,,,,,,
1006117,j-051,REBECA,,,,0,,,,,,,,,,,,,,,,,,,,
1006118,P-007,LUCIENE MACHADO MEIRA,87310880153,,,0,,,,,,,,,,,,,,,,,,,,
1006119,P-073,PEDRO NOLASCO DE REZENDE,"02900882168",61 933728857   61 3372 8857   61  982889034,,0,,,,,,,,,,,,,,,,,,,,PROPRIETARIO
1006121,B-023,Vivianne Da Silva Bezerra,017.399.541-14,77-999346663,,0,,,,,,,,,,,,,,,,,,,,
1006123,A-076,NEWTON LEMES NOGUEIRA,45826536691,,,0,,,,,,,,,,,,,,,,,,,,
1006124,G-075,LEANDRO ALVES PEREIRA,,,,0,,,,,,,,,,,,,,,,,,,,SOBRINHO  PROPRIETARIO
1006126,O-060,Marcelo Gracia Canassa Filho,"03557044122",,,0,,,,,,,,,,,,,,,,,,,,
1006127,A-076,ANA MARIA SABBATINI PEREIRA DA SILVA,47917822168,,,0,,,,,,,,,,,,,,,,,,,,
1006128,A-076,CARMEN PEREIRA DA SILVA,19304170125,,,0,,,,,,,,,,,,,,,,,,,,
1006136,A-013,Zelia Aparecida da silva Panoff,497.693.831-04,64-999839035,,0,,,,,,,,,,,,,,,,,,,,
1006140,J-042,JOAQUIM BRANDINI NETO,"00868193801",,,0,,,,,,,,,,,,,,,,,,,,PROPRIETARIO
1006142,J-042,TEREZINHA MICHELINI BRANDINI,"00433582847",,,0,,,,,,,,,,,,,,,,,,,,PROPRIETARIO
1006155,B-070 E O-092,Eurypedes Pamplona Sobrinho,023.645.811-68,64 98456 0002 / 61 9964 5233,,0,,,cristianop@ibest.com.br,,,,,,,,,,,,,,,,,
1006156,O-005,Frederico Wagner França Tannure Filho,85492760149,66 996284158,,0,,,,,,,,,,,,,,,,,,,,
1006157,O-086,Lucas Preira de Jesus,025.341.231-57,62-984648734,,0,,,,,,,,,,,,,,,,,,,,
1006158,J-009,ROSELI AUGUSTA S. ANDRADE,,,,0,,,,,,,,,,,,,,,,,,,,
1006163,A-076,SANTIAGO SABBATINI DA SILVA,86899376172,,,0,,,,,,,,,,,,,,,,,,,,
1006164,A-076,MARA RUBIA FERREIRA DE MELO SABBATINI,83473718149,,,0,,,,,,,,,,,,,,,,,,,,
1006168,J-040,Zedequias T. Nacimento,,,,0,,,,,,,,,,,,,,,,,,,,
1006170,J-040,Darlenne,,,,0,,,,,,,,,,,,,,,,,,,,
1006171,J-040,Arthur,,,,0,,,,,,,,,,,,,,,,,,,,
1006172,J-040,Joana D'arc Almeida,,,,0,,,,,,,,,,,,,,,,,,,,
1006173,J-040,CASA EM CONTRUÇAO/ INICIO MES 12/2023,,(MORAM NO G/40),,0,,,,,,,,,,,,,,,,,,,,
1006176,j-040,joamair,,,,0,,,,,,,,,,,,,,,,,,,,
1006177,P-050,Vildo Jesus De Oliveira,25667165104,67 99986-0025 / 67 98449-1721,,0,,,,,,,,,,,,,,,,,,,,
1006178,B-011,Lorrane Nascimento,807.508.181-15,62-981608990,,0,,,,,,,,,,,,,,,,,,,,
1006181,G-036,ALESSANDRA CASSIA NUNES DE FARIAS,,,,0,,,,,,,,,,,,,,,,,,,,
1006186,G-036,JOSE NICACIO DE FARIAS,,,,0,,,,,,,,,,,,,,,,,,,,
1006187,G-036,JALSON PEREIRA DE SOUSA,63636956191,,,0,,,,,,,,,,,,,,,,,,,,
1006188,j-051,Marciane Monteiro,,,,0,,,,,,,,,,,,,,,,,,,,
1006189,j-051,Marta Ines Monteiro,,,,0,,,,,,,,,,,,,,,,,,,,
1006190,j-051,Divina Bento,,,,0,,,,,,,,,,,,,,,,,,,,
1006191,j-051,Marciane Aparecida,70856657187,,,0,,,,,,,,,,,,,,,,,,,,
1006192,j-051,Luciano Ramos Monteiro,"00867663194",,,0,,,,,,,,,,,,,,,,,,,,
1006194,B-052,JORGE COSME DA SILVA NETO,,,,0,,,,,,,,,,,,,,,,,,,,
1006196,B-052,ICARO RODRIGUES DA SILVA,,,,0,,,,,,,,,,,,,,,,,,,,
1006201,P-089,KELNER MUCHEL SILVA,"04213012107",,,0,,,,,,,,,,,,,,,,,,,,
1006202,P-089,KEVIN MUCHEL,,,,0,,,,,,,,,,,,,,,,,,,,
1006203,P-089,JACKSON BATISTA SILVA,39713377400,11 97130 1735,,0,,,,,,,,,,,,,,,,,,,,PROPRIETARIO
1006205,P-089,EMILY LOPES MUCHEL,,,,0,,,,,,,,,,,,,,,,,,,,
1006206,P-089,LEONARDA MUCHEL SILVA,47321911420,,,0,,,,,,,,,,,,,,,,,,,,
1006211,J-029,Ana Claudia Raposo,,,,0,,,,,,,,,,,,,,,,,,,,
1006212,O-087,Giseli Medeiros de Sousa,871.008.431-20,62 98195-5804,,0,,,,,,,,,,,,,,,,,,,,
1006213,P-018,daniel caetano martins de souza,"02589247133",62 981110118,,0,,,,,,,,,,,,,,,,,,,,
1006215,O-015,Igor Donatoni Arruda,70892680121,,,0,,,,,,,,,,,,,,,,,,,,
1006218,o-012,Marcos Guilherme Teixeira,"01884035159",,,0,,,,,,,,,,,,,,,,,,,,
1006219,o-012,Cecilia Teixeira,"03722028108",,,0,,,,,,,,,,,,,,,,,,,,
1006225,p-074,Arnaldo Moreira da Silva,36924563104,,,0,,,,,,,,,,,,,,,,,,,,
1006226,p-074,Maristela Moreira S. Araujo,31900134168,,,0,,,,,,,,,,,,,,,,,,,,
1006227,p-074,Marco Aurelio Moreira da Silva,13994213134,,,0,,,,,,,,,,,,,,,,,,,,
1006228,p-074,Ana Carolina M. Araujo,"03644914189",,,0,,,,,,,,,,,,,,,,,,,,
1006231,j-011,Gilvan Soares de Souza,91330528191,,,0,,,,,,,,,,,,,,,,,,,,
1006236,G-011,SONIA TOTH,,,,0,,,,,,,,,,,,,,,,,,,,
1006239,"048",Antonio Leite dos Santos Filho,62267691706,61 994443737   61  981634491,,0,,,,,,,,,,,,,,,,,,,,
1006243,a-048,Luciana Fernandes Santos,"03722980165",,,0,,,,,,,,,,,,,,,,,,,,
1006244,a-048,Alexandre Magno,,,,0,,,,,,,,,,,,,,,,,,,,
1006245,a-048,Lucas Fernandes Santos,,,,0,,,,,,,,,,,,,,,,,,,,
1006246,a-048,Jose Luis Checchia,,,,0,,,,,,,,,,,,,,,,,,,,
1006247,a-048,Maria Cristina Fernandes Checchia,,,,0,,,,,,,,,,,,,,,,,,,,
1006249,a-048,Antonio Leite dos Santos Filho,62267671708,,,0,,,,,,,,,,,,,,,,,,,,
1006252,a-048,Valeria Fernandes  Santos,46654770425,,,0,,,,,,,,,,,,,,,,,,,,
1006257,A-010,TAINARA VIEIRA DE LIMA (LOTARIO),14591386600,,,0,,,,,,,,,,,,,,,,,,,,LOCAÇAO MENSAL
1006258,A-010,ZAQUEU RAMOS DE LIMA (LOCATARIO),,,,0,,,,,,,,,,,,,,,,,,,,LOCAÇAO MENSAL
1006259,A-010,LUCIANO T.RAMOS DE LIMA (LOCATARIO),,,,0,,,,,,,,,,,,,,,,,,,,LOCAÇAO MENSAL
1006260,A-010,ANGELA ANDRADE PINHEIRO (LOCATARIO ),,,,0,,,,,,,,,,,,,,,,,,,,LOCAÇAO MENSAL
1006261,A-010,ISADORA PINHEIRO (LOCATARIO),,,,0,,,,,,,,,,,,,,,,,,,,LOCAÇAO MENSAL
1006262,A-010,GABRIEL RAMOS DE LIMA (LOCATARIO),"02365833012",,,0,,,,,,,,,,,,,,,,,,,,LOCATARIO
1006267,P-021,LUCIANA MARIA FERREIRA PEREIRA,,,,0,,,,,,,,,,,,,,,,,,,,
1006268,P-021,ADEMIR ADELINO,,,,0,,,,,,,,,,,,,,,,,,,,
1006269,A-042,Gabriel Fernandes De Barros,70233549137,,,0,,,,,,,,,,,,,,,,,,,,
1006272,o-019,Eduardo Pedro Sobrinho,51546167749,,,0,,,,,,,,,,,,,,,,,,,,
1006273,O-019,MARCIA BATISTA LEITE,29778689172,61  981550036,,0,,,,,,,,,,,,,,,,,,,,
1006278,J-051,Danilo Silva Monteiro,"022035711501",,,0,,,,,,,,,,,,,,,,,,,,
1006286,P-040,Thaynara Cardoso,,,,0,,,,,,,,,,,,,,,,,,,,
1006287,A-076,DANIEL ALMEIDA LEMES,"02339085101",,,0,,,,,,,,,,,,,,,,,,,,
1006288,A-076,DANIELLA ALMEIDA NOGUEIRA QUEIROZ,"01930962185",,,0,,,,,,,,,,,,,,,,,,,,
1006289,A-076,CLEITON QUEIROZ DA SILVA,88491129120,,,0,,,,,,,,,,,,,,,,,,,,
1006290,P-020,DENISE PORTO DA SILVA,61993992172,,,0,,,,,,,,,,,,,,,,,,,,
1006291,P-020,ISABELLE PORTO DA SILVA,"04363037105",,,0,,,,,,,,,,,,,,,,,,,,
1006292,P-020,JESSICA SILVA CASTRO,"06078045130",,,0,,,,,,,,,,,,,,,,,,,,
1006293,j-024,JUCELINA ALVES DA SILVA,19401116172,,,0,,,,,,,,,,,,,,,,,,,,
1006295,P-079,MARCOS AUGUSTO FACIROLI ACOSTA,"04762676845",016  98143 7655,,0,,,,,,,,,,,,,,,,,,,,ALUGUEL
1006296,P-079,JEISE GUIMARAES DE M.MESSIAS,,,,0,,,,,,,,,,,,,,,,,,,,ALUGUEL
1006298,O-067,ELIANA SOUZA,,,,0,,,,,,,,,,,,,,,,,,,,ESPOSA PAI THAIS BO 51
1006299,A-036,EDES OLIVEIRA ROCHA,"03666743153",(11)4365 1188        (11)98178 1070,,0,,,,,,,,,,,,,,,,,,,,
1006301,B-081,Nickolas G. Dem. Custódio,,,,0,,,,,,,,,,,,,,,,,,,,
1006302,B-028,Gean Carlos Fernandes,,,,0,,,,,,,,,,,,,,,,,,,,
1006314,P-037,NELMA DIVINA FERREIRA TORRES,,,,0,,,,,,,,,,,,,,,,,,,,
1006316,P-037,MARIA LUIZ FERREIRA LIMA,10075774170,,,0,,,,,,,,,,,,,,,,,,,,
1006317,o-019,Arthur Leite de Araujo,,,,0,,,,,,,,,,,,,,,,,,,,
1006318,P-037,VITORIA FERNANDES FERREIRA,"04223847120",,,0,,,,,,,,,,,,,,,,,,,,
1006320,O-030,CIBELE RODRIGUES DE MORAES ARAUJO,91529280125,,,0,,,,,,,,,,,,,,,,,,,,
1006322,J-036,Carita Da Veiga Jardim,94134806216,,,0,,,,,,,,,,,,,,,,,,,,
1006323,J-036,MAURALINDA P. ASSUNÇÃO,"09597166100",62 39455283,,0,,,,,,,,,,,,,,,,,,,,
1006324,J-036,ERNESTO DA ROCHA LEÃO,"07519567168",,,0,,,,,,,,,,,,,,,,,,,,
1006325,J-036,KLEBERT DE PAULA MALHEIROS,86885421120,,,0,,,,,,,,,,,,,,,,,,,,
1006326,J-036,EDSON BATISTA GOMES,,,,0,,,,,,,,,,,,,,,,,,,,
1006327,J-036,MARIA SOCORRO DE ALMEIDA,,,,0,,,,,,,,,,,,,,,,,,,,
1006328,J-036,FABIO ROCHA MALHEIROS,791621134191,,,0,,,,,,,,,,,,,,,,,,,,
1006329,J-036,EDNA LEÃO DE ALMEIDA,,,,0,,,,,,,,,,,,,,,,,,,,
1006330,J-036,ERNESTO DA ROCHA LEÃO FILHO,,,,0,,,,,,,,,,,,,,,,,,,,
1006332,A-009,Paulo Roberto R. JR,70696985187,61 991911732,,0,,,,,,,,,,,,,,,,,,,,
1006333,P-030,THIAGO RIBEIRO PIRES,96586001153,,,0,,,,,,,,,,,,,,,,,,,,
1006334,P-030,BENJAMIN DE O.PIRES,,,,0,,,,,,,,,,,,,,,,,,,,
1006335,P-030,FELIPPE RIBEIRO PIRES,,,,0,,,,,,,,,,,,,,,,,,,,
1006336,P-030,LILIAN SILVA ARAUJO,"00272118192",,,0,,,,,,,,,,,,,,,,,,,,
1006337,P-030,JOAO F.ARAUJO PIRES,"06710442144",,,0,,,,,,,,,,,,,,,,,,,,
1006338,P-030,ALLEGRA ARAUJO PIRES,"09217612103",,,0,,,,,,,,,,,,,,,,,,,,
1006340,P-030,DAVI.V RIBEIRO PIRES,"07400341111",,,0,,,,,,,,,,,,,,,,,,,,
1006341,P-030,ARTHUR V. RIBEIRO PIRES,"09503887186",,,0,,,,,,,,,,,,,,,,,,,,
1006344,G-073,CAUA GOMES,,,,0,,,,,,,,,,,,,,,,,,,,
1006345,P-030,JOÃO PIRES PEREIRA,154.961.391-04,62 3243 3477 / : 62 98274 0034,,0,,,joaopires@saneago.com.br,,,,,,,,,,,,,,,,,
1006347,B-019,RAFAEL N.GARCEZ,,,,0,,,,,,,,,,,,,,,,,,,,
1006348,B-019,JULIANA CARDOSO PEREIRA,,,,0,,,,,,,,,,,,,,,,,,,,
1006353,b-032,Rodrigo Pereira,,62981715650,,0,,,,,,,,,,,,,,,,,,,,
1006355,b-032,Julianna Arantes Piccinini Pereira,,,,0,,,,,,,,,,,,,,,,,,,,
1006356,A-069 / 064,ALEX PEREIRA DE AZEVEDO,27653115870,06298198 3357,,0,,,,,,,,,,,,,,,,,,,,
1006359,O-057 / O-36,JOÃO VIEIRA NETTO,52773965868,,,0,,,,,,,,,,,,,,,,,,,,PROPRIETARIO
1006361,A-072,LUCIO AMORIM PEREIRA,25624858825,11 998824555,,0,,,,,,,,,,,,,,,,,,,,
1006363,p-086,Rodrigo Vieira,,,,0,,,,,,,,,,,,,,,,,,,,
1006364,A-048,Ellen Caroline Secco Bastos,025.864.481-89,62 3562 5555 / 62 8622 5545,,0,,,emersoncoordenador@bol.com.br,,,,,,,,,,,,,,,,,
1006369,O-015,EMANUELLE DE ARAUJO,,,LOCATARIO,0,,,,,,,,,,,,,,,,,,,,
1006375,J-026,MARIA LUIA ALVES DE CARVALHO,"00367795124",,,0,,,,,,,,,,,,,,,,,,,,
1006376,a-076,Ricardo Santos de Oliveira,59014512104,,,0,,,,,,,,,,,,,,,,,,,,
1006377,P-012,Eliel Carvalho da Silva Filho,81177917149,61 998020995,,0,,,,,,,,,,,,,,,,,,,,
1006379,J-040 / G-040,Mousa A Nascimento,,,,0,,,,,,,,,,,,,,,,,,,,
1006381,G-069,Rafael Lucas Dos Santos Mota,70190261170,,,0,,,,,,,,,,,,,,,,,,,,
1006382,G-036,Angelica de Cassia Farias Marinho,80427260159,61 992662140,,0,,,angelicafarias@gmail.com,,,,,,,,,,,,,,,,,
1006383,G-036,ARILSON NICACIO NUNES DE FARIAS,49069357100,,,0,,,,,,,,,,,,,,,,,,,,
1006384,G-036,ALEX NICACIONUNES DE FARIAS,80421962100,,,0,,,,,,,,,,,,,,,,,,,,
1006385,G-056,Luís Felipe Siqueira Da Silva,"02877698106",61 992355532,,0,,,,,,,,,,,,,,,,,,,,
1006388,O-046,LAURA RODRIGUES,,,,0,,,,,,,,,,,,,,,,,,,,
1006389,O-093  O-077,Claudia Maia Silva Calaça,556.986.891-72,62 99660-7646,,0,,,,,,,,,,,,,,,,,,,,
1006390,O-046,NATALIA CARVALHO,,,,0,,,,,,,,,,,,,,,,,,,,
1006391,O-046,MARIA TERESA C. BABRAL,,,,0,,,,,,,,,,,,,,,,,,,,
1006392,O-046,LUDIO CABRAL,,,,0,,,,,,,,,,,,,,,,,,,,
1006397,O-007,Mario de Fatima Pereira,191.075.101-44,64 993171389,,0,,,,,,,,,,,,,,,,,,,,
1006398,G-069,CARMELITA DE MARIA SANTOS,411.076.241-34,61 98464 3610 / 61 98464 3610,,0,,,carmelita2015@gmail.com,,,,,,,,,,,,,,,,,
1006412,O-083,ADRIANA DA SILVA RIBEIRO,"06139974178",,,0,,,,,,,,,,,,,,,,,,,,
1006415,G-068,RENATO FERREIRA,46100113600,,,0,,,,,,,,,,,,,,,,,,,,
1006416,G-068,MARIZETE RIBEIRO ALVES FERREIRA,31078389187,,,0,,,,,,,,,,,,,,,,,,,,
1006417,G-068,ROGERIO PEREIRA,,,,0,,,,,,,,,,,,,,,,,,,,
1006418,G-068,ALCINESMARA MAGALHAES MOTA PEREIRA,,,,0,,,,,,,,,,,,,,,,,,,,
1006419,g-068,Rodrigo ALVES FERREIRA,75527480104,64 996238881,,0,,,,,,,,,,,,,,,,,,,,
1006428,J-015,Sérgio M. Pinheiro,262.468.726-20,62 99291-9982,,0,,,,,,,,,,,,,,,,,,,,
1006429,G-054,TEREZINHA  (SOCIO DO SR ANTONIO MELO),,,,0,,,,,,,,,,,,,,,,,,,,PROPRIETARIO
1006430,B-019,MANOEL PEREIRA O. NETO,,,,0,,,,,,,,,,,,,,,,,,,,
1006434,O-036,LUIS A QUEIJA,,,,0,,,,,,,,,,,,,,,,,,,,
1006435,G-054,TELMA DAS GRAÇAS,,,,0,,,,,,,,,,,,,,,,,,,,
1006438,O-036,RAFAEL QUIRINO MOREIRA,"00420009124",,,0,,,,,,,,,,,,,,,,,,,,ALUGUEL
1006439,P-044,Jair Marini,20741294834,64 99610-1121,,0,,,,,,,,,,,,,,,,,,,,
1006442,B-071,Hans-Rudolf Zaugg,707.983.821-55,62  99131 0580 / 62 99270 1201,,0,,,marisabruder@msn.com,,,,,,,,,,,,,,,,,
1006443,b-071,Rayane Pricislla  Scherrer,70483688100,,,0,,,,,,,,,,,,,,,,,,,,
1006444,B-071,Marisete Pereira de Souza,251.564.111-34,62 99131-0580,,0,,,,,,,,,,,,,,,,,,,,
1006445,B-071,REGIANE ALENCAR CABRAL,70439983100,,,0,,,,,,,,,,,,,,,,,,,,
1006446,b-071,Tiko Scherrer,38606398896,,,0,,,,,,,,,,,,,,,,,,,,
1006447,p-082,Waleriano Almeida Moraes,97597791100,62-996115304,,0,,,,,,,,,,,,,,,,,,,,
1006450,O-044,Alaide Pessanha Fonseca,,,,0,,,,,,,,,,,,,,,,,,,,
1006452,O-044,Amanda Louly Bustamante,"03817252196",,,0,,,,,,,,,,,,,,,,,,,,
1006453,O-044,Barbara Jaime Baleiro,70000622150,,,0,,,,,,,,,,,,,,,,,,,,
1006454,O-044,Carolina Peçanha F. Da Costa,"03872005170",,,0,,,,,,,,,,,,,,,,,,,,
1006455,O-044,Givanilton Martins Ferreira,"03374773109",,,0,,,,,,,,,,,,,,,,,,,,
1006459,B-048,Fabiana Karine De S. Santos,90401859134,,,0,,,,,,,,,,,,,,,,,,,,
1006460,A-088,ERIVELTON GONÇALVES FERREIRA,82473549115,,,0,,,,,,,,,,,,,,,,,,,,GENRO
1006461,B-025,Natália Souza Resende,60712236104,61 982184647,,0,,,,,,,,,,,,,,,,,,,,
1006464,B-067,Arthur Pereira Lima,,,,0,,,,,,,,,,,,,,,,,,,,
1006466,O-064,Christian Marra,648.048.441-04,61 99297-5672,,0,,,,,,,,,,,,,,,,,,,,
1006467,O-064,LEILA APARECIDA DE LIMA MARRA,368.812.791-91,61 591 1736,,0,,,christianmarra2005@yahoo.com.br,,,,,,,,,,,,,,,,,
1006469,O-064,MANUELA CEDRO MARRA,"06340829147",,,0,,,,,,,,,,,,,,,,,,,,
1006470,O-064,ESTELA CEDRO MARRA,"09938159109",,,0,,,,,,,,,,,,,,,,,,,,
1006471,O-064,VICTOR BORGES MARRA,"00459620142",,,0,,,,,,,,,,,,,,,,,,,,
1006472,O-064,MARIA CLAUDIA DOS SANTOS LUPIANO,"00606548130",,,0,,,,,,,,,,,,,,,,,,,,
1006473,O-064,IRIS MARTINS MACEDO MARRA,60700173153,,,0,,,,,,,,,,,,,,,,,,,,
1006474,O-064,LUCASPAULINO MARRA,"03908328128",,,0,,,,,,,,,,,,,,,,,,,,
1006475,O-064,LARA COSTA VIANA,"06277781197",,,0,,,,,,,,,,,,,,,,,,,,
1006476,O-064,ANA PAULA PAZ DE LIMA,70850224187,,,0,,,,,,,,,,,,,,,,,,,,
1006477,O-064,LORRANE PAZ DE LIMA MARRA,,,,0,,,,,,,,,,,,,,,,,,,,
1006478,O-064,JOAO PEREIRA MARRA NETO,"06294605156",,,0,,,,,,,,,,,,,,,,,,,,
1006479,O-064,VERONICA MARRA DIAS DE OLIVEIRA,80941257134,,,0,,,,,,,,,,,,,,,,,,,,
1006481,O-064,JOAQUIM MARRA DIAS DE OLIVEIRA,"05885216126",,,0,,,,,,,,,,,,,,,,,,,,
1006482,O-064,ANA CLARA MARRA DIAS DE OLIVEIRA,"07215846164",,,0,,,,,,,,,,,,,,,,,,,,
1006483,O-064,JUDITE ANGELICA DE MACEDO,88817661724,,,0,,,,,,,,,,,,,,,,,,,,
1006484,G-068,VICTORIA MOTA MODESTO FERREIRA,"04277980198",,,0,,,,,,,,,,,,,,,,,,,,
1006485,A-031,JANAINA  BERREDO REIS SOUSA,78968992215,,,0,,,,,,,,,,,,,,,,,,,,DEPENDENTES
1006486,O-072,Ivanilde Braz Cavalcante de Oliveira,35156830110,61 985008962,,0,,,,,,,,,,,,,,,,,,,,
1006487,O-064,Vinicius Marra,504.385.901-63,61-999186144,,0,,,,,,,,,,,,,,,,,,,,
1006490,O-064,JOICE CEDRO BOMFIM MARRA,"00216439147",,,0,,,,,,,,,,,,,,,,,,,,
1006492,O-064,ESTELA CEDRO MARRA,,,,0,,,,,,,,,,,,,,,,,,,,
1006493,J-029,Frederico Raposo de Melo,81182350178,61 995561576,,0,,,,,,,,,,,,,,,,,,,,
1006496,O-093,Gabriel Maia Silva Calaça,"04204180167",62 996077827,,0,,,,,,,,,,,,,,,,,,,,
1006497,A-019,JOSE RODRIGO DA SILVA,"01305131649",,,0,,,,,,,,,,,,,,,,,,,,PROPRIETARIO
1006500,P-028,FELIPE DUTRA C. SILVEIRA,"02493923057",,,0,,,,,,,,,,,,,,,,,,,,
1006501,P-028,DEBORA K. C. SILVEIRA,"02065224040",,,0,,,,,,,,,,,,,,,,,,,,
1006506,A-096,Bruna Luiza Vitorino De Oliveira,"02303325102",62 981115775,,0,,,,,,,,,,,,,,,,,,,,
1006507,A-096,Filipe Alves De Paula,"02728674116",,,0,,,,,,,,,,,,,,,,,,,,
1006508,A-048,MARCOS BOMFIM DA COSTA SILVA,"01639185542",64992121354,,0,,,,,,,,,,,,,,,,,,,,LOCATARIO
1006509,A-005,ALESSANDRA FERREIRA MENDES JITICOVSKI,,,,0,,,,,,,,,,,,,,,,,,,,
1006521,B-089,JOAO VITOR LEMOS LOPES,70142897132,,,0,,,,,,,,,,,,,,,,,,,,
1006527,P-059,Priscila De Souza Cirqueira,,,,0,,,,,,,,,,,,,,,,,,,,
1006534,A-005,FAGNER TARSO OLIVEIRA CYSNEIROS,"06896442484",(81) 99918-3559      OU   (81)99759-5985,,0,,,,,,,,,,,,,,,,,,,,LOCAÇAO
1006539,A-005,WANESSA CYSNEIROS,"07384054427",81 997595985,,0,,,,,,,,,,,,,,,,,,,,LOCAÇAO
1006541,A-042,Juliano Fabrício de barros,78360188149,,,0,,,,,,,,,,,,,,,,,,,,
1006542,A-042,FABRICIO FERNANDES DE BARROS,70233553169,,,0,,,,,,,,,,,,,,,,,,,,
1006543,A-077,Mariana S. Biernacki,723789999100,,,0,,,,,,,,,,,,,,,,,,,,
1006552,b-100,Vinicius Cristino Melo,94064212115,,,0,,,,,,,,,,,,,,,,,,,,
1006554,B-100,Luciene Divina De Oliveira Nunes Melo,94057486100,62 982201238,,0,,,,,,,,,,,,,,,,,,,,
1006555,O-046,ASSIS DOS SANTOS RODRIGUES,26905353191,62 984266862,,0,,,,,,,,,,,,,,,,,,,,PROPRIETARIO
1006556,O-046,JOAO NEVES DA SILVA,13121839187,,,0,,,,,,,,,,,,,,,,,,,,CUNHADO DO PROPRIETARIO
1006557,O-046,IZAUTIMA  SILVA,19417390163,,,0,,,,,,,,,,,,,,,,,,,,IRMA DO PROPRIETARIO
1006559,j-058,Victor Hugo Gomes P. Jesus,,,,0,,,,,,,,,,,,,,,,,,,,
1006560,j-051,ANDREIA RAMOS MONTEIRO CHAVEIRO,"00331456109",67996058367,,0,,,,,,,,,,,,,,,,,,,,
1006563,A-046,Terezinha Costa Sousa De Moraes,210.855.951-53,62 98171-9144,,0,,,smtere@msn.com,,,,,,,,,,,,,,,,,
1006565,A-003,MARIA VITORIA S.PIMENTEL,"05404715189",,,0,,,,,,,,,,,,,,,,,,,,
1006566,A-003,JOAO VITOR S. PIMENTEL,,,,0,,,,,,,,,,,,,,,,,,,,
1006567,B-012,LEVI FERREIRA QUEIROZ,"03812531127",,,0,,,,,,,,,,,,,,,,,,,,
1006568,B-106,Jose Antonio Borges De Resende,161.388.481-87,62 98485 2022,,0,,,j1601@hotmail.com,,,,,,,,,,,,,,,,,
1006572,p-022,lucia Helena,,,,0,,,,,,,,,,,,,,,,,,,,
1006573,p-022,keila Raquel,,,,0,,,,,,,,,,,,,,,,,,,,
1006574,p-022,Glasitania,,,,0,,,,,,,,,,,,,,,,,,,,
1006575,p-022,Norma Celia,,,,0,,,,,,,,,,,,,,,,,,,,
1006576,p-022,Manoel Pires,,,,0,,,,,,,,,,,,,,,,,,,,
1006577,p-022,Aparecida Ramos,,,,0,,,,,,,,,,,,,,,,,,,,
1006578,P-022,NEIDIMAR ALVINA DA SILVA,27646335134,62  994413813,,0,,,neidelinda@hotmail.com,,,,,,,,,,,,,,,,,
1006585,P-010,ROGERIO PEREIRA,"04078948870",,,0,,,,,,,,,,,,,,,,,,,,ALUGUEL
1006586,P-010,GABRIELA SABATINI,,,,0,,,,,,,,,,,,,,,,,,,,ALUGUEL
1006588,A-098,CAROLLINE MARÇAL DE MELO E SOUZA,"04927239152",62 999581996,,0,,,carollinemarcaljpc@gmail.com,,,,,,,,,,,,,,,,,
1006589,G-052,DANIEL FALEIRO SILVA,"03363559127",62 999092127,,0,,,,,,,,,,,,,,,,,,,,
1006593,B-111,IDALICO GOMES DE OLIVEIRA,"04203500125",62 999756546,,0,,,idaliciogomes17@gmail.com,,,,,,,,,,,,,,,,,
1006598,O-074,MARIANA AVELAR TAVARES,70499863135,,,0,,,,,,,,,,,,,,,,,,,,
1006599,O-079,Arthur Alves Ferreira Pantoja,,,,0,,,,,,,,,,,,,,,,,,,,
1006600,O-079,Danyelle Flaviane,,64 99201-6109,,0,,,,,,,,,,,,,,,,,,,,
1006601,O-079,Thiago Ferreira Pantoja,72838850130,64 984306744/ 64 992016109,,0,,,,,,,,,,,,,,,,,,,,
1006602,O-079,Mariana Alves Ferreira Pantoja,,,,0,,,,,,,,,,,,,,,,,,,,
1006604,O-074,RENATA APARECIDA OLIVEIRA ANDRADE,89232054191,62 98442 9604         62 98534  9705,,0,,,,,,,,,,,,,,,,,,,,PROPRIETARIO
1006609,O-074,MARIA DE PAULA DE ANDRADE,46389024134,,,0,,,,,,,,,,,,,,,,,,,,
1006610,O-074,GERALDO CAMPUS DAMASCENO,,,,0,,,,,,,,,,,,,,,,,,,,
1006613,A-056,PATRICK DAVIS SOUZA LIMA,90230612172,,,0,,,,,,,,,,,,,,,,,,,,AUTORIZAÇAO PELA  ELLEN CAROLINE
1006614,O-074,PEDRO PAULO OLIVEIRA ANDRADE,70408257164,,,0,,,,,,,,,,,,,,,,,,,,
1006616,G-055,YSADORA APARECIDA RODRIGUES DA SILVA,71092428119,,,0,,,,,,,,,,,,,,,,,,,,NETA LUCELINA GA 55
1006617,B-112,Euclecio Rabelo de Almeida,613.476.471-04,62 3287-3013,,0,,,,,,,,,,,,,,,,,,,,
1006619,O-074,PAULO CESAR DE ANDRADE,66438233153,,,0,,,,,,,,,,,,,,,,,,,,PROPRIETARIO
1006620,B-072,PEDRO JUAN IWAMOTO DE CASTRO,71159418152,,,0,,,,,,,,,,,,,,,,,,,,
1006621,B-072,RAYANE CANDIDO DE CASTRO ALVES,,,,0,,,,,,,,,,,,,,,,,,,,
1006622,B-072,PRISCILLA RAQUEL ALVES MACEDO,"03889490158",,,0,,,,,,,,,,,,,,,,,,,,
1006624,B-072,DAYANE CANDIDA DE OLIVEIRA,"02511166119",,,0,,,,,,,,,,,,,,,,,,,,
1006625,B-055,Paula Heloisa,,,,0,,,,,,,,,,,,,,,,,,,,
1006629,B-055,THIAGO SANCHES FILHO,"04737634948",,,0,,,,,,,,,,,,,,,,,,,,
1006630,A-076,ANTONIO CARLOS SABBATINI DA SILVA,98451979149,62 981755540,,0,,,,,,,,,,,,,,,,,,,,
1006631,J-046,Thiago Jose Marques da Costa,998.892.931-53,62 99969-0002,,0,,,,,,,,,,,,,,,,,,,,
1006634,G-043,PAULA RIBEIRO CUNHA,"01451245173",62 99814 0386,,0,,,,,,,,,,,,,,,,,,,,PROPRIETARIA
1006635,SUPERVISOR,Jose Mendes,,,,0,,,,,,,,,,,,,,,,,,,,
1006640,B-072,BENJAMIM DIAS DE OLIVEIRA JUNIOR,"01706502192",,,0,,,,,,,,,,,,,,,,,,,,
1006646,G-043,IGOR MOURA SERTANEJO,75331675115,,,0,,,,,,,,,,,,,,,,,,,,PROPRIETARIO
1006649,O-074,LUCAS VAZ PEIXOTO,70049065157,,,0,,,,,,,,,,,,,,,,,,,,
1006650,O-074,BRUNA OLIVEIRA ANDRADE,"0460339415",,,0,,,,,,,,,,,,,,,,,,,,
1006651,P-060,ALOISIO RODRIGUES,071.421.021-87,64 98142 3338 / 64 99998 6299,,0,,,noemigrodrigues@hotmail.com,,,,,,,,,,,,,,,,,
1006654,B-094,Areomar Jesus Rodrigues,"01459994167",62 992195537,,0,,,,,,,,,,,,,,,,,,,,
1006655,J-051,DANIEL TIAGO GEORGE REIS,"00574445102",,,0,,,,,,,,,,,,,,,,,,,,FILHO
1006656,O-074,GERALDO CAMPUS DAMASCENO,,,,0,,,,,,,,,,,,,,,,,,,,
1006662,O-036,GUILHERME LUIS DA ROCHA,"02384625180",,,0,,,,,,,,,,,,,,,,,,,,
1006676,o-027,Gustavo de Sousa Gomes,"04383227112",,,0,,,,,,,,,,,,,,,,,,,,
1006677,o-027,Caio de Sousa Gomes,"07227911195",,,0,,,,,,,,,,,,,,,,,,,,
1006684,B-048,José Elias Junior,85343673187,,,0,,,,,,,,,,,,,,,,,,,,
1006686,B-104,FRANCISCO DE ASSIS CARVALHO,11636424104,(62) 98408 5950,,0,,,,,,,,,,,,,,,,,,,,LOCATARIO
1006688,O-027,MAXIMILIANO NUNES GOMES,88330986153,61  984791611,,0,,,kakamariasousa@gmail.com,,,,,,,,,,,,,,,,,
1006689,O-027,KARINE MARIA DE SOUSA,83887121104,,,0,,,,,,,,,,,,,,,,,,,,
1006690,o-027,Guilherma Nunes,"06299865129",,,0,,,,,,,,,,,,,,,,,,,,
1006691,o-027,Luciana Nunes,"07083979138",,,0,,,,,,,,,,,,,,,,,,,,
1006692,o-027,Fabio N. do Nascimento,85483608134,61  984787927,,0,,,,,,,,,,,,,,,,,,,,
1006694,o-027,Matheus Nunes,"09288681406",,,0,,,,,,,,,,,,,,,,,,,,
1006695,O-087,Eterno Belarmino de Sousa,039.964.681-72,62 99984-7272,,0,,,,,,,,,,,,,,,,,,,,
1006696,MANUTENÇAO,Alex Monteiro Dos Santos,,,,0,,,ti.gilson@hotmail.com,,,,,,,,,,,,,,,,,
1006699,o-074,Maria do Carmo de Andrade,26911264120,,,0,,,,,,,,,,,,,,,,,,,,
1006700,o-074,Elzi A. de Andrade,43511830125,,,0,,,,,,,,,,,,,,,,,,,,
1006702,A-043,Silene Marques Do Couto,72047526191,61 981513618,,0,,,,,,,,,,,,,,,,,,,,
1006716,O-018,Mauro Miguel junior,,64984024818,,0,,,,,,,,,,,,,,,,,,,,
1006724,B-104,OSMARIA SOTERO DE MACEDO CARVALHO,22674080159,,,0,,,,,,,,,,,,,,,,,,,,
1006725,B-104,FRANCISCO DE ASSIS CARVALHO FILHO,96339608191,,,0,,,,,,,,,,,,,,,,,,,,
1006726,B-104,LUCIANA SOTERO M.CARVALHO,71948244268,,,0,,,,,,,,,,,,,,,,,,,,
1006727,B-104,LUANA SOTERO M.CARVALHO,"01525391151",,,0,,,,,,,,,,,,,,,,,,,,
1006728,B-104,CARLOS EDUARDO A. CARVALHO,,,,0,,,,,,,,,,,,,,,,,,,,
1006735,P-002,GEORGES BLACKBRAZOFF,,,,0,,,naraleite1950@gmail.com,,,,,,,,,,,,,,,,,
1006736,p-002,Nara Pereira Leite,20676557872,,,0,,,,,,,,,,,,,,,,,,,,
1006739,p-085,Kleber Nicolau da Costa,,,,0,,,,,,,,,,,,,,,,,,,,
1006740,p-085,Haidee Luiz  da Costa,28984413115,,,0,,,,,,,,,,,,,,,,,,,,
1006745,p-085,Danniel Luiz A. da Costa,21807608158,,,0,,,,,,,,,,,,,,,,,,,,
1006748,A-048,ELAINE CRISTINA SECCO,"07040631822",,,0,,,,,,,,,,,,,,,,,,,,
1006753,P-002,Maisa Leite,"02300646986",47999248485,,0,,,,,,,,,,,,,,,,,,,,
1006754,A-048,EMERSON RM BASTOS,,,,0,,,,,,,,,,,,,,,,,,,,
1006756,g-011,Geny Pereira de Oliveira,22890696120,,,0,,,,,,,,,,,,,,,,,,,,
1006761,G-011,Gean Carlos Pereira de O. Macedo,97676004187,62   985360694    62   981542323,,0,,,geancarlosmacedo@gmail.com,,,,,,,,,,,,,,,,,
1006764,B-088,SERGIO PALMERSTON VIEIRA DE OLIVEIRA,"04204583105",62 981386530,,0,,,,,,,,,,,,,,,,,,,,
1006765,B-088,BIANCA GONZAGA DOS SANTOS,"03000962166",64 992767632,,0,,,,,,,,,,,,,,,,,,,,
1006770,g-011,Vander Alves dos Reis,"03820011170",,,0,,,,,,,,,,,,,,,,,,,,
1006774,,TESTE,,,,0,,,,,,,,,,,,,,,,,,,,
1006776,P-091,ERALDO ALVES BARBOSA,243.993.611-15,61 3562 5389 / 61 3314 8237 / 64 3453 8488,,0,,,eraldoab@gmail.com,,,,,,,,,,,,,,,,,
1006784,B-031,ROSALINA DE ALMEIDA VIEIRA,88928624134,62982815104,,0,,,,,,,,,,,,,,,,,,,,
1006786,o-027,Marcela Nunes,95253238115,,,0,,,,,,,,,,,,,,,,,,,,
1006787,J-024,Lorena Rebouças Fernandes de Lima,70496323172,62 99979-3395,,0,,,,,,,,,,,,,,,,,,,,
1006788,B-039,JESSICA SAYURI PEREIRA FUZINAGA,"03326103140",64996104179,,0,,,,,,,,,,,,,,,,,,,,ESPOSA DO JOBER
1006791,P-059,Rozieny Cirqueira Souza,61094609153,61985691116,,0,,,,,,,,,,,,,,,,,,,,
1006793,A-063,SOMENTE COM AUTORIZAÇÃO,,,,0,,,,,,,,,,,,,,,,,,,,
1006794,G-070,Vladimir Silva Vieira Junior,"03245163126",62 99268-4586,,0,,,,,,,,,,,,,,,,,,,,
1006797,A-031,JOSE HENRIQUE BERRETO REIS  NETO,63221381204,,,0,,,,,,,,,,,,,,,,,,,,DEPENDENTES
1006799,A-031,PALOMA CHRISPIM BERREDO REIS,65608615204,,,0,,,,,,,,,,,,,,,,,,,,DEPENDENTES
1006800,A-031,MARIA HELENA ALMEIDA DE BERREDO RREIS,"01866968254",,,0,,,,,,,,,,,,,,,,,,,,DEPENDENTES
1006802,G-050,Simone Silva Fagundes Magalhes,370.142.421-72,62 98222-9555,,0,,,,,,,,,,,,,,,,,,,,
1006804,P-013,Jair Mendonça Pereira,"09993622249",92 36510301 / 92 991264819,proprietario,0,,,,,,,,,,,,,,,,,,,,
1006805,p-085,Deborah Luiz Alves da Costa,"01807606104",,,0,,,,,,,,,,,,,,,,,,,,
1006806,O-097,Pedro Henrique Ferreira da Cunha,"05000245105",61 993938709,,0,,,,,,,,,,,,,,,,,,,,
1006809,o-019,Cristiano de Araujo Gouvea,"04738737104",,,0,,,,,,,,,,,,,,,,,,,,
1006811,A-031,HENRIQUE ALMEIDA BERREDO,"01866847201",,,0,,,,,,,,,,,,,,,,,,,,DEPENDENTES
1006813,J-024,JOAO FERREIRA DE LIMA FILHO,,,,0,,,,,,,,,,,,,,,,,,,,
1006820,G-057,CLEIDE RIBEIRO DA SILVA,,,,0,,,,,,,,,,,,,,,,,,,,
1006822,G-057,JOSE GOMES DOS SANTOS,24697940130,,,0,,,,,,,,,,,,,,,,,,,,
1006824,G-043,MAURA RIBEIRO LOURENÇO,27011348115,,,0,,,,,,,,,,,,,,,,,,,,
1006826,P-085,NEIDE LUIZ DA COSTA,24022864191,61   995571480,,0,,,,,,,,,,,,,,,,,,,,
1006831,p-085,Neire Luiz Matos,24770612168,,,0,,,,,,,,,,,,,,,,,,,,
1006832,p-085,Neilton Luiz Silva,15152105168,,,0,,,,,,,,,,,,,,,,,,,,
1006833,O-072,ROSANGELA RODRIGUES DE OLIVEIRA CORREIA,64757200110,61 998338138,,0,,,,,,,,,,,,,,,,,,,,
1006839,G-005,CECILIA CALDEIIRA DOS SANTOS,19594623187,,,0,,,,,,,,,,,,,,,,,,,,
1006842,G-005,JANETE DE ALMEIDA CARVALHO,,,,0,,,,,,,,,,,,,,,,,,,,MAE DO PROPRIETARIO  ANDRE
1006843,B-039,Henrique F. Rebouças De Souza,,,,0,,,,,,,,,,,,,,,,,,,,
1006844,P-008,Sonia Costa e Silva,592.338,261-04,61 99963-6603,,0,,,,,,,,,,,,,,,,,,,,
1006847,p-069,Guilherme A. Gomes,34332830544,,,0,,,,,,,,,,,,,,,,,,,,
1006848,P-043,CARLOS ANTONIO SILVESTRE,328.366.431-53,61 3427 3361 / 61 99289 5810,,0,,,silvestre@stm.gov.br,,,,,,,,,,,,,,,,,
1006849,P-043,Durcelina Luciano Silvestre,10183469100,61 995577382,,0,,,,,,,,,,,,,,,,,,,,
1006850,O-047,Jeferson Sousa Silva,,,,0,,,,,,,,,,,,,,,,,,,,
1006851,O-047,Edelzuita Alves Da Silva,36674303100,64 99200 1952         64 98417 1740,,0,,,,,,,,,,,,,,,,,,,,PROPRIETARIA
1006855,P-028,IVA DE DEUS,34320520149,,,0,,,,,,,,,,,,,,,,,,,,LOCATARIO  (DEA FALCÃO)
1006856,P-028,VAUDER MENDONÇA,,,,0,,,,,,,,,,,,,,,,,,,,LOCATARIO  (DEA FALCÃO)
1006857,P-028,DIULIA DE DEUS,,,,0,,,,,,,,,,,,,,,,,,,,LOCATARIO  (DEA FALCÃO)
1006858,P-028,ALANY DE DEUS,,,,0,,,,,,,,,,,,,,,,,,,,LOCATARIO  (DEA FALCÃO)
1006863,B-072 B-003,Raul De Castro,493.770.601-25,62 99146 2328  62 99228 5402,,0,,,,,,,,,,,,,,,,,,,,
1006867,B-003,SARAH CASTRO LEMES,"05166175166",,,0,,,,,,,,,,,,,,,,,,,,
1006868,B-003,CARLOS EDUARDO CASTRO LEMES,"05166173112",,,0,,,,,,,,,,,,,,,,,,,,
1006870,O-081,FLAVIO QUEIROZ AFONSO,53978722100,,,0,,,,,,,,,,,,,,,,,,,,
1006873,B-003,CARLOS AFONSO TEXEIRA E SILVA,13059920168,,,0,,,,,,,,,,,,,,,,,,,,
1006875,B-003,ELIANE DE CASTRO ALVES,40236684191,,,0,,,,,,,,,,,,,,,,,,,,
1006876,o-056,Silvia Isaac Dutra,52698408120,62 991153961,,0,,,,,,,,,,,,,,,,,,,,
1006877,o-056,Giovanna Isaac Dutra,,62 992158859,,0,,,,,,,,,,,,,,,,,,,,
1006878,o-056,Luana Isaac Dutra,,62 994475618,,0,,,,,,,,,,,,,,,,,,,,
1006879,o-056,Andre Isaac Dutra,76568989134,62 999593115,,0,,,,,,,,,,,,,,,,,,,,
1006880,o-056,Telma Fernandes Dutra,57594465172,62981290720,,0,,,,,,,,,,,,,,,,,,,,
1006881,o-056,Julia Fernandes Dutra,,62993999712,,0,,,,,,,,,,,,,,,,,,,,
1006882,o-056,Bruna Dutra Fernandes,,62 981665546,,0,,,,,,,,,,,,,,,,,,,,
1006884,o-056,Terezinha Isaac Dutra(  mãe  ),46360530104,62 991439203,,0,,,,,,,,,,,,,,,,,,,,
1006886,o-056,Arlene Issac Dutra,38719894104,62999744136,,0,,,,,,,,,,,,,,,,,,,,
1006888,o-056,Louise Dutra Madureira,,62 998054244,,0,,,,,,,,,,,,,,,,,,,,
1006889,o-056,Lucas Dutra Madureira,,62 999205002,,0,,,,,,,,,,,,,,,,,,,,
1006893,o-056,Mateus Dutra Elias Pessoa,,,,0,,,,,,,,,,,,,,,,,,,,
1006894,o-056,Carolina Dutra Elias,"00437302130",62 984216592,,0,,,,,,,,,,,,,,,,,,,,
1006896,o-056,João Guilherme Dutra Marques,,,,0,,,,,,,,,,,,,,,,,,,,
1006897,o-056,Marina Dutra Marques,,,,0,,,,,,,,,,,,,,,,,,,,
1006898,o-056,Flori da Costa Madureira Junior,31059961172,62 999742702,,0,,,,,,,,,,,,,,,,,,,,
1006899,o-56,Renata Fernanda Dutra,,62 981142958,,0,,,,,,,,,,,,,,,,,,,,
1006907,B-096,MARILUSA F. SAMPAIO,,,,0,,,,,,,,,,,,,,,,,,,,
1006908,B-096,VIVIANE F. SAMPAIO,,,,0,,,,,,,,,,,,,,,,,,,,
1006909,B-096,PATRICIA F. SAMPAIO,,,,0,,,,,,,,,,,,,,,,,,,,
1006910,B-096,DAVIS CARIA,,,,0,,,,,,,,,,,,,,,,,,,,
1006911,B-096,BIANOR BARBARA,,,,0,,,,,,,,,,,,,,,,,,,,
1006912,j-012,Darlene Rodrigues de Lacerda,"00416494196",61 991484624,,0,,,lacerda2119@gmail.com,,,,,,,,,,,,,,,,,
1006913,j-012,Jesler Wagner,,,,0,,,,,,,,,,,,,,,,,,,,
1006915,b-001,Marilia Oliveira Ferreira da Cunha,41022436134,,,0,,,,,,,,,,,,,,,,,,,,
1006918,b-001,Luis Gustavo Prado da Cunha,11838382127,,,0,,,,,,,,,,,,,,,,,,,,
1006919,b-001,João Luiz de Queiroz,21154325172,,,0,,,,,,,,,,,,,,,,,,,,
1006920,b-001,Nuria Alves do Prado,,,,0,,,,,,,,,,,,,,,,,,,,
1006921,j-012,Erick Lacerda,,,,0,,,,,,,,,,,,,,,,,,,,
1006922,j-012,Ilda maria,,,,0,,,,,,,,,,,,,,,,,,,,
1006923,j-012,José Lacerda,,,,0,,,,,,,,,,,,,,,,,,,,
1006926,B-096,JOAO FRANCISO SAMPAIO,"09055070106",64 99293 9415,,0,,,,,,,,,,,,,,,,,,,,PROPRIETARIO
1006927,B-096,MARIA LUCIA FREIRE SAMPAIO,51060604191,,,0,,,,,,,,,,,,,,,,,,,,PROPRIETARIO
1006940,B-086,Beatris Pires Porto,,,,0,,,,,,,,,,,,,,,,,,,,
1006941,,Maria Eduarda Pires Porto,,,,0,,,,,,,,,,,,,,,,,,,,
1006942,B-086,Isabela Porto Santos,,,,0,,,,,,,,,,,,,,,,,,,,
1006943,B-086,Maria Eduarda Pires Porto,,,,0,,,,,,,,,,,,,,,,,,,,
1006944,B-086,Mariazinha Rocha Alves,,,,0,,,,,,,,,,,,,,,,,,,,
1006948,B-096,JULIANO F.SAMPAIO,,,,0,,,,,,,,,,,,,,,,,,,,
1006949,B-096,ALBERTINO RODRIGUES,,,,0,,,,,,,,,,,,,,,,,,,,
1006950,B-096,ALESSANDRA S. RODRIGUES,,,,0,,,,,,,,,,,,,,,,,,,,
1006951,B-096,LETICIA S .RODRIGUES,,,,0,,,,,,,,,,,,,,,,,,,,
1006961,A-099,LAILA RIBEIRA FARIA,90415086191,64991777704,,0,,,,,,,,,,,,,,,,,,,,
1006963,A-099,ROSA HELENA DA SILVA,,,,0,,,,,,,,,,,,,,,,,,,,
1006964,A-099,DAVI RIBEIRO NEVES DE FARIA,"06758279146",,,0,,,,,,,,,,,,,,,,,,,,FILHO DA SENHORA LAILA
1006970,P-028,VANESSA DE DEUS,73071293100,61 99813 7090,,0,,,,,,,,,,,,,,,,,,,,LOCATARIO  (DEA FALCÃO)
1006974,j-054,Maria Lial,"09775167337",,,0,,,,,,,,,,,,,,,,,,,,
1006975,j-054,Pietro Pantaleão,10395287162,,,0,,,,,,,,,,,,,,,,,,,,
1006976,j-054,Adriana Cavalcante Pantaleão,43981399153,,,0,,,,,,,,,,,,,,,,,,,,
1006978,J-054,ALFREDO PANTALEÃO A. JR,19471084172,62  982800081,,0,,,,,,,,,,,,,,,,,,,,
1006981,A-089,Taynara Cristine Veloso Viana da Silva,004.390.111-59,62 98482-6107,,0,,,,,,,,,,,,,,,,,,,,
1006984,g-058,Maria Joselia Alves Miranda,55201229115,,,0,,,,,,,,,,,,,,,,,,,,
1006985,P-093,Gabriel Marques Do Nascimento,"05139645173",,,0,,,,,,,,,,,,,,,,,,,,
1006986,P-047,Alexandre Barros Verissimo,710.661.281-20,61 98143-6768,,0,,,,,,,,,,,,,,,,,,,,
1006987,A-050,Adamo Monteiro Neves,"00975835106",62 98563-1879,,0,,,,,,,,,,,,,,,,,,,,
1006988,P-090,Taciana Rodrigues da Silva Matzick,"00666060126",61 982142090,,0,,,,,,,,,,,,,,,,,,,,
1006989,J-019,VIVIANE ALZIRA FERREIRA  PEREIRA,78069866187,61 991786845,,0,,,,,,,,,,,,,,,,,,,,
1006990,J-019,INACIO A. T.NEVES,61879720663,61 981598000,,0,,,,,,,,,,,,,,,,,,,,
1006993,p-076,Flavia de  Oliveira Gontijo,93833504113,,,0,,,,,,,,,,,,,,,,,,,,
1007001,J-010,MARIANA ISAURA DE LIMA,,62 98419 5725,,0,,,,,,,,,,,,,,,,,,,,
1007003,O-078,ALEXANDRE DE CARVALHO MELLO,,,,0,,,,,,,,,,,,,,,,,,,,
1007005,O-078,JALLES VALLE DE MELLO,,,,0,,,,,,,,,,,,,,,,,,,,
1007006,O-078,MARY ANUNCIAÇAO DE CARVALHO MELLO,,,,0,,,,,,,,,,,,,,,,,,,,
1007007,O-078,LEONARDO DE ARAUJO SILVA,71529292115,,,0,,,,,,,,,,,,,,,,,,,,
1007008,O-015,Janaína Donatoni Alves,119.981.288-90,62 99145-3291,,0,,,,,,,,,,,,,,,,,,,,
1007009,O-024,DARCI MARIA DE FATIMA OKAMOTO,117.557.171-72,62999779350,,0,,,max.okamoto@gmail.com,,,,,,,,,,,,,,,,,
1007010,O-024,Nelson Okamoto,"02160315168",62 999750246,,0,,,,,,,,,,,,,,,,,,,,
1007012,j-054,Caio Pantaleão,"06958854136",,,0,,,,,,,,,,,,,,,,,,,,
1007013,J-017,CLEO BERNARDO ANTUNES,"08778022894",11991215663,,0,,,,,,,,,,,,,,,,,,,,
1007014,J-003,ENZO VIEIRA CARNEIRO,"06589594171",,,0,,,,,,,,,,,,,,,,,,,,
1007015,B-045,Alessandra Fátima Teles,642.691.751-68,64 99272-6434,,0,,,,,,,,,,,,,,,,,,,,
1007016,01/04/2025,Anna Maria Knause,,(51)999857971,,0,,,,,,,,,,,,,,,,,,,,
1007018,P-079,LESLIE GUIMARAES DE MORAES FACIROLI,79117880149,11 9951136353,,0,,,,,,,,,,,,,,,,,,,,
1007019,P-014,PAULO SERGIO KRAUSE,"00792772091",51 998579710,,0,,,,,,,,,,,,,,,,,,,,
1007020,P-014,ANA MARIA PETERSON KRAUSE,25470833020,,,0,,,,,,,,,,,,,,,,,,,,
1007024,G-049,Edinaldo Felix Araujo,,64 99281-2135,,0,,,,,,,,,,,,,,,,,,,,
1007025,A-078,HAYNE BAETA,"03219753167",,,0,,,,,,,,,,,,,,,,,,,,
1007028,A-078,MAYUNI OTARI,"03694377131",,,0,,,,,,,,,,,,,,,,,,,,
1007029,A-078,MITSUGU OTANI,"05542260810",,,0,,,,,,,,,,,,,,,,,,,,
1007032,P-059,RODRIGO CIRQUEIRA DE SOUZA AGRA MARAPODI,"06328042116",61 986066977,,0,,,,,,,,,,,,,,,,,,,,
1007033,B-035,THAIANNY PANIAGO,"04264785170",,,0,,,,,,,,,,,,,,,,,,,,
1007039,P-028,CAROLINE TOMAZ,,,,0,,,,,,,,,,,,,,,,,,,,
1007040,P-028,DIEGO DE DEUS,,,,0,,,,,,,,,,,,,,,,,,,,
1007041,P-028,NATHALIA LIRA,,,,0,,,,,,,,,,,,,,,,,,,,
1007042,P-028,IGOR DE DEUS,,,,0,,,,,,,,,,,,,,,,,,,,
1007043,A-078,CRISTIANY DO CARMO BAETA,26642433149,61 992132147,,0,,,,,,,,,,,,,,,,,,,,
1007044,A-100,SIZENANDO MARTINS CARNEIRO,"00298522187",62 99686 0990,,0,,,,,,,,,,,,,,,,,,,,PROPRIETARIO
1007047,B-071,DANILO EMANUEL T. BORGES,71506885195,,,0,,,,,,,,,,,,,,,,,,,,
1007055,J-049,BEATRIZ COSTA GONÇALVES DA SILVA,"00749522933",,,0,,,,,,,,,,,,,,,,,,,,LOCAÇAO
1007056,B-071,ERICA FERNANDA TEIXEIRA SANTOS,71631160125,,,0,,,,,,,,,,,,,,,,,,,,
1007057,B-071,ALAOR FELIX FERREIRA FILHO,44095066172,,,0,,,,,,,,,,,,,,,,,,,,
1007058,B-039,João Paulo Rebouças De Moraes,95995030159,,,0,,,,,,,,,,,,,,,,,,,,
1007060,p-085,Dayane  Luiz Lopes,49065258187,,,0,,,,,,,,,,,,,,,,,,,,
1007062,J-049,URANILDO GONÇALVES DA SILVA,,,,0,,,,,,,,,,,,,,,,,,,,LOCAÇAO
1007063,P-010,EDUARDO SABATINE,"04612210123",64992115790,morador,0,,,,,,,,,,,,,,,,,,,,(ALUGUEL DEA FALCÃO
1007065,B-093,Telma Cristina Sabatine,,,,0,,,,,,,,,,,,,,,,,,,,
1007083,J-051,MARILIA MONTEIRO DE CASTRO,28596668187,62 99495 9361,,0,,,,,,,,,,,,,,,,,,,,
1007084,o-0074,Maria José de Andrade,,,,0,,,,,,,,,,,,,,,,,,,,
1007101,p-076,Luana Gontijo Assis,"05650830157",,,0,,,,,,,,,,,,,,,,,,,,
1007102,p-076,Pedro R. F. Ferreira,"06925121167",,,0,,,,,,,,,,,,,,,,,,,,
1007103,o-027,Gabriel Covolo Santana,"03677080193",,,0,,,,,,,,,,,,,,,,,,,,
1007113,J-012,MARLY PEREIRA MATOS / inquilina,24578509168,61 99988 6255,,0,,,,,,,,,,,,,,,,,,,,LOCAÇAO DEIA
1007114,j-012,Lillian Christina Matos / inquilina,"03597108164",,,0,,,,,,,,,,,,,,,,,,,,
1007115,j-012,Leyda Maria Matos / inquilina,"03247154124",,,0,,,,,,,,,,,,,,,,,,,,
1007116,j-012,Fernando Farias dos Santos / inquilino,,61   9998886255,,0,,,,,,,,,,,,,,,,,,,,
1007117,j-012,Danilo Mauricio da Silva / inquilino,"03247156171",,,0,,,,,,,,,,,,,,,,,,,,
1007118,P-037,Alliny Ferreira Torres,99913054168,62 98441-2161,,0,,,,,,,,,,,,,,,,,,,,
1007120,G-063,Magda Aparecida Paes / INQUILINA,15154217837,,,0,,,,,,,,,,,,,,,,,,,,
1007121,G-063,Victor Fernando Sousa de Lima / inquilino,,11 982607887,,0,,,,,,,,,,,,,,,,,,,,ALUGUEL
1007122,G-063,Larissa Paes / inquilina,70866820124,11 982607887       64992823955,,0,,,,,,,,,,,,,,,,,,,,
1007126,p-033,Marcos Gonçalves Amorim,,,,0,,,,,,,,,,,,,,,,,,,,
1007127,p-033,Maria Veneri da Silva Amorim,,,,0,,,,,,,,,,,,,,,,,,,,
1007128,p-033,Brigida T. da Silva Amorim,,,,0,,,,,,,,,,,,,,,,,,,,
1007129,p-033,Joedson Jose do Carmo,,,,0,,,,,,,,,,,,,,,,,,,,
1007130,p-033,Silvana Regina Leme do Carmo,,,,0,,,,,,,,,,,,,,,,,,,,
1007131,p-033,Morgana Leme Lopes,,,,0,,,,,,,,,,,,,,,,,,,,
1007133,P-033,FELIPE DA SILVA AMORIM ( proprietário),"03994812143",62  982163020,,0,,,lipe_amorim@hotmail.com,,,,,,,,,,,,,,,,,
1007134,p-033,Amanda C. Leme do Carmo Amorim,"03207448178",,,0,,,,,,,,,,,,,,,,,,,,
1007135,J-051,Milton Monteiro de Castro,32378467168,62996033582,,0,,,miltonmonteirodecastro@gmail.com,,,,,,,,,,,,,,,,,
1007136,P-033,GUSTAVO HENRIQUE OLIVEIRA SILVA,"04652948123",,,0,,,,,,,,,,,,,,,,,,,,FELIPE AMORIM LIBEROU ESSE ENGENHEIRO TODA VEZ QUE VIER (VIA ZAP ADM CIENTE )
1007137,b-021,Lenir Santos Ferreira,"00052359107",,,0,,,,,,,,,,,,,,,,,,,,
1007138,B-112,Edson Lima da Silva,77047141120,61981094193,,0,,,,,,,,,,,,,,,,,,,,
1007139,B-112,Poliane Almeida Nascimento Lima,70963150120,,,0,,,,,,,,,,,,,,,,,,,,
1007140,B-112,Thiago Almeida N. Lima,,,,0,,,,,,,,,,,,,,,,,,,,
1007141,B-112,Isabel Almeida N. Lima,,,,0,,,,,,,,,,,,,,,,,,,,
1007143,G-063,Carlos Fernando V. Paes / INQUILINO,12691187810,,,0,,,,,,,,,,,,,,,,,,,,
1007144,o-062,Ana Paula C. Nunes,90941942104,,,0,,,,,,,,,,,,,,,,,,,,
1007148,G-040,VITOR ARANTES DE OLIVERA,"03299153129",64 981481849,,0,,,,,,,,,,,,,,,,,,,,
1007149,g-073,Gregory Franchesko dos Santos,43309818829,,,0,,,,,,,,,,,,,,,,,,,,
1007153,G-061,Arthur Dos Reis Brum Ribeiro,70519643135,,,0,,,,,,,,,,,,,,,,,,,,NETO
1007154,a-074,Rafael Gonçalves,,,,0,,,,,,,,,,,,,,,,,,,,
1007155,A-074,AUGUSTO GONÇALVES,,,,0,,,,,,,,,,,,,,,,,,,,
1007156,A-074,PAULO VICTOR  PERCIOLI,,,,0,,,,,,,,,,,,,,,,,,,,
1007157,a-074,Maria Elaine,,,,0,,,,,,,,,,,,,,,,,,,,
1007160,O-064,WELBY DIAS DE OLIVEIRA,40101819153,,,0,,,,,,,,,,,,,,,,,,,,
1007162,O-054,RENY GONÇALVES DA SILVA,25927507620,61999741610,,0,,,,,,,,,,,,,,,,,,,,SR RENY E PROCURADOR O 054
1007164,O-088,HELIO MARCOS NEIVA,"09670700159",61  999812881,,0,,,,,,,,,,,,,,,,,,,,
1007167,o-088,Marcio Nunes de Souza,38603683115,,,0,,,,,,,,,,,,,,,,,,,,
1007168,o-088,Cledimara Darc Neiva Nunes,60654287104,,,0,,,,,,,,,,,,,,,,,,,,
1007169,B-091,MARIA DAS GRAÇAS PEREIRA BARCELOS,80591086115,,,0,,,,,,,,,,,,,,,,,,,,
1007170,o-088,Raissa Mara Neira Nunes,,,,0,,,,,,,,,,,,,,,,,,,,
1007175,o-056,Guilherme Marques de Souza,98359622191,62 982173333,,0,,,,,,,,,,,,,,,,,,,,
1007176,J-049,RAPHAEL,,,,0,,,,,,,,,,,,,,,,,,,,
1007177,J-049,VALENTINA,,,,0,,,,,,,,,,,,,,,,,,,,
1007178,J-049,IRACI COSTA,,,,0,,,,,,,,,,,,,,,,,,,,
1007179,B-036,Rafaella Oliveira Lopes,037.151.141-00,62 98558-8884,,0,,,,,,,,,,,,,,,,,,,,
1007183,B-085,Joana Darc Caixeta Lins,27386813104,,,0,,,,,,,,,,,,,,,,,,,,
1007184,G-051,Aluízio Schliewe De Matos,047.183.561-72,64 3455 5839,,0,,,,,,,,,,,,,,,,,,,,
1007185,G-051,Delza Henriqueta Silva Matos,,,,0,,,,,,,,,,,,,,,,,,,,
1007186,G-051,Marcelo Silva Schliewe,54852668191,62 999779247,,0,,,,,,,,,,,,,,,,,,,,
1007187,G-051,Marlon Silva Schliewe,,,,0,,,,,,,,,,,,,,,,,,,,
1007188,G-053,Thiago de Moura Braida,"01259515150",61992996336,(inquilino),0,,,,,,,,,,,,,,,,,,,,
1007189,G-053,Mariane de Bessa de Paiva,69295468104,61981128688,(inquilino),0,,,marianebp@gmail.com,,,,,,,,,,,,,,,,,
1007190,G-051,wiltom rogeres rocha,"01255571675",,,0,,,,,,,,,,,,,,,,,,,,
1007191,G-051,Vanda Hororina Rocha,46070001672,,,0,,,,,,,,,,,,,,,,,,,,
1007195,B-054,Antonio Cavalcante Miranda Junior,70188820100,62 98555-9014,,0,,,,,,,,,,,,,,,,,,,,
1007196,p-074,Gilson Moreira da Silva,30850215157,,,0,,,,,,,,,,,,,,,,,,,,
1007203,G-076,Flavia Catarina Alves  Viali,87130041668,034 99874-0412,,0,,,,,,,,,,,,,,,,,,,,
1007204,A-079,Mirialane Jorge Fernandes,51010607120,,,0,,,,,,,,,,,,,,,,,,,,
1007208,B-066,JANE RIBEIRO DA SILVA,26520265187,62  999916351,,0,,,,,,,,,,,,,,,,,,,,
1007209,b-066,Jose Gomes dos Santos,,,,0,,,,,,,,,,,,,,,,,,,,
1007211,b-066,Cinthya de Sousa Freire Gomes,"01638001111",,,0,,,,,,,,,,,,,,,,,,,,
1007212,b-066,Kleison Gomes Ribeiro da Silva,72734850125,,,0,,,,,,,,,,,,,,,,,,,,
1007213,b-066,Marcia Cristina Machado Ferreira Gomes,"00500777160",,,0,,,,,,,,,,,,,,,,,,,,
1007214,B-114,HELTON JOSE ROCHA DA SILVA,26523374831,11  989582794,,0,,,,,,,,,,,,,,,,,,,,
1007215,b-114,Ezequias Irineu Rocha Silva,15837485635,,,0,,,,,,,,,,,,,,,,,,,,
1007216,b-114,Rania Ester Rocha da Silva,"01876982608",,,0,,,,,,,,,,,,,,,,,,,,
1007217,b-114,Tales Eduardo Rocha da Silva,"01876406693",,,0,,,,,,,,,,,,,,,,,,,,
1007218,b-114,Cintia Cristina de Paula,54801621104,,,0,,,,,,,,,,,,,,,,,,,,
1007222,G-076,ISABELA DE SOUZA DONHA (FILHA),"04485739112",34 988552348,,0,,,,,,,,,,,,,,,,,,,,
1007224,a-027,Eliseu Locenzi Neto,67556922804,64 99902 5563,,0,,,,,,,,,,,,,,,,,,,,
1007226,a-027,Maria dos Reis Pereira,,11  992153105,,0,,,,,,,,,,,,,,,,,,,,
1007228,b-001,Gustavo Oliveira Ferreira da Cunha,"0693699192",62998005045,,0,,,,,,,,,,,,,,,,,,,,
1007229,b-001,Alice do Prado Queiroz,71011111191,,,0,,,,,,,,,,,,,,,,,,,,
1007233,o-062,Maria de Jesus Coimbra Gomes,,,,0,,,,,,,,,,,,,,,,,,,,
1007236,J-019,Luiza Maria Ferreira Pereira,258.108.041-87,61 3584 1884 / 61 9973 5159,,0,,,,,,,,,,,,,,,,,,,,
1007237,J-019,Eustaquio Antonio Pereira,023.708.751-00,61 99285-5747,,0,,,,,,,,,,,,,,,,,,,,
1007238,G-071,ALEX DE SOUZA MEDEIROS,,,,0,,,,,,,,,,,,,,,,,,,,
1007241,A-099,FABIANO LOPES CARVALHO,78921481168,,,0,,,,,,,,,,,,,,,,,,,,
1007244,B-052,ADRIANO JORGE DA SILVA,71783970120,,,0,,,,,,,,,,,,,,,,,,,,
1007245,A-035,Marcelo Borges De Melo,346.953.541-87,62 984415367,,0,,,marcelo.bmelo@hotmail.com,,,,,,,,,,,,,,,,,
1007250,B-063,ISAIAS JACINTO MESQUITA,48615129134,,,0,,,,,,,,,,,,,,,,,,,,
1007251,B-063,DAYANE CRISTINA DE SOUZA,33424922870,,,0,,,,,,,,,,,,,,,,,,,,PROPRIETARIO
1007252,P-051,Cleiva C. A. Baldoino,,64 992145032,,0,,,,,,,,,,,,,,,,,,,,Locataria
1007253,G-022,LUANNA REIS BATISTA DE GODOI,,,,0,,,,,,,,,,,,,,,,,,,,FILHA DA SENHORA VANESSA
1007256,B-063,LUIZ CARLOS MESQUITA,36350117115,,,0,,,,,,,,,,,,,,,,,,,,PROPRIETARIO
1007257,o-062,Marisete Cavalcante Gomes,40078485134,,,0,,,,,,,,,,,,,,,,,,,,
1007260,B-021 P-029,Ana maria rodrigues de Sousa,"03140326149",,,0,,,,,,,,,,,,,,,,,,,,
1007261,b-021 P-029,Paulo Roberto  Neves de Souza,,62  999380129,,0,,,,,,,,,,,,,,,,,,,,
1007262,p-085,ozly kleyton oliveira siqueira,"07230398444",61982010227,,0,,,ozzlly@hotmail.com,ozzlly@hotmail.com,,,,,,,,,,,,,,,,
1007264,P-046,SULAMITA RODRIGUES DA SILVA,,,,0,,,,,,,,,,,,,,,,,,,,
1007265,O-068,Fabiana Craveiro Silva Ferraz,79161936120,62 981864800,,0,,,nanaferraz@hotmail.com,,,,,,,,,,,,,,,,,
1007267,P-046,SAMARA THAYNNA ARAUJO,"01622032179",,,0,,,,,,,,,,,,,,,,,,,,
1007268,A-079,PEDRO FELIPE DE PAULA OLIVEIRA,,,,0,,,,,,,,,,,,,,,,,,,,
1007269,A-079,ANA LUIZ JORGE FERNANDES,,,,0,,,,,,,,,,,,,,,,,,,,
1007270,B-055,PATRICIA MICHELLI MARTINS SANTANA,82402540982,62 981439090,,0,,,,,,,,,,,,,,,,,,,,
1007271,b-055,Jordana Arcanjo,,,,0,,,,,,,,,,,,,,,,,,,,
1007272,b-055,Rodrigo Bruno,,,,0,,,,,,,,,,,,,,,,,,,,
1007273,b-085,Lelis Dias Parreira,,62982720166,,0,,,,,,,,,,,,,,,,,,,,
1007274,b-085,Luiza Caixeta Parreira,,,,0,,,,,,,,,,,,,,,,,,,,
1007275,B-085,Lelis Dias Parreira,78349672668,62 98272-0166,,0,,,,,,,,,,,,,,,,,,,,
1007276,P-072,Ivandenberg Duraes Oliveira,558.048.451-87,62-9942 5844,,0,,,,,,,,,,,,,,,,,,,,
1007277,O-007,LUDMILA ROSA M.PINHEIRO,7318565198,,,0,,,,,,,,,,,,,,,,,,,,
1007278,P-064,KARINA MIDORI SATO,,11  992199854,,0,,,,sato_karina@yahoo.com.br,,,,,,,,,,,,,,,,
1007279,P-064,TAMIKO YANO,142.281.088-73,11 5548 9101,,0,,,,,,,,,,,,,,,,,,,,
1007289,O-049,JAIR JUNIOR CALACIO JUSTINO,"02262288194",64 99223 0738,,0,,,,,,,,,,,,,,,,,,,,
1007291,O-062,CLAYTON BARBOSA DE MATOS,96893869568,,,0,,,,,,,,,,,,,,,,,,,,
1007293,O-062,LUCIANA MOREIRA DO AMOR DIVINO,72846585172,,,0,,,,,,,,,,,,,,,,,,,,
1007300,P-034,MARA RUBIA XAVIER REZENDE ROCHA,25820591100,,,0,,,,,,,,,,,,,,,,,,,,PROPRIETARIA
1007301,P-034,CASSIO JOSE ROCHA,27067394104,61 98217 2423,,0,,,,,,,,,,,,,,,,,,,,PROPRIETARIO
1007302,P-034,RHAMAR XAVIER ROCHA,"02225648240",,,0,,,,,,,,,,,,,,,,,,,,
1007303,P-034,LARISSA XAVIER ROCHA,,,,0,,,,,,,,,,,,,,,,,,,,
1007304,P-034,LORENA XAVIER ROCHA,,,,0,,,,,,,,,,,,,,,,,,,,
1007305,P-034,LUANA XAVIER ROCHA,,,,0,,,,,,,,,,,,,,,,,,,,
1007306,P-034,CAMILA DE ARAUJO SILVA,"03423067152",,,0,,,,,,,,,,,,,,,,,,,,
1007307,P-034,GABRIEL PENA FORTE,,,,0,,,,,,,,,,,,,,,,,,,,
1007308,P-034,VICTOR CARVALHO,,,,0,,,,,,,,,,,,,,,,,,,,
1007309,P-034,ARTHUR ROCHA CARVALHO,,,,0,,,,,,,,,,,,,,,,,,,,
1007310,P-034,VALENTINA ROCHA CARVALHO,,,,0,,,,,,,,,,,,,,,,,,,,
1007311,P-034,LUCAS DE ARAUJO XAVIER ROCHA,,,,0,,,,,,,,,,,,,,,,,,,,
1007312,P-034,BERNADO DE ARAUJO S. ROCHA,,,,0,,,,,,,,,,,,,,,,,,,,
1007313,P-034,MAYA XAVIER P.FORTE,,,,0,,,,,,,,,,,,,,,,,,,,
1007314,P-034,CORA ROCHA P.FORTE,,,,0,,,,,,,,,,,,,,,,,,,,
1007315,P-034,JANAINA CARDOSO LEUSE,,,,0,,,,,,,,,,,,,,,,,,,,
1007316,P-034,MARCIO LEUSE,,,,0,,,,,,,,,,,,,,,,,,,,
1007317,P-034,PEDRO HENRIQUE LEUSE,,,,0,,,,,,,,,,,,,,,,,,,,
1007318,P-034,ANA MARIA ARAUJO,48450880106,,,0,,,,,,,,,,,,,,,,,,,,
1007319,P-034,GILBERTO RAMOS,46221425115,,,0,,,,,,,,,,,,,,,,,,,,
1007320,A-063,Maria Fátima De Souza Vilarinho,16652258153,62 32598587,,0,,,serginhomed@hotmail.com,,,,,,,,,,,,,,,,,
1007324,b-066,Kaleb Gomes Ribeiro dos Santos,"01345739192",,,0,,,,,,,,,,,,,,,,,,,,
1007327,a-020,VictorAlexandre Beneti / locatário,37046726884,15  997717759,,0,,,,,,,,,,,,,,,,,,,,
1007340,A-020,ARLINDO CHAVES MARTINS  / PROPRIETÁRIO,18876285849,11  992746048,,0,,,,,,,,,,,,,,,,,,,,
1007341,a-020,Amanda locação,,,,0,,,,,,,,,,,,,,,,,,,,
1007342,a-020,Arthur Beneti/ locatário,,,,0,,,,,,,,,,,,,,,,,,,,
1007343,a-020,Carlos Gabriel/ locatário,,,,0,,,,,,,,,,,,,,,,,,,,
1007344,a-020,Ellen Luiza/ locatário,,,,0,,,,,,,,,,,,,,,,,,,,
1007345,a-020,Gabriela C Greco/ locatário,,,,0,,,,,,,,,,,,,,,,,,,,
1007346,a-020,Ingred Greco / locatário,,,,0,,,,,,,,,,,,,,,,,,,,
1007347,a-020,Mariana C Greco / locatário,,,,0,,,,,,,,,,,,,,,,,,,,
1007349,a-020,Sandra Aparecida / locatário,,,,0,,,,,,,,,,,,,,,,,,,,
1007350,g-054,Thayana Regina de Melo ( filha ),22451184809,,,0,,,,,,,,,,,,,,,,,,,,
1007353,O-021,REGINA CELIA,,,,0,,,,,,,,,,,,,,,,,,,,MAE DONA LUCIANA
1007355,a-020,Ronaldo Greco / locatário,,,,0,,,,,,,,,,,,,,,,,,,,
1007361,B-002,Virgilio Segurado Coelho,40090876172,61 981187760,,0,,,,,,,,,,,,,,,,,,,,
1007367,B-097,NICOLLY G. B . ARAUJO,"05626094132",,,0,,,,,,,,,,,,,,,,,,,,
1007371,B-097,MARCIA AURORA LOPES ARAUJO,89039572615,11 98277 3428,,0,,,,,,,,,,,,,,,,,,,,PROPRIETARIO
1007372,B-097,MATHEUS HENRIQUE LOPES ARAUJO,"05126364197",,,0,,,,,,,,,,,,,,,,,,,,
1007374,B-105,LUIZ FERNANO MENDES ARANTES,"01281296112",62985590064,,0,,,,,,,,,,,,,,,,,,,,
1007375,B-105,MARIA ODETE GOMES DA SILVA,70940983168,62984727814,,0,,,,,,,,,,,,,,,,,,,,
1007376,B-097,LINIBERG CAMARA ARAUJO,53334833887,,,0,,,,,,,,,,,,,,,,,,,,PROPRIETARIO
1007377,A-101,LUCAS RIBEIRO RODRIGUES,"05566805612",34 99106-9069,,0,,,,,,,,,,,,,,,,,,,,
1007378,P-010 / B -093,TELMA SABATINE,,,,0,,,,,,,,,,,,,,,,,,,,ALUGUEL
1007379,B-093 P-010,Gabriela Sabatine Pereira,,,,0,,,,,,,,,,,,,,,,,,,,
1007380,P-010 B-093,ROGERIO FERREIRA,"04079848870",,,0,,,,,,,,,,,,,,,,,,,,
1007381,P-010,LETICIA VALADARES,,,,0,,,,,,,,,,,,,,,,,,,,ESPOSA DO EDUARDO SABATINI
1007384,B-044,Sidnei Soares De Meneses,398.290.571-00,61 99989 3439,,0,,,sidnei.meneses@gmail.com,,,,,,,,,,,,,,,,,
1007385,B-044,VIRGINIA PAULA MEIRA DE MENESES,646.078.101-00,61 99200-1490,,0,,,,,,,,,,,,,,,,,,,,
1007386,P-007,LUIZA MEIRA DE MENESES,"08304990164",,,0,,,,,,,,,,,,,,,,,,,,
1007387,B-044,LAURA MEIRA DE MENESES,"08304965135",,,0,,,,,,,,,,,,,,,,,,,,
1007389,A-013,MARCELO CASTRO BEZERRA,75619636100,,,0,,,,,,,,,,,,,,,,,,,,
1007390,G-071,CARLA SOUZA SALATIEL QUEIROZ,69558876100,,,0,,,,,,,,,,,,,,,,,,,,
1007392,G-071,CARLOS ALBERTO QUEIROZ,"01272048144",,,0,,,,,,,,,,,,,,,,,,,,
1007393,J-058,Lukarey Gomes Machado De Jesus,"00689527160",,,0,,,,,,,,,,,,,,,,,,,,
1007395,a-086,Adriana Guerra de Carvalho,57430284191,64 984321074 / 992014648,,0,,,,,,,,,,,,,,,,,,,,
1007396,O-040,Henderson dos Reis Espindola Junior,88611400178,,,0,,,,,,,,,,,,,,,,,,,,
1007399,O-040,Camilla de Souza Artiaza Santa Cruz,"01369348118",,,0,,,,,,,,,,,,,,,,,,,,
1007400,O-040,Deed Crystt Campos Castro,75736136104,,,0,,,,,,,,,,,,,,,,,,,,
1007401,O-040,Marly Alves de Faria Campelo,42516781172,,,0,,,,,,,,,,,,,,,,,,,,
1007402,O-040,Antônio Campelo de Miranda,41898435120,,,0,,,,,,,,,,,,,,,,,,,,
1007403,O-040,Fernanda de Faria Campelo,"04907056184",,,0,,,,,,,,,,,,,,,,,,,,
1007404,O-040,Alehandra de Faria Campelo,"04168057100",,,0,,,,,,,,,,,,,,,,,,,,
1007405,O-062,JOSE GOMES DOS SANTOS,50894242472,62  999881016,,0,,,,,,,,,,,,,,,,,,,,
1007407,J-047,ALEXANDRE MARCELINO,"03273561114",,,0,,,,,,,,,,,,,,,,,,,,LOCATARIO   INICIO 07/11/2024
1007408,J-047,LAISSA GABRIELLE RODRIGUES MARIANO DE REZENDE,,,,0,,,,,,,,,,,,,,,,,,,,LOCATARIO INICIO 07/11/2024
1007409,o-062,Arthur Coimbra Gomes,"05210741184",,,0,,,,,,,,,,,,,,,,,,,,
1007412,P-048,ESTEVAO RIBEIRO CARDOSO,"09842266133",,,0,,,,,,,,,,,,,,,,,,,,(LOCAÇAO  MENSAL)
1007413,P-048,HELENA MOREIRA CARDOSO,11866169114,,,0,,,,,,,,,,,,,,,,,,,,(LOCAÇAO  MENSAL)
1007414,B-046,PEDRO LUIZ AZEVEDO MARTINS PATURY,"01190941180",62 96464 5355,,0,,,,,,,,,,,,,,,,,,,,PROPRIETARIO
1007415,B-046,KARLLA SILVA MARTINS PATURY,73492221149,,,0,,,,,,,,,,,,,,,,,,,,PROPRIETARIO
1007416,B-046,DONIZETE MARTINS DE OLIVEIRA,12260576168,,,0,,,,,,,,,,,,,,,,,,,,PROPRIETARIO
1007417,B-046,ROSIMEIRE ROSA DA SILVA MARTINS,25241427104,,,0,,,,,,,,,,,,,,,,,,,,PROPRIETARIO
1007418,B-046,BELLA MARTINS PATURY,"08618257133",,,0,,,,,,,,,,,,,,,,,,,,PROPRIETARIO
1007419,B-046,THEO MARTINS PATURY,10380807114,,,0,,,,,,,,,,,,,,,,,,,,PROPRIETARIO
1007420,B-046,GAEL MARTINS PATURY,"01434063100",,,0,,,,,,,,,,,,,,,,,,,,PROPRIETARIO
1007421,B-046,MARIA INES DE AZEVEDO PATURY,41939964172,,,0,,,,,,,,,,,,,,,,,,,,PROPRIETARIO
1007423,B-046,RAIMUNDO CARLOS PATURY,12473561168,,,0,,,,,,,,,,,,,,,,,,,,PROPRIETARIO
1007428,O-040,Sabryna Artiaza Espindola,70224651188,,,0,,,,,,,,,,,,,,,,,,,,
1007442,G-059,EDGAR D ALBERTO REZENDE,,,,0,,,,,,,,,,,,,,,,,,,,
1007443,G-059,RAMON D ALBERTO REZENDE,,,,0,,,,,,,,,,,,,,,,,,,,
1007445,G-059,JOAQUIM PEREIRA DASILVA,,,,0,,,,,,,,,,,,,,,,,,,,
1007446,G-059,ANA MARIA P.SANTOS,134938841,,,0,,,,,,,,,,,,,,,,,,,,
1007447,G-059,LIDEVALDO BARROS LIMA,"094158745",,,0,,,,,,,,,,,,,,,,,,,,
1007448,G-059,HEURIMAR B. ARAUJO DA SILA,7834065912,,,0,,,,,,,,,,,,,,,,,,,,
1007449,G-059,SELVA RENATA P.REZENDE,,,,0,,,,,,,,,,,,,,,,,,,,
1007450,P-048,THALITA MOREIRA RIBEIRO CARDOSO,"04420046139",,,0,,,,,,,,,,,,,,,,,,,,(LOCAÇAO  MENSAL)
1007451,P-048,AREFFY LUIS CARDOSO LIMA,"04472700107",64 99247 5138,,0,,,,,,,,,,,,,,,,,,,,(LOCAÇAO MENSAL)
1007452,O-040,Álvaro Antônio de Faria Campelo,70311411177,62996445662,,0,,,,,,,,,,,,,,,,,,,,
1007453,A-015,ELIZANGELA  DA SILVA,80825192153,64 98428 0376,,0,,,,,,,,,,,,,,,,,,,,"(LOCAÇAO) CARROS: MONTANA SCY9C06 ;ARGO SCX1G25 ;JEEP COMPASS RCG4769 ETIOS: RBB5J ONIX PRETO"
1007454,A-015,GEOVANNA GABRIELLY,70377098167,,,0,,,,,,,,,,,,,,,,,,,,
1007455,A-015,WARLEY DANIEL DE FARIA,"04559362181",,,0,,,,,,,,,,,,,,,,,,,,
1007459,O-020,ELIANA CASTRO LACERDA,28832519836,,,0,,,,,,,,,,,,,,,,,,,,
1007460,O-020,MARIA DAS GRAÇAS C. LACERDA,81339135,,,0,,,,,,,,,,,,,,,,,,,,
1007461,O-020,ISABEL CASTRO LACERDA,"05168113800",,,0,,,,,,,,,,,,,,,,,,,,
1007462,O-020,GILDA,,,,0,,,,,,,,,,,,,,,,,,,,
1007463,O-020,GUILHERME,,,,0,,,,,,,,,,,,,,,,,,,,
1007465,B-056,MARIA GORETT DE COUTO GOMES,32852118149,,,0,,,,,,,,,,,,,,,,,,,,
1007467,B-056,DANIEL BORGES GOMES,"09871373104",61 99981 3699,,0,,,,,,,,,,,,,,,,,,,,PROPRIETARIO
1007468,P-091,LUIZ HENRIQUE CAMPOS BARBOZA,"03651221148",,,0,,,,,,,,,,,,,,,,,,,,
1007471,P-068,WESLES PIRES FONSECA,,,,0,,,,,,,,,,,,,,,,,,,,FILHO DE PROPRIETARIO ( VIA ZAP ADMINISTRAÇAO)
1007472,J-042,PAMELA MICHELINI BRANDINI TEIXEIRA,32718805811,,,0,,,,,,,,,,,,,,,,,,,,
1007473,O-055,Cirlene Aparecida de Asiis  Coelho,64942783100,62-98554 7442,,0,,,,,,,,,,,,,,,,,,,,
1007474,O-055,ADRIANO COELHO DE ASSIS,78282497134,,,0,,,,,,,,,,,,,,,,,,,,
1007475,O-055,ANA CAROLINA COELHO CUNHA,"01892233169",,,0,,,,,,,,,,,,,,,,,,,,
1007477,O-055,GABRIEL COELHO CUNHA,73844918191,,,0,,,,,,,,,,,,,,,,,,,,
1007478,O-055,Fausto Coelho Da Silva Junior,85648922191,62 985918262,,0,,,,,,,,,,,,,,,,,,,,
1007479,O-055,KARLA TERRA DE CASTRO,81628617187,,,0,,,,,,,,,,,,,,,,,,,,
1007480,O-055,LUIZA TERRA COELHO,70927256150,,,0,,,,,,,,,,,,,,,,,,,,
1007481,O-055,LAURA TERRA COELHO,71374705136,,,0,,,,,,,,,,,,,,,,,,,,
1007483,o-006,Leandro Barbosa Fernandes,75973715131,,,0,,,,,,,,,,,,,,,,,,,,
1007484,A-013,Divina Claudia Da Silva Oliveira,435.480.831-53,62 3261 8382-998521766,,0,,,divina-claudia@hotmail.com,,,,,,,,,,,,,,,,,
1007485,O-087,sonia Ferreira Medeiros Maia,38085690187,62 99981-6317,,0,,,,,,,,,,,,,,,,,,,,
1007486,A-015,JOSE MAMEDIO DA SILVA,,,,0,,,,,,,,,,,,,,,,,,,,PAI DA LOCATARIA
1007488,A-015,LUIZA DE MARILAQUE PEREIRA CAMINHO,96426756172,,,0,,,,,,,,,,,,,,,,,,,,
1007489,A-015,MARIA APARECIDA REIS SILVA,42585040178,,,0,,,,,,,,,,,,,,,,,,,,MAE DA LOCATARIA
1007490,G-059,MARIA DONIZETE PEREIRA REZENDE,60742160106,62 98196 5331,,0,,,,,,,,,,,,,,,,,,,,PROPRIETARIA (LOTE)
1007492,A-015,WEVERSON DE CARVALHO FERNANDES,52742466134,,,0,,,,,,,,,,,,,,,,,,,,
1007493,A-015,SUELENE MARIA DOS REIS,45061823168,,,0,,,,,,,,,,,,,,,,,,,,
1007494,A-015,TAUANY CRISTINY DA SILVA LIMA,"04323697163",,,0,,,,,,,,,,,,,,,,,,,,
1007495,A-015,NATHALY DA SILVA LIMA,"04323622155",,,0,,,,,,,,,,,,,,,,,,,,
1007497,O-094 / O-033,Julia Rezende da Silva,"01319692184",,,0,,,,,,,,,,,,,,,,,,,,
1007500,p-070,Cairo Galvão Fernandes,,,,0,,,,,,,,,,,,,,,,,,,,
1007502,A-015,JOAO PEDRO BARRETO  GOMES,"02620051150",,,0,,,,,,,,,,,,,,,,,,,,
1007508,P-045,Claudia Pires de Carvalho Amaral,40279570163,62996061523,,0,,,clauidia.pires@tcmgo.tc.br,,,,,,,,,,,,,,,,,
1007509,O-033,VICTOR HUGO FERNANDES RIBEIRO,7085133317,,,0,,,,,,,,,,,,,,,,,,,,
1007511,,JOAO MARIA SERGIO,,64992523732,,0,,,,,,,,,,,,,,,,,,,,
1007512,B-048,IRIS CARLA SANTOS,65858840191,,,0,,,,,,,,,,,,,,,,,,,,
1007514,P-030,JOSY CRISTINA VALENTIM,86950924100,,,0,,,,,,,,,,,,,,,,,,,,
1007518,P-030,PATRICIA NUNES DE OLIVEIRA,83363408153,,,0,,,,,,,,,,,,,,,,,,,,
1007524,P-030,CARLOS EDUARDO DE OLIVEIRA,"02910939146",62 991340773,,0,,,,,,,,,,,,,,,,,,,,
1007527,B-087,Larissa Ennes F. dos Santos,"02018676130",,,0,,,,,,,,,,,,,,,,,,,,
1007528,P-018,MARCOS ELIAS SANTOS DA SILVA,26851520168,62 981315300,,0,,,,,,,,,,,,,,,,,,,,
1007535,b-094,Dalvaci B de Freitas,,,,0,,,,,,,,,,,,,,,,,,,,
1007536,b-094,Marcia B de Freitas,,,,0,,,,,,,,,,,,,,,,,,,,
1007537,B-094,Everton B de Freitas,,,,0,,,,,,,,,,,,,,,,,,,,
1007538,b-094,Cleberson B de Freitas,,,,0,,,,,,,,,,,,,,,,,,,,
1007541,b-094,Fatima Regina,,,,0,,,,,,,,,,,,,,,,,,,,
1007542,b-094,Roberta Bezerra,,,,0,,,,,,,,,,,,,,,,,,,,
1007543,b-094,Sebastiao Bezerra,,,,0,,,,,,,,,,,,,,,,,,,,
1007545,b-094,Isabel Fernandes,,,,0,,,,,,,,,,,,,,,,,,,,
1007551,B-094,Marcos Gondim Freitas,,,,0,,,,,,,,,,,,,,,,,,,,
1007552,b-094,Lorena Gondim Freitas,,,,0,,,,,,,,,,,,,,,,,,,,
1007553,b-094,Eric Ramos Freitas,,,,0,,,,,,,,,,,,,,,,,,,,
1007554,b-094,Jose Dionisio Filho,,,,0,,,,,,,,,,,,,,,,,,,,
1007555,b-094,Alzira Francisca Amorin,,,,0,,,,,,,,,,,,,,,,,,,,
1007558,B-094,ROSILANE BEZERRA DE FREITAS GONDIM,,62999061297,,0,,,,,,,,,,,,,,,,,,,,CPF:439.689.611-53            (LOCAÇAO)
1007559,O-050,Juliana Rodrigues,"01505892554",61 981945515,,0,,,,,,,,,,,,,,,,,,,,
1007560,O-050,Robson Ramos Paiva,017.781.301-60,61 92000-6225 64 996716737,,0,,,,,,,,,,,,,,,,,,,,Inquilino
1007562,b-111,marcello gomes C. de  França,"04524451161",,,0,,,,,,,,,,,,,,,,,,,,
1007563,O-072,KAMILLA BRAZ DE OLIVEIRA,"02304170142",,,0,,,,,,,,,,,,,,,,,,,,
1007564,G-032,TEREZILDA AUGUSTA FALEIRO SANTOS,34241752187,62 996056758,,0,,,,,,,,,,,,,,,,,,,,
1007568,J-024,MARCIA REBOUÇAS FERNANDES,33202583115,,,0,,,,,,,,,,,,,,,,,,,,
1007570,J-024,ANA FLAVIA REBOUÇAS,70166738123,,,0,,,,,,,,,,,,,,,,,,,,
1007571,J-024,BEATRIZ REBOUÇAS F.BORGES,70606287116,,,0,,,,,,,,,,,,,,,,,,,,
1007573,J-024,Vicente Jose Vita,43601049104,62981357494,,0,,,vicente.vita@hotmail.com,,,,,,,,,,,,,,,,,
1007574,j-024,Paulo Macedo Pereira Miras Ferron,70206833121,62999999604,,0,,,pauloferron@gmail.com,,,,,,,,,,,,,,,,,
1007580,B-031,Luiz Carlos Batistel Vieira,030.094.921-97,,,0,,,,,,,,,,,,,,,,,,,,
1007587,B-099,WALTER VEIGA TORRES,32030495115,62999725522,,0,,,walterveiga10@ghail.com,,,,,,,,,,,,,,,,,
1007588,B-040,Luiz Carlos Oliveira Machado,699.219.111-04,62 233 2720 / 62 223 7220,,0,,,luiz.oliveiramachado@rotmail.com,luiz.oliveiramachado@rotmail.com,,,,,,,,,,,,,,,,
1007590,O-018 -O-040 -G-011-O-022 G-029,Mauro Miguel Junior,79291740187,64 984024818,,0,,,,,,,,,,,,,,,,,,,,
1007591,P-006,ARQUIMEDES CAMELO DE PAIVA,"03883043168",61 998164655,,0,,,,,,,,,,,,,,,,,,,,
1007592,P-006,Marta Regia Ximenes Albuquerque Paiva,59719575115,61 981557280,,0,,,,,,,,,,,,,,,,,,,,
1007593,G-040,Fernando Augusto Sabino,48602450915,61 99126-0161,,0,,,,,,,,,,,,,,,,,,,,
1007594,O-078,SALLES VALLE DE MELO,,62996063436,,0,,,,,,,,,,,,,,,,,,,,
1007595,O-078,YASMIM DE C. MELLO S.,,,,0,,,,,,,,,,,,,,,,,,,,
1007596,O-078,YAGO DE C. MELLO SILVA,,,,0,,,,,,,,,,,,,,,,,,,,
1007597,J-011,Luana Silva Ribeiro,"03045183138",,,0,,,,,,,,,,,,,,,,,,,,
1007599,J-011,Lucimaia Rodrigues Ferreira,91022045172,,,0,,,,,,,,,,,,,,,,,,,,
1007600,,Anna Maria Ferreira Silva,"00367703121",,,0,,,,,,,,,,,,,,,,,,,,
1007601,,Stage de Fatima e Silva,30258936134,,,0,,,,,,,,,,,,,,,,,,,,
1007602,J-004,Raquel Lopes Gomes,886.298.051-53,62-982124255,,0,,,,,,,,,,,,,,,,,,,,Raquel e irmã da esposa do Helio Marcos
1007605,G-029,Agnes Dantas,21281754706,,,0,,,,,,,,,,,,,,,,,,,,
1007607,G-029,Aline Neves da Silva,"09707616601",,,0,,,,,,,,,,,,,,,,,,,,
1007613,J-011,PAULIE SILVA RIBEIRO,"03045981194",,,0,,,,,,,,,,,,,,,,,,,,
1007614,J-011,ANNA MARIA FERREIRA SILVA,"00367206121",,,0,,,,,,,,,,,,,,,,,,,,
1007616,O-073,BRUNA PIRES DA SILVA,85940554555,,,0,,,,,,,,,,,,,,,,,,,,
1007617,O-073,JOAO PEDRO PIRES R. TRINTADE,"08572095152",,,0,,,,,,,,,,,,,,,,,,,,
1007618,O-073,MARIA DE FATIMA R. TRINTADE,19841442191,,,0,,,,,,,,,,,,,,,,,,,,
1007622,G-075,WEVERTON  DE PAULA FERREIRA,99745313149,,,0,,,,,,,,,,,,,,,,,,,,
1007624,G-075,Roniel Martins Alves,"03315593159",62991236315,,0,,,roniel.martins97@yahoo.com,,,,,,,,,,,,,,,,,
1007625,B-100,Tales Oliveira,449.216.161-91,62 98112-4517,,0,,,,,,,,,,,,,,,,,,,,
1007628,O-073,FERNANDO RIBEIRO TRINTADE,"00813455189",62 99845 7336,,0,,,,,,,,,,,,,,,,,,,,
1007629,A-083,Marconi Edson Francisco da Conceição,"04282256168",61   991644802,,0,,,,,,,,,,,,,,,,,,,,
1007630,A-083,Maria Abadia B.da Conceição,,,,0,,,,,,,,,,,,,,,,,,,,
1007631,G-026,Rita de Cassia Vasconcelos Teixeira,,,,0,,,,,,,,,,,,,,,,,,,,
1007632,G-026,Isabella Vasconcelos Teixeira,"06797226104",,,0,,,,,,,,,,,,,,,,,,,,
1007635,J-011,ELVIS RODRIGUES RIBEIRO,96707825172,62 99926-5858       62 99627-2325,,0,,,,,,,,,,,,,,,,,,,,
1007643,B-097,THIAGO LOPES ARAUJO,"05192487161",,,0,,,,,,,,,,,,,,,,,,,,
1007644,J-011,Maiara Silva Ribeiro,"03045836134",,,0,,,,,,,,,,,,,,,,,,,,
1007645,A-047,jOAO MARIA SERGIO,52381692134,64992253732,,0,,,,duquinhamoto240105@gmail.com,,,,,,,,,,,,,,,,
1007647,O-072,RAQUEL R.DE O.VELOSO,49069438100,,,0,,,,,,,,,,,,,,,,,,,,
1007648,O-072,SERGIO V. DE OLIVEIRA,30822068168,,,0,,,,,,,,,,,,,,,,,,,,
1007649,O-072,ELIZANGELA S. DE S. OLIVEIRA,88265447191,,,0,,,,,,,,,,,,,,,,,,,,
1007651,O-072,ISAIAS RODRIGUES DE OLIVEIRA,41701321149,,,0,,,,,,,,,,,,,,,,,,,,
1007652,O-072,JADER FIOROTE ALVES,"01055871179",,,0,,,,,,,,,,,,,,,,,,,,
1007653,o-041,Phelipe Silva de Araujo,"04640001942",,,0,,,,,,,,,,,,,,,,,,,,
1007656,G-026,Daniel M. Tizzo,15825501665,,,0,,,,,,,,,,,,,,,,,,,,
1007657,G-026,Dani M. Tizzo,19205903563,,,0,,,,,,,,,,,,,,,,,,,,
1007658,G-026,Mariana Massabki Tizzo,"05696786170",,,0,,,,,,,,,,,,,,,,,,,,
1007659,P-046,Diogo Henrique Rodrigues de Araujo,859.711.381-20,62-98641 3712,,0,,,,,,,,,,,,,,,,,,,,
1007667,B-058,HEITOR HENRIQUE,"0500474419",,,0,,,,,,,,,,,,,,,,,,,,LOCAÇAO
1007668,B-058,ENZO REGIS,"05106769108",,,0,,,,,,,,,,,,,,,,,,,,LOCAÇAO
1007670,B-058,CLAUDIO HENRIQUE SILVA DE SOUSA,9293414515,,,0,,,,,,,,,,,,,,,,,,,,LOCAÇAO
1007671,G-026,Luciana Massabki Tizzo,"05347786663",64993241919,,0,,,,,,,,,,,,,,,,,,,,
1007672,G-026,Rafael Fernandes Tizzo,99582228172,34991379605,,0,,,,,,,,,,,,,,,,,,,,
1007673,B-089,Maria Luiza Cruvinel Menez,"03825246167",64993118195,,0,,,marialuizapba@gmail.com,,,,,,,,,,,,,,,,,
1007674,B-089,Alex Domingues de Melo,,,,0,,,,,,,,,,,,,,,,,,,,
1007676,B-089,Viviam Cruvinel de Melo,10331920158,,,0,,,,,,,,,,,,,,,,,,,,
1007677,,Vincy Menez de Melo,11367798125,,,0,,,,,,,,,,,,,,,,,,,,
1007678,,Viktor Menez Domingues,"02973138191",,,0,,,,,,,,,,,,,,,,,,,,
1007682,G-029 O-022,Isabel Moura Dantas,70474591700,,,0,,,,,,,,,,,,,,,,,,,,LOCAÇAO
1007684,G-029 O-022,Ernani Braga Junior,"03506139746",,,0,,,,,,,,,,,,,,,,,,,,LOCAÇAO
1007687,G-029 O-022,TARCISIO MOURA DANTAS,11725636751,,,0,,,,,,,,,,,,,,,,,,,,LOCAÇAO
1007688,G-029 O-022,Tatiane Moura Dantas,11700284703,27997465058,,0,,,tatianemdantas@gmail.com,,,,,,,,,,,,,,,,,LOCAÇAO
1007689,B-099,LUIZA MARQUES TORRES,"02880085110",,,0,,,,,,,,,,,,,,,,,,,,
1007691,B-046,Alzira Francisca de Amorim,78034680125,,,0,,,,,,,,,,,,,,,,,,,,
1007692,B-046,Samara Pereira Martins,15403756760,,,0,,,,,,,,,,,,,,,,,,,,
1007693,B-046,Rebeca Gomes Amorim,"05156228186",,,0,,,,,,,,,,,,,,,,,,,,
1007694,B-046,Patrícia Gomes Amorim,"02232920100",,,0,,,,,,,,,,,,,,,,,,,,
1007696,B-046,Ailson Santiago Martins,90139852700,62981806591,,0,,,,,,,,,,,,,,,,,,,,
1007698,G-030,Fernanda Mendes da Costa,,,,0,,,,,,,,,,,,,,,,,,,,
1007700,G-030,Anna Vitoria S Costa,71291170103,,,0,,,,,,,,,,,,,,,,,,,,
1007701,A-089,Felipe Almeida Marques,"03480700128",,,0,,,,,,,,,,,,,,,,,,,,
1007702,B-067,Anderson Camelo Lima,78878101168,"061986036817",,0,,,,,,,,,,,,,,,,,,,,
1007703,b-111,Isabella Gomes C. de França,"04524450190",,,0,,,,,,,,,,,,,,,,,,,,
1007704,b-111,Sofia C. de França Gomes,99454858149,,,0,,,,,,,,,,,,,,,,,,,,
1007708,G-068,Sandra Cristina Gonzaga Ribeiro,50453912168,,,0,,,,,,,,,,,,,,,,,,,,
1007712,O-075,Gisele Alves De Sá Quimen,73721891791,,,0,,,,,,,,,,,,,,,,,,,,
1007717,G-022,Yssane Agne da Silva Reis,,,,0,,,,,,,,,,,,,,,,,,,,
1007718,G-022,Yuri Cainã da Silva Reis,,,,0,,,,,,,,,,,,,,,,,,,,
1007719,G-022,Yan Taina da Silva Reis,,,,0,,,,,,,,,,,,,,,,,,,,
1007720,G-022,Yasmin Agueda da Silva Reis,,,,0,,,,,,,,,,,,,,,,,,,,
1007721,G-022,Israel Magno da Silva Reis,,,,0,,,,,,,,,,,,,,,,,,,,
1007722,G-022,Pedro José da Silva Reis,,,,0,,,,,,,,,,,,,,,,,,,,
1007724,A-016,Lucia de Fatima da Silva Oliveira,4128735404,6293179969,,0,,,,,,,,,,,,,,,,,,,,
1007726,A-016,Heloisa de França R S Oliveira,"05893705106",,,0,,,,,,,,,,,,,,,,,,,,
1007730,O-075,Jeferson Antônio Quimelli,37244477953,42998145511,,0,,,jefersonq@yahoo.com.br,,,,,,,,,,,,,,,,,
1007731,G-022,Magna Gomes da Silva Reis,37291424100,61998615126,,0,,,,,,,,,,,,,,,,,,,,
1007732,G-022,José Antônio dos Reis Filho,37292234100,61998140887,,0,,,reis6filho@gmail.com,,,,,,,,,,,,,,,,,
1007736,A-016,Bruce Willan Ribeiro  Borges Dourado,70636627160,,,0,,,,,,,,,,,,,,,,,,,,
1007737,O-041,Marcelo Leitão Silva,619.735.301-63,61999834938,,0,,,leitaogalego@bol.com.br,,,,,,,,,,,,,,,,,
1007738,J-058,Halex Eduardo Machado Pereira,75017130144,63 992108547,,0,,,,,,,,,,,,,,,,,,,,
1007739,B-031,Michelly Marthinelly Tavares,719.296.491-34,,,0,,,,,,,,,,,,,,,,,,,,
1007740,P-017,ADELINA MARTINS OLIVEIRA,24247871153,,,0,,,,,,,,,,,,,,,,,,,,MÃE DO PROPRIETARIO
1007741,g-005,Raphael Andre Carvalho,75005999191,62 982497812,,0,,,,,,,,,,,,,,,,,,,,
1007742,G-00,TESTE NOVO CARTAO,,,,0,,,,,,,,,,,,,,,,,,,,
1007743,P-065,Celson Maciel De Moraes,81899190163,61 98449-7299,,0,,,,,,,,,,,,,,,,,,,,
1007746,A-016,Natanael de Oliveira,75737256120,62992002005,,0,,,natanael.lrco@outlook.com,,,,,,,,,,,,,,,,,
1007748,A-016,Natalia de Oliveira,70036151181,,,0,,,,,,,,,,,,,,,,,,,,
1007749,A-016,Claudenor Gomes de Oliveira,22073604404,62992442878,,0,,,claudenor_casa@hotmail.com,,,,,,,,,,,,,,,,,
1007750,B-035,DIEGO FERREIRA CAVALCANTE,"00595109195",62-984070583,,0,,,,,,,,,,,,,,,,,,,,
1007754,A-026,ANA BEATRIZ,,,,0,,,,,,,,,,,,,,,,,,,,LOCAÇAO
1007757,A-026,LUCAS GABRIEL FRANCO,,,,0,,,,,,,,,,,,,,,,,,,,ALUGUEL
1007758,P-059,VLADEMIR RODRIGUES DE SOUZA,072.659.211-00,9666 7369 / 9642 0044,,0,,,,,,,,,,,,,,,,,,,,
1007761,A-026,MARIA HELENA CUNHA FRANCO,,62 999888 1809,,0,,,,,,,,,,,,,,,,,,,,ALUGUEL
1007762,A-026,BRAULIO FRANCO RIBEIRO JACOMINI,"06698463161",62 99888 1809,,0,,,,,,,,,,,,,,,,,,,,ALUGUEL
1007763,B-039,Gubio Moraes Brito,94143331187,,,0,,,,,,,,,,,,,,,,,,,,
1007764,B-039,Cristiane Aparecida da Silva,99803895162,,,0,,,,,,,,,,,,,,,,,,,,
1007765,B-039,Lucas Alves de Moraes Brito,"05564881133",,,0,,,,,,,,,,,,,,,,,,,,
1007767,A-081,CAMILLA CARNEIRO SILVA QUEIJA   ALUGUEL,84389150197,64999343424,,0,,,camillacsq@gmail.com,,,,,,,,,,,,,,,,,
1007768,A-081,Luiz Antônio Carreca Queija,,,,0,,,,,,,,,,,,,,,,,,,,
1007770,A-081,Lucas Silva Queija,,,,0,,,,,,,,,,,,,,,,,,,,
1007772,G-061,Luciana Martins Dos Reis Rodrigues,95100466120,,,0,,,,,,,,,,,,,,,,,,,,
1007773,A-046,Christiany Livia Sousa de Morais,"00655717110",62 994631001,,0,,,,,,,,,,,,,,,,,,,,
1007775,G-061,Charlston Cabral Rodrigues,"02329249969",,,0,,,,,,,,,,,,,,,,,,,,
1007776,G-030,JANDER BRASIL DA COSTA  / PROPRIETÁRIO,89573790106,62993932834,,0,,,,,,,,,,,,,,,,,,,,
1007777,G-030,João Vitor Silva Costa,70393984192,,,0,,,,,,,,,,,,,,,,,,,,
1007779,G-058,LILIANE ALENCAR MIRANDA,"01851776117",,,0,,,,,,,,,,,,,,,,,,,,
1007782,o-056,Samir Elias Junior,19447353134,62 984216593,,0,,,,,,,,,,,,,,,,,,,,
1007784,o-056,Laís Dutra Elias,"01330971108",62 996990306,,0,,,,,,,,,,,,,,,,,,,,
1007785,o-056,Angela Isaac Dutra Elias,33187690106,62 985077667,,0,,,,,,,,,,,,,,,,,,,,
1007786,B-034,Divina Lucia Dos Santos Machado,,62 3205 6284 / 62 98115 7439,,0,,,valtecimachado@gmail.com,,,,,,,,,,,,,,,,,
1007787,B-034,ANA CAROLINA DE MELO,"02855996155",,,0,,,,,,,,,,,,,,,,,,,,
1007788,B-034,ANA MARIA DOS S. MELO,26999650144,,,0,,,,,,,,,,,,,,,,,,,,
1007790,B-034,ANTONIO DE PAULA RODRIGUES,13124560191,,,0,,,,,,,,,,,,,,,,,,,,
1007792,B-034,MARIA JOSE S. CATANHEDE,31957943149,,,0,,,,,,,,,,,,,,,,,,,,
1007794,B-034,MATILDE FERREIRA DA SILVA,38074222187,,,0,,,,,,,,,,,,,,,,,,,,
1007795,B-034,SERGIO PEREIRA DA SILVA,10720613187,,,0,,,,,,,,,,,,,,,,,,,,
1007796,B-034,YSADORA A . S. SIMOES,,,,0,,,,,,,,,,,,,,,,,,,,
1007797,B-034,DANIEL ALCANTRA  SILVA,,,,0,,,,,,,,,,,,,,,,,,,,
1007798,B-034,PEDRO HENRIQUE S. CASTANHEDE,"05327153142",,,0,,,,,,,,,,,,,,,,,,,,
1007799,B-034,FERDINAN L. CASTANHEDE,21586977334,,,0,,,,,,,,,,,,,,,,,,,,
1007800,B-034,MARIANA DE PAULA MACHADO,"01153775140",,,0,,,,,,,,,,,,,,,,,,,,
1007801,B-034,VICTOR HENRIQUE F . MACHADO,74966847168,,,0,,,,,,,,,,,,,,,,,,,,
1007802,B-034,DANIELA C. MACHADO,,,,0,,,,,,,,,,,,,,,,,,,,
1007804,B-039,Manuela Alves Moreira de Brito,10087833158,,,0,,,,,,,,,,,,,,,,,,,,
1007805,A-081,ELISA CARNEIRO SILVA,97400610104,,,0,,,,,,,,,,,,,,,,,,,,
1007806,A-081,Carla de Almeida Silva,,,,0,,,,,,,,,,,,,,,,,,,,
1007807,A-081,CARLA DE ALMEIDA SILVA,86355830197,,,0,,,,,,,,,,,,,,,,,,,,
1007808,B-039,Isadora Silva  Rebouças,,62-999223691,,0,,,,,,,,,,,,,,,,,,,,
1007811,B-039,Isabela Rebouças e SIlva,"04302244194",62 996232122,,0,,,,,,,,,,,,,,,,,,,,
1007812,J-027,RAFAELLA RODRIGUES OLIVEIRA,"02028881186",,,0,,,,,,,,,,,,,,,,,,,,
1007813,G-033,Jose Vitor Francisco Maia,984.736.461-34,61 99912-4660,,0,,,,,,,,,,,,,,,,,,,,
1007814,P-059,Tiago Cirqueira,,,,0,,,,,,,,,,,,,,,,,,,,
1007816,A-077,Winston Luiz Alves Brito,71523650168,,,0,,,,,,,,,,,,,,,,,,,,
1007821,J-044,BRENO DANIEL VAZ OLIVEIRA,"03268281176",,,0,,,,,,,,,,,,,,,,,,,,
1007822,J-044,ELZA ALENCAR,22428438115,,,0,,,,,,,,,,,,,,,,,,,,
1007823,J-044,KELLY MENDES ALENCAR,,,,0,,,,,,,,,,,,,,,,,,,,
1007824,J-044,CHRISTOPHAN MENDES ALENCAR,12381449183,,,0,,,,,,,,,,,,,,,,,,,,
1007825,J-044,GEORGE AUGUSTO VAZ ROCHA,75684314104,,,0,,,,,,,,,,,,,,,,,,,,
1007826,P-072,João Batista de Sousa Junior,786.868.811-49,62 98494-8592,,0,,,,,,,,,,,,,,,,,,,,
1007831,A-070,Thays  Aparecida Alencar Rezende,70646292161,62 98507-1942,,0,,,,,,,,,,,,,,,,,,,,
1007847,A-067,Luciana Ribeiro de O. Prado,87116685120,64 992721562   64 992721562,,0,,,,,,,,,,,,,,,,,,,,
1007848,A-067,Alfredo  ( filho ),"08916003105",,,0,,,,,,,,,,,,,,,,,,,,
1007849,A-067,Alfredo Silva Neto,57796963149,,,0,,,,,,,,,,,,,,,,,,,,
1007850,A-067,Eduarda,,,,0,,,,,,,,,,,,,,,,,,,,
1007851,B-058,HELENICE R. DE MELO,80056415168,,,0,,,,,,,,,,,,,,,,,,,,LOCAÇAO
1007852,O-021,Claudete Bonemamn,54726867172,64992525038,,0,,,,,,,,,,,,,,,,,,,,
1007853,O-021,Alice Bonemamn Cunha,"07055483174",,,0,,,,,,,,,,,,,,,,,,,,
1007854,O-021,Danielo Claro dos Santos,"02536057178",,,0,,,,,,,,,,,,,,,,,,,,
1007855,O-021,Enzo Samuel Bonemamn,11451860170,,,0,,,,,,,,,,,,,,,,,,,,
1007856,O-021,Felipe Bonemamn Costa,70001420143,,,0,,,,,,,,,,,,,,,,,,,,
1007857,O-021,Fernanda Bonemamn,70001419137,,,0,,,,,,,,,,,,,,,,,,,,
1007858,O-021,Thaisa Cardozo de souza,"04772236139",,,0,,,,,,,,,,,,,,,,,,,,
1007859,O-021,Jose Felipe,,,,0,,,,,,,,,,,,,,,,,,,,
1007860,p-029,Paulo henrrique rodrigues de sousa,86541781168,"062999812147",,0,,,,,,,,,,,,,,,,,,,,
1007861,O-078,Adriana de Carvalho Melo,520.364.801-87,62996063436,,0,,,,,,,,,,,,,,,,,,,,
1007862,O-059,JOSE SANTOS M.M.JUNIOR,70083140190,,,0,,,,,,,,,,,,,,,,,,,,
1007863,P-022,CLAUDIA CRISTINA MEDEIROS DE LIMA,47281448104,,,0,,,,,,,,,,,,,,,,,,,,OBS :ERA PARA TER LAÇANDO DIA 14/08/  E NAO FOI FEITO
1007868,B-097,TAYNARA JAIME,"01909385107",,,0,,,,,,,,,,,,,,,,,,,,
1007873,A-083,MARCIO LUIZ DA COSTA NETO,70319268152,,,0,,,,,,,,,,,,,,,,,,,,LOCAÇAO
1007874,A-083,JOAO AUGUSTO,10870875116,,,0,,,,,,,,,,,,,,,,,,,,LOCAÇAO
1007875,A-083,MARIA JULIA RODRIGUES GODOY,10749820101,,,0,,,,,,,,,,,,,,,,,,,,LOCAÇAO
1007876,A-083,JULIANA RODRIGUES CASSIA GODOY,"03768524108",,,0,,,,,,,,,,,,,,,,,,,,LOCAÇAO
1007877,A-083,LUCAS GODOY REZENDE,75141698149,62 99909 0055,,0,,,,,,,,,,,,,,,,,,,,LOCAÇAO
1007880,O-074,MARIA ELZA DE ANDRADE CARVALHO,35309963191,,,0,,,,,,,,,,,,,,,,,,,,
1007883,o-074,Maria Jose de Andrade,19615132187,,,0,,,,,,,,,,,,,,,,,,,,
